{
"type": "FeatureCollection",
"name": "corridors",
"crs": { "type": "name", "properties": { "name": "urn:ogc:def:crs:OGC:1.3:CRS84" } },
"features": [
{ "type": "Feature", "properties": { "corridor_id": 462, "rank": 1, "name": "SUTPHIN BOULEVARD (Queens)", "street": "SUTPHIN BOULEVARD", "borough": "Queens", "n_blocks": 34, "n_routes": 13, "routes": [ "Q06", "Q08", "Q09", "Q1", "Q20", "Q24", "Q25", "Q40", "Q41", "Q43", "Q44+", "Q60", "Q65" ], "peak_period": "pm", "hourly_pax": [ 8995, 7216, 4364, 3743, 4811, 9235, 35072, 59080, 77179, 50447, 58090, 59006, 48213, 55305, 61764, 99613, 113770, 116319, 114004, 44566, 29912, 24838, 14966, 10771 ], "miles": 1.44, "pax_delay_min": 1241403, "veh_delay_min": 95554, "riders_20d": 223989, "bus_trips_20d": 14801, "rider_block_crossings": 7615610, "bus_block_crossings": 503240, "min_per_bus": 3.72, "sec_per_rider": 223, "riders_per_delayed_bus_min": 13.0, "riders_per_bus": 15.1, "pax_delay_per_mile": 864509, "veh_delay_per_mile": 66544, "buses_per_day": 740, "riders_per_day": 11199, "share_of_city_delay_pct": 6.217, "cum_share_pct": 6.22, "pax_am": 221778, "veh_am": 17260, "riders_am": 1505349, "share_am_pct": 20.0, "pax_md": 282377, "veh_md": 18005, "riders_md": 1610027, "share_md_pct": 25.4, "pax_pm": 443706, "veh_pm": 26681, "riders_pm": 1685849, "share_pm_pct": 39.9, "pax_ev": 125053, "veh_ev": 13520, "riders_ev": 874368, "share_ev_pct": 11.3, "pax_night": 38363, "veh_night": 5161, "riders_night": 381409, "share_night_pct": 3.5 }, "geometry": { "type": "MultiLineString", "coordinates": [ [ [ -73.799238557460328, 40.692865831922347 ], [ -73.798823413867211, 40.692480361800577 ] ], [ [ -73.796101271257243, 40.689281748472368 ], [ -73.795614867921472, 40.688656891140667 ] ], [ [ -73.805739256967996, 40.697261901299221 ], [ -73.805494952132136, 40.696865793794757 ] ], [ [ -73.796766944114154, 40.689967101855999 ], [ -73.796647198659144, 40.689849841760314 ] ], [ [ -73.801416983431963, 40.694066657077059 ], [ -73.800681308476683, 40.693861805850872 ] ], [ [ -73.79715345704706, 40.69040606488462 ], [ -73.796766944114154, 40.689967101855999 ] ], [ [ -73.796647198659144, 40.689849841760314 ], [ -73.796101271257243, 40.689281748472368 ] ], [ [ -73.800187975313932, 40.69358921072233 ], [ -73.799748418965336, 40.69334781139829 ] ], [ [ -73.803710262386545, 40.695637910332017 ], [ -73.80291206640463, 40.69508986168146 ] ], [ [ -73.802112526131978, 40.694544498022118 ], [ -73.801416983431963, 40.694066657077059 ] ], [ [ -73.809689853955476, 40.705746255394153 ], [ -73.809267896359188, 40.704847943554583 ] ], [ [ -73.807268104670086, 40.699594471839795 ], [ -73.806957294690704, 40.699015514402348 ] ], [ [ -73.808788180352451, 40.703821957948811 ], [ -73.808438898007111, 40.703027096767357 ] ], [ [ -73.797332616300409, 40.690628339960185 ], [ -73.79715345704706, 40.69040606488462 ] ], [ [ -73.798277133333414, 40.691933630366634 ], [ -73.798031030637546, 40.691620935917541 ] ], [ [ -73.798823413867211, 40.692480361800577 ], [ -73.798277133333414, 40.691933630366634 ] ], [ [ -73.807927146148884, 40.701765533282405 ], [ -73.807880900790849, 40.701188073435752 ] ], [ [ -73.806957294690704, 40.699015514402348 ], [ -73.806465755960588, 40.698408435955081 ] ], [ [ -73.797794062442435, 40.69128112430829 ], [ -73.797601266617889, 40.691001643780901 ] ], [ [ -73.797601266617889, 40.691001643780901 ], [ -73.797332616300409, 40.690628339960185 ] ], [ [ -73.80291206640463, 40.69508986168146 ], [ -73.802112526131978, 40.694544498022118 ] ], [ [ -73.805494952132136, 40.696865793794757 ], [ -73.804489837739808, 40.696169307635088 ] ], [ [ -73.807742009480393, 40.70058168782581 ], [ -73.807465165999673, 40.700004913858002 ] ], [ [ -73.809267896359188, 40.704847943554583 ], [ -73.808788180352451, 40.703821957948811 ] ], [ [ -73.807465165999673, 40.700004913858002 ], [ -73.807268104670086, 40.699594471839795 ] ], [ [ -73.798031030637546, 40.691620935917541 ], [ -73.797794062442435, 40.69128112430829 ] ], [ [ -73.800513623819455, 40.693767673079307 ], [ -73.800187975313932, 40.69358921072233 ] ], [ [ -73.804489837739808, 40.696169307635088 ], [ -73.803710262386545, 40.695637910332017 ] ], [ [ -73.808438898007111, 40.703027096767357 ], [ -73.807927146148884, 40.701765533282405 ] ], [ [ -73.799748418965336, 40.69334781139829 ], [ -73.799436785164332, 40.69305059411959 ] ], [ [ -73.799436785164332, 40.69305059411959 ], [ -73.799238557460328, 40.692865831922347 ] ], [ [ -73.800681308476683, 40.693861805850872 ], [ -73.800513623819455, 40.693767673079307 ] ], [ [ -73.806465755960588, 40.698408435955081 ], [ -73.805739256967996, 40.697261901299221 ] ], [ [ -73.807880900790849, 40.701188073435752 ], [ -73.807742009480393, 40.70058168782581 ] ] ] } },
{ "type": "Feature", "properties": { "corridor_id": 453, "rank": 2, "name": "MAIN STREET (Queens)", "street": "MAIN STREET", "borough": "Queens", "n_blocks": 22, "n_routes": 13, "routes": [ "Q12", "Q17", "Q19", "Q20", "Q25", "Q26", "Q27", "Q44+", "Q50", "Q61", "Q63", "Q65", "Q66" ], "peak_period": "md", "hourly_pax": [ 6746, 5603, 4512, 4204, 4224, 8181, 20726, 29361, 35455, 36215, 37432, 37258, 41781, 40130, 44221, 36267, 41632, 44278, 43704, 29434, 26041, 17194, 12810, 9384 ], "miles": 1.09, "pax_delay_min": 769406, "veh_delay_min": 82271, "riders_20d": 191887, "bus_trips_20d": 18970, "rider_block_crossings": 4221513, "bus_block_crossings": 417345, "min_per_bus": 2.69, "sec_per_rider": 161, "riders_per_delayed_bus_min": 9.4, "riders_per_bus": 10.1, "pax_delay_per_mile": 707296, "veh_delay_per_mile": 75630, "buses_per_day": 949, "riders_per_day": 9594, "share_of_city_delay_pct": 3.853, "cum_share_pct": 10.07, "pax_am": 121758, "veh_am": 11942, "riders_am": 794903, "share_am_pct": 19.7, "pax_md": 200821, "veh_md": 19684, "riders_md": 817442, "share_md_pct": 32.6, "pax_pm": 165881, "veh_pm": 16070, "riders_pm": 840931, "share_pm_pct": 26.9, "pax_ev": 94863, "veh_ev": 12781, "riders_ev": 501816, "share_ev_pct": 15.4, "pax_night": 33470, "veh_night": 4351, "riders_night": 268659, "share_night_pct": 5.4 }, "geometry": { "type": "MultiLineString", "coordinates": [ [ [ -73.826886929894201, 40.752489879355288 ], [ -73.826362267070138, 40.751858617579373 ] ], [ [ -73.829636211665303, 40.758549779425124 ], [ -73.829469302675633, 40.7581935354157 ] ], [ [ -73.827825258366943, 40.754250895027276 ], [ -73.827375103126002, 40.753309497482945 ] ], [ [ -73.830139595811957, 40.75957044555031 ], [ -73.829841598352189, 40.758962280678283 ] ], [ [ -73.829841598352189, 40.758962280678283 ], [ -73.829700896946733, 40.758683617930984 ] ], [ [ -73.830743559806606, 40.760793690565805 ], [ -73.830483313684226, 40.760271059083472 ] ], [ [ -73.830483313684226, 40.760271059083472 ], [ -73.830139595811957, 40.75957044555031 ] ], [ [ -73.825844409701318, 40.749348391007231 ], [ -73.825879236024534, 40.749093896862739 ] ], [ [ -73.832066362344619, 40.763114468936884 ], [ -73.831958068607761, 40.762953495441394 ] ], [ [ -73.825739381485263, 40.750183534156179 ], [ -73.825844409701318, 40.749348391007231 ] ], [ [ -73.829134056460774, 40.757522647214984 ], [ -73.828791532026983, 40.756672645597092 ] ], [ [ -73.827375103126002, 40.753309497482945 ], [ -73.826886929894201, 40.752489879355288 ] ], [ [ -73.828791532026983, 40.756672645597092 ], [ -73.828280051679158, 40.75539173255823 ] ], [ [ -73.828280051679158, 40.75539173255823 ], [ -73.827825258366943, 40.754250895027276 ] ], [ [ -73.829700896946733, 40.758683617930984 ], [ -73.829636211665303, 40.758549779425124 ] ], [ [ -73.83111884562463, 40.761548135893641 ], [ -73.830743559806606, 40.760793690565805 ] ], [ [ -73.831958068607761, 40.762953495441394 ], [ -73.831881626269038, 40.762828987558407 ] ], [ [ -73.826362267070138, 40.751858617579373 ], [ -73.825765573199675, 40.750969023278742 ] ], [ [ -73.831881626269038, 40.762828987558407 ], [ -73.83111884562463, 40.761548135893641 ] ], [ [ -73.825879236024534, 40.749093896862739 ], [ -73.82598638088929, 40.748310923451562 ] ], [ [ -73.829469302675633, 40.7581935354157 ], [ -73.829134056460774, 40.757522647214984 ] ], [ [ -73.825765573199675, 40.750969023278742 ], [ -73.825739381485263, 40.750183534156179 ] ] ] } },
{ "type": "Feature", "properties": { "corridor_id": 192, "rank": 3, "name": "FLATBUSH AVENUE (Brooklyn)", "street": "FLATBUSH AVENUE", "borough": "Brooklyn", "n_blocks": 92, "n_routes": 15, "routes": [ "B100", "B103", "B11", "B2", "B41", "B44+", "B46", "B46+", "B49", "B6", "B82", "B9", "BM1", "BM2", "Q35" ], "peak_period": "md", "hourly_pax": [ 5689, 6418, 5185, 5119, 6296, 6442, 18001, 25745, 30477, 32813, 33412, 42681, 44480, 41038, 44616, 46086, 47598, 44275, 45338, 19524, 14126, 11913, 6219, 5334 ], "miles": 4.53, "pax_delay_min": 574254, "veh_delay_min": 82762, "riders_20d": 95131, "bus_trips_20d": 10095, "rider_block_crossings": 8752052, "bus_block_crossings": 928754, "min_per_bus": 7.59, "sec_per_rider": 455, "riders_per_delayed_bus_min": 6.9, "riders_per_bus": 9.4, "pax_delay_per_mile": 126672, "veh_delay_per_mile": 18256, "buses_per_day": 505, "riders_per_day": 4757, "share_of_city_delay_pct": 2.876, "cum_share_pct": 12.95, "pax_am": 107037, "veh_am": 15144, "riders_am": 1276108, "share_am_pct": 18.2, "pax_md": 206226, "veh_md": 20816, "riders_md": 2099394, "share_md_pct": 35.0, "pax_pm": 183297, "veh_pm": 21051, "riders_pm": 2086101, "share_pm_pct": 31.1, "pax_ev": 57117, "veh_ev": 15023, "riders_ev": 815102, "share_ev_pct": 9.7, "pax_night": 35149, "veh_night": 5149, "riders_night": 347896, "share_night_pct": 6.0 }, "geometry": { "type": "MultiLineString", "coordinates": [ [ [ -73.953600047099229, 40.638422347416245 ], [ -73.952789253497315, 40.637649921414479 ] ], [ [ -73.954767632631416, 40.639624446774157 ], [ -73.954273584121864, 40.639115539208241 ] ], [ [ -73.955716000547937, 40.6405825262284 ], [ -73.955638206936939, 40.640503926187868 ] ], [ [ -73.954273584121864, 40.639115539208241 ], [ -73.954043585958672, 40.638877548615987 ] ], [ [ -73.954043585958672, 40.638877548615987 ], [ -73.953748537826527, 40.638586337715537 ] ], [ [ -73.936730464440771, 40.6224956184573 ], [ -73.936636112832602, 40.622401507411794 ] ], [ [ -73.935380147802604, 40.621215570252311 ], [ -73.934988726431314, 40.620866316821171 ] ], [ [ -73.957463598773927, 40.642371669814011 ], [ -73.957070310242159, 40.641960671509253 ] ], [ [ -73.931731792766399, 40.617926920945351 ], [ -73.930602445913692, 40.616922262908616 ] ], [ [ -73.925092260462279, 40.612220695204172 ], [ -73.92425890668224, 40.611532393431773 ] ], [ [ -73.925272461804681, 40.612095387435012 ], [ -73.924471206617568, 40.611392349292004 ] ], [ [ -73.93722577619171, 40.622958784862895 ], [ -73.936730464440771, 40.6224956184573 ] ], [ [ -73.925202841081628, 40.612367777344289 ], [ -73.925170166888648, 40.612284340655954 ] ], [ [ -73.927444090442833, 40.6140094234377 ], [ -73.926370683546509, 40.613049478757176 ] ], [ [ -73.927761300336741, 40.614373424606349 ], [ -73.927725445268649, 40.614299532511396 ] ], [ [ -73.951971476123092, 40.636901062508691 ], [ -73.951088314037889, 40.636075906821766 ] ], [ [ -73.934988726431314, 40.620866316821171 ], [ -73.934180582050317, 40.620119109514214 ] ], [ [ -73.939862574059418, 40.625445710895832 ], [ -73.939556983286167, 40.625158492154469 ] ], [ [ -73.928429854202761, 40.614972779727673 ], [ -73.928089353802534, 40.614667884891269 ] ], [ [ -73.918610022235654, 40.606054980619369 ], [ -73.918275227356702, 40.605853953456396 ] ], [ [ -73.918475191236965, 40.606145567664939 ], [ -73.918275227356702, 40.605853953456396 ] ], [ [ -73.925945949972643, 40.613074249416137 ], [ -73.925202841081628, 40.612367777344289 ] ], [ [ -73.927761300336741, 40.614373424606349 ], [ -73.92766355132494, 40.614318341258972 ] ], [ [ -73.949449782041142, 40.634507482331315 ], [ -73.948775067990454, 40.633933048675551 ] ], [ [ -73.938577969411, 40.624228573498783 ], [ -73.937984294434742, 40.623677775869169 ] ], [ [ -73.936128640249848, 40.62192176246608 ], [ -73.935380147802604, 40.621215570252311 ] ], [ [ -73.940998090806929, 40.626543376241351 ], [ -73.940112712743243, 40.625680958891309 ] ], [ [ -73.957070310242159, 40.641960671509253 ], [ -73.955716000547937, 40.6405825262284 ] ], [ [ -73.933537057447779, 40.619571681473239 ], [ -73.932705771147496, 40.618812617494406 ] ], [ [ -73.929898844943537, 40.616294271822817 ], [ -73.929460948132544, 40.615896820182812 ] ], [ [ -73.923779117387795, 40.610790631807774 ], [ -73.923692778373564, 40.610715570237183 ] ], [ [ -73.92425890668224, 40.611532393431773 ], [ -73.923559322283936, 40.610913596515836 ] ], [ [ -73.925421006308383, 40.612224231821635 ], [ -73.925346728216894, 40.612159814314985 ] ], [ [ -73.922588927016406, 40.609750841723326 ], [ -73.922546970061575, 40.6097080116595 ] ], [ [ -73.952789253497315, 40.637649921414479 ], [ -73.951971476123092, 40.636901062508691 ] ], [ [ -73.955638206936939, 40.640503926187868 ], [ -73.954767632631416, 40.639624446774157 ] ], [ [ -73.937984294434742, 40.623677775869169 ], [ -73.93722577619171, 40.622958784862895 ] ], [ [ -73.936531578076526, 40.622302680603255 ], [ -73.936128640249848, 40.62192176246608 ] ], [ [ -73.944539950984137, 40.629866562690033 ], [ -73.944155352714972, 40.629508284676604 ] ], [ [ -73.925264984690571, 40.61233601107979 ], [ -73.925170166888648, 40.612284340655954 ] ], [ [ -73.939967991724103, 40.625545931099388 ], [ -73.939862574059418, 40.625445710895832 ] ], [ [ -73.924471206617568, 40.611392349292004 ], [ -73.923779117387795, 40.610790631807774 ] ], [ [ -73.920630647939674, 40.608256332925805 ], [ -73.919596947128099, 40.607361657288997 ] ], [ [ -73.919596947128099, 40.607361657288997 ], [ -73.918475191236965, 40.606145567664939 ] ], [ [ -73.927725445268649, 40.614299532511396 ], [ -73.927444090442833, 40.6140094234377 ] ], [ [ -73.927396265108399, 40.614098995137972 ], [ -73.926297699237452, 40.613192155278611 ] ], [ [ -73.939556983286167, 40.625158492154469 ], [ -73.938577969411, 40.624228573498783 ] ], [ [ -73.944155352714972, 40.629508284676604 ], [ -73.943331980911083, 40.628730805436653 ] ], [ [ -73.941199113287155, 40.626715604503339 ], [ -73.940998090806929, 40.626543376241351 ] ], [ [ -73.947699318030658, 40.632884747404844 ], [ -73.946745609616798, 40.631957473218826 ] ], [ [ -73.932705771147496, 40.618812617494406 ], [ -73.932462455692445, 40.618601320610544 ] ], [ [ -73.953748537826527, 40.638586337715537 ], [ -73.953600047099229, 40.638422347416245 ] ], [ [ -73.926370683546509, 40.613049478757176 ], [ -73.926296359065091, 40.612983008185466 ] ], [ [ -73.926315989875789, 40.613439675584246 ], [ -73.925945949972643, 40.613074249416137 ] ], [ [ -73.926297699237452, 40.613192155278611 ], [ -73.926127781315373, 40.613057769740223 ] ], [ [ -73.926127781315373, 40.613057769740223 ], [ -73.925264984690571, 40.61233601107979 ] ], [ [ -73.943331980911083, 40.628730805436653 ], [ -73.942274294596459, 40.627723579152956 ] ], [ [ -73.957636446566752, 40.642689499373667 ], [ -73.957463598773927, 40.642371669814011 ] ], [ [ -73.923559322283936, 40.610913596515836 ], [ -73.923474944323132, 40.610838958785209 ] ], [ [ -73.922982277170263, 40.610097815953488 ], [ -73.922649998753855, 40.609806985368571 ] ], [ [ -73.920828564733654, 40.608127181829474 ], [ -73.919849298724415, 40.607221397119346 ] ], [ [ -73.923474944323132, 40.610838958785209 ], [ -73.922916070928736, 40.610353177563745 ] ], [ [ -73.925346728216894, 40.612159814314985 ], [ -73.925272461804681, 40.612095387435012 ] ], [ [ -73.936636112832602, 40.622401507411794 ], [ -73.936531578076526, 40.622302680603255 ] ], [ [ -73.922322015132593, 40.609848971731985 ], [ -73.920630647939674, 40.608256332925805 ] ], [ [ -73.946652327885502, 40.631870165173595 ], [ -73.946479617746434, 40.631708161569698 ] ], [ [ -73.946745609616798, 40.631957473218826 ], [ -73.946652327885502, 40.631870165173595 ] ], [ [ -73.940112712743243, 40.625680958891309 ], [ -73.939967991724103, 40.625545931099388 ] ], [ [ -73.930602445913692, 40.616922262908616 ], [ -73.929898844943537, 40.616294271822817 ] ], [ [ -73.92766355132494, 40.614318341258972 ], [ -73.927396265108399, 40.614098995137972 ] ], [ [ -73.923109811656573, 40.610208701059413 ], [ -73.922982277170263, 40.610097815953488 ] ], [ [ -73.922649998753855, 40.609806985368571 ], [ -73.922588927016406, 40.609750841723326 ] ], [ [ -73.942274294596459, 40.627723579152956 ], [ -73.941814358201484, 40.627314366948575 ] ], [ [ -73.949778138433146, 40.634814577522214 ], [ -73.949449782041142, 40.634507482331315 ] ], [ [ -73.948775067990454, 40.633933048675551 ], [ -73.947699318030658, 40.632884747404844 ] ], [ [ -73.934180582050317, 40.620119109514214 ], [ -73.933537057447779, 40.619571681473239 ] ], [ [ -73.941814358201484, 40.627314366948575 ], [ -73.941199113287155, 40.626715604503339 ] ], [ [ -73.926296359065091, 40.612983008185466 ], [ -73.925421006308383, 40.612224231821635 ] ], [ [ -73.928089353802534, 40.614667884891269 ], [ -73.927761300336741, 40.614373424606349 ] ], [ [ -73.929460948132544, 40.615896820182812 ], [ -73.928429854202761, 40.614972779727673 ] ], [ [ -73.932462455692445, 40.618601320610544 ], [ -73.931731792766399, 40.617926920945351 ] ], [ [ -73.922546970061575, 40.6097080116595 ], [ -73.920828564733654, 40.608127181829474 ] ], [ [ -73.925170166888648, 40.612284340655954 ], [ -73.925092260462279, 40.612220695204172 ] ], [ [ -73.923692778373564, 40.610715570237183 ], [ -73.923109811656573, 40.610208701059413 ] ], [ [ -73.919849298724415, 40.607221397119346 ], [ -73.918610022235654, 40.606054980619369 ] ], [ [ -73.94480816123945, 40.630127166796768 ], [ -73.944539950984137, 40.629866562690033 ] ], [ [ -73.951088314037889, 40.636075906821766 ], [ -73.949778138433146, 40.634814577522214 ] ], [ [ -73.946479617746434, 40.631708161569698 ], [ -73.945674436258173, 40.630946192783185 ] ], [ [ -73.945674436258173, 40.630946192783185 ], [ -73.945510955077452, 40.630791482501202 ] ], [ [ -73.945510955077452, 40.630791482501202 ], [ -73.945448780661138, 40.630732713428671 ] ], [ [ -73.945448780661138, 40.630732713428671 ], [ -73.94480816123945, 40.630127166796768 ] ], [ [ -73.918275227356702, 40.605853953456396 ], [ -73.913037002255649, 40.601128483047383 ] ] ] } },
{ "type": "Feature", "properties": { "corridor_id": 203, "rank": 4, "name": "FLATBUSH AVENUE (Brooklyn)", "street": "FLATBUSH AVENUE", "borough": "Brooklyn", "n_blocks": 23, "n_routes": 6, "routes": [ "B103", "B41", "B45", "B63", "B67", "B69" ], "peak_period": "md", "hourly_pax": [ 1364, 910, 466, 455, 733, 1952, 6005, 15686, 24752, 34012, 30757, 22789, 30533, 30033, 29391, 31146, 35601, 31798, 40831, 23629, 14725, 4382, 4010, 2336 ], "miles": 1.02, "pax_delay_min": 428943, "veh_delay_min": 54294, "riders_20d": 76169, "bus_trips_20d": 10954, "rider_block_crossings": 1751881, "bus_block_crossings": 251938, "min_per_bus": 5.19, "sec_per_rider": 311, "riders_per_delayed_bus_min": 7.9, "riders_per_bus": 7.0, "pax_delay_per_mile": 422057, "veh_delay_per_mile": 53422, "buses_per_day": 548, "riders_per_day": 3808, "share_of_city_delay_pct": 2.148, "cum_share_pct": 15.09, "pax_am": 80456, "veh_am": 8256, "riders_am": 239906, "share_am_pct": 19.2, "pax_md": 143502, "veh_md": 12201, "riders_md": 539327, "share_md_pct": 34.3, "pax_pm": 139377, "veh_pm": 16656, "riders_pm": 389015, "share_pm_pct": 33.3, "pax_ev": 49083, "veh_ev": 10096, "riders_ev": 171699, "share_ev_pct": 11.7, "pax_night": 5880, "veh_night": 1476, "riders_night": 60831, "share_night_pct": 1.4 }, "geometry": { "type": "MultiLineString", "coordinates": [ [ [ -73.973508833715883, 40.678639120339895 ], [ -73.973052516946353, 40.677998676983584 ] ], [ [ -73.972716150274849, 40.677522810590581 ], [ -73.972444925241632, 40.677162008495593 ] ], [ [ -73.979840558611897, 40.687344331082045 ], [ -73.979590377093373, 40.6870039018944 ] ], [ [ -73.978994029294256, 40.686156132385079 ], [ -73.978274160541602, 40.685195951763568 ] ], [ [ -73.97469118366142, 40.680266616201244 ], [ -73.974310481740844, 40.679734823104056 ] ], [ [ -73.974310481740844, 40.679734823104056 ], [ -73.973508833715883, 40.678639120339895 ] ], [ [ -73.972444925241632, 40.677162008495593 ], [ -73.971885968475078, 40.676394653067746 ] ], [ [ -73.975143167808113, 40.680871905392991 ], [ -73.97469118366142, 40.680266616201244 ] ], [ [ -73.973052516946353, 40.677998676983584 ], [ -73.972716150274849, 40.677522810590581 ] ], [ [ -73.971049191218242, 40.675237112877106 ], [ -73.97078154283659, 40.674854659614574 ] ], [ [ -73.978077296370358, 40.68491493983182 ], [ -73.977457220940536, 40.684052286708145 ] ], [ [ -73.975834057221348, 40.681835629827468 ], [ -73.975143167808113, 40.680871905392991 ] ], [ [ -73.977457220940536, 40.684052286708145 ], [ -73.976666594481898, 40.682972214382914 ] ], [ [ -73.980127561753747, 40.687750008728216 ], [ -73.979840558611897, 40.687344331082045 ] ], [ [ -73.978274160541602, 40.685195951763568 ], [ -73.978077296370358, 40.68491493983182 ] ], [ [ -73.976666594481898, 40.682972214382914 ], [ -73.976568723579106, 40.682827058612965 ] ], [ [ -73.979362976648602, 40.686682000147329 ], [ -73.97909065790202, 40.686293865590123 ] ], [ [ -73.97909065790202, 40.686293865590123 ], [ -73.978994029294256, 40.686156132385079 ] ], [ [ -73.971885968475078, 40.676394653067746 ], [ -73.971422928590954, 40.675754633176687 ] ], [ [ -73.979590377093373, 40.6870039018944 ], [ -73.979362976648602, 40.686682000147329 ] ], [ [ -73.976568723579106, 40.682827058612965 ], [ -73.976316284895034, 40.682508612219756 ] ], [ [ -73.976316284895034, 40.682508612219756 ], [ -73.975834057221348, 40.681835629827468 ] ], [ [ -73.971422928590954, 40.675754633176687 ], [ -73.971049191218242, 40.675237112877106 ] ] ] } },
{ "type": "Feature", "properties": { "corridor_id": 436, "rank": 5, "name": "GUY R BREWER BOULEVARD (Queens)", "street": "GUY R BREWER BOULEVARD", "borough": "Queens", "n_blocks": 93, "n_routes": 8, "routes": [ "Q111", "Q112", "Q113", "Q114", "Q115", "Q77", "QM21", "QM65" ], "peak_period": "md", "hourly_pax": [ 7453, 6812, 7027, 6226, 5817, 8154, 11302, 17655, 21700, 23993, 25362, 23005, 24052, 25090, 20200, 16267, 17006, 24796, 25557, 14475, 10813, 11758, 11413, 7875 ], "miles": 4.24, "pax_delay_min": 377385, "veh_delay_min": 33349, "riders_20d": 130087, "bus_trips_20d": 9179, "rider_block_crossings": 12098080, "bus_block_crossings": 853679, "min_per_bus": 3.41, "sec_per_rider": 204, "riders_per_delayed_bus_min": 11.3, "riders_per_bus": 14.2, "pax_delay_per_mile": 89037, "veh_delay_per_mile": 7868, "buses_per_day": 459, "riders_per_day": 6504, "share_of_city_delay_pct": 1.89, "cum_share_pct": 16.98, "pax_am": 74651, "veh_am": 4782, "riders_am": 2474655, "share_am_pct": 20.0, "pax_md": 117710, "veh_md": 7895, "riders_md": 2322423, "share_md_pct": 31.5, "pax_pm": 83626, "veh_pm": 6017, "riders_pm": 2619546, "share_pm_pct": 22.4, "pax_ev": 56335, "veh_ev": 6158, "riders_ev": 1276551, "share_ev_pct": 15.1, "pax_night": 41489, "veh_night": 3437, "riders_night": 840274, "share_night_pct": 11.1 }, "geometry": { "type": "MultiLineString", "coordinates": [ [ [ -73.783015546892415, 40.684277450292562 ], [ -73.782651993701819, 40.683656848373985 ] ], [ [ -73.770355269377589, 40.666401238493926 ], [ -73.769974657288287, 40.66590992061591 ] ], [ [ -73.781185313140057, 40.681144337741955 ], [ -73.781054299844499, 40.680909152238691 ] ], [ [ -73.769974657288287, 40.66590992061591 ], [ -73.76941278088826, 40.665178745362887 ] ], [ [ -73.768178343470055, 40.661677512229332 ], [ -73.768067938503805, 40.661001575856446 ] ], [ [ -73.793577087306019, 40.699756471824294 ], [ -73.792402961317279, 40.698152038100972 ] ], [ [ -73.782285293925881, 40.683030926495285 ], [ -73.782014817488886, 40.682568206218377 ] ], [ [ -73.795942232047281, 40.703060731788383 ], [ -73.794666835468135, 40.701275742770456 ] ], [ [ -73.782014817488886, 40.682568206218377 ], [ -73.781916710072394, 40.68240088456573 ] ], [ [ -73.768067938503805, 40.661001575856446 ], [ -73.767963534446437, 40.660348435098577 ] ], [ [ -73.767561478564218, 40.657711423988758 ], [ -73.767457494827866, 40.657052681508681 ] ], [ [ -73.76906541201636, 40.664725222235582 ], [ -73.768590675459876, 40.664018315320995 ] ], [ [ -73.784485146267556, 40.686760315506241 ], [ -73.784244166658198, 40.686356117312847 ] ], [ [ -73.783350206168208, 40.684843666428712 ], [ -73.783015546892415, 40.684277450292562 ] ], [ [ -73.790087379243587, 40.694981059952362 ], [ -73.788931041280378, 40.693397838273967 ] ], [ [ -73.773653614813199, 40.670700430755531 ], [ -73.773122383855267, 40.670021546351236 ] ], [ [ -73.773122383855267, 40.670021546351236 ], [ -73.772487692900398, 40.669193193389631 ] ], [ [ -73.779478172868167, 40.678364550116008 ], [ -73.779443950254233, 40.678226020393481 ] ], [ [ -73.779443950254233, 40.678226020393481 ], [ -73.77913114003141, 40.677836226349697 ] ], [ [ -73.780825214747836, 40.680526401500906 ], [ -73.780456937208712, 40.679898002925292 ] ], [ [ -73.782651993701819, 40.683656848373985 ], [ -73.782285293925881, 40.683030926495285 ] ], [ [ -73.767744161657376, 40.658902577357793 ], [ -73.767670251888589, 40.658418272401725 ] ], [ [ -73.784938696860053, 40.687532311946811 ], [ -73.784787048229404, 40.687258144493676 ] ], [ [ -73.771919287123524, 40.668446330307333 ], [ -73.771544607075839, 40.66796326912435 ] ], [ [ -73.772223321580128, 40.668845826443686 ], [ -73.771919287123524, 40.668446330307333 ] ], [ [ -73.777175997727795, 40.67527302296967 ], [ -73.775739235595992, 40.673377658251326 ] ], [ [ -73.768366928273394, 40.662902121706907 ], [ -73.768198317075303, 40.661799843257604 ] ], [ [ -73.794666835468135, 40.701275742770456 ], [ -73.7946394192562, 40.701237368035521 ] ], [ [ -73.770776270534014, 40.666962642174909 ], [ -73.770355269377589, 40.666401238493926 ] ], [ [ -73.786095079301631, 40.689501302623157 ], [ -73.785803807946635, 40.688996219525464 ] ], [ [ -73.781054299844499, 40.680909152238691 ], [ -73.780825214747836, 40.680526401500906 ] ], [ [ -73.778676441246773, 40.677225657265005 ], [ -73.778159037160435, 40.676561686174018 ] ], [ [ -73.774528023375112, 40.67200100159112 ], [ -73.774495907413709, 40.671827795953888 ] ], [ [ -73.779478172868167, 40.678364550116008 ], [ -73.779300018567625, 40.678273958430175 ] ], [ [ -73.781553981117668, 40.681780353020287 ], [ -73.781185313140057, 40.681144337741955 ] ], [ [ -73.767963534446437, 40.660348435098577 ], [ -73.767849221627415, 40.659587094075313 ] ], [ [ -73.767849221627415, 40.659587094075313 ], [ -73.767744161657376, 40.658902577357793 ] ], [ [ -73.767362596136238, 40.656244101563601 ], [ -73.767352743448299, 40.6561601261715 ] ], [ [ -73.786556305779811, 40.690148999194093 ], [ -73.786330881318761, 40.689841046048862 ] ], [ [ -73.788931041280378, 40.693397838273967 ], [ -73.788172492190711, 40.692356007227993 ] ], [ [ -73.775739235595992, 40.673377658251326 ], [ -73.774633126963579, 40.671908129667159 ] ], [ [ -73.77913114003141, 40.677836226349697 ], [ -73.778676441246773, 40.677225657265005 ] ], [ [ -73.775602421791774, 40.673414267668157 ], [ -73.774528023375112, 40.67200100159112 ] ], [ [ -73.779300018567625, 40.678273958430175 ], [ -73.779029424860667, 40.677912340128415 ] ], [ [ -73.779029424860667, 40.677912340128415 ], [ -73.778562987244172, 40.677306944478062 ] ], [ [ -73.780456937208712, 40.679898002925292 ], [ -73.78008910013682, 40.679263867905433 ] ], [ [ -73.76941278088826, 40.665178745362887 ], [ -73.76906541201636, 40.664725222235582 ] ], [ [ -73.792402961317279, 40.698152038100972 ], [ -73.791247483974161, 40.696565105074683 ] ], [ [ -73.772487692900398, 40.669193193389631 ], [ -73.772223321580128, 40.668845826443686 ] ], [ [ -73.767457494827866, 40.657052681508681 ], [ -73.767362596136238, 40.656244101563601 ] ], [ [ -73.777100492235618, 40.675356967007964 ], [ -73.775602421791774, 40.673414267668157 ] ], [ [ -73.771088452753915, 40.667389353539654 ], [ -73.771052184158563, 40.66733670881537 ] ], [ [ -73.78008910013682, 40.679263867905433 ], [ -73.779478172868167, 40.678364550116008 ] ], [ [ -73.76765324335932, 40.658307509921762 ], [ -73.767561478564218, 40.657711423988758 ] ], [ [ -73.787056888968692, 40.690830284532346 ], [ -73.786556305779811, 40.690148999194093 ] ], [ [ -73.788172492190711, 40.692356007227993 ], [ -73.787782873628515, 40.691818554813771 ] ], [ [ -73.786330881318761, 40.689841046048862 ], [ -73.786095079301631, 40.689501302623157 ] ], [ [ -73.787782873628515, 40.691818554813771 ], [ -73.78749016346012, 40.691423282737397 ] ], [ [ -73.791247483974161, 40.696565105074683 ], [ -73.790087379243587, 40.694981059952362 ] ], [ [ -73.794602224007548, 40.701185522061024 ], [ -73.793577087306019, 40.699756471824294 ] ], [ [ -73.7946394192562, 40.701237368035521 ], [ -73.794602224007548, 40.701185522061024 ] ], [ [ -73.781916710072394, 40.68240088456573 ], [ -73.781553981117668, 40.681780353020287 ] ], [ [ -73.767670251888589, 40.658418272401725 ], [ -73.76765324335932, 40.658307509921762 ] ], [ [ -73.796090089534658, 40.70329413701549 ], [ -73.795942232047281, 40.703060731788383 ] ], [ [ -73.78749016346012, 40.691423282737397 ], [ -73.787056888968692, 40.690830284532346 ] ], [ [ -73.771138895335611, 40.667450545171157 ], [ -73.771088452753915, 40.667389353539654 ] ], [ [ -73.774495907413709, 40.671827795953888 ], [ -73.773653614813199, 40.670700430755531 ] ], [ [ -73.784787048229404, 40.687258144493676 ], [ -73.784485146267556, 40.686760315506241 ] ], [ [ -73.768198317075303, 40.661799843257604 ], [ -73.768178343470055, 40.661677512229332 ] ], [ [ -73.777988747132312, 40.676548264270615 ], [ -73.777100492235618, 40.675356967007964 ] ], [ [ -73.784244166658198, 40.686356117312847 ], [ -73.784123939615441, 40.686152715014401 ] ], [ [ -73.784123939615441, 40.686152715014401 ], [ -73.784076093216086, 40.686071766782561 ] ], [ [ -73.783852170963371, 40.685692926910832 ], [ -73.783815613638353, 40.685631078184727 ] ], [ [ -73.783815613638353, 40.685631078184727 ], [ -73.783774827405267, 40.685562072995623 ] ], [ [ -73.783774827405267, 40.685562072995623 ], [ -73.783739926241822, 40.685503025384705 ] ], [ [ -73.783739926241822, 40.685503025384705 ], [ -73.783655358072352, 40.685359948477569 ] ], [ [ -73.783655358072352, 40.685359948477569 ], [ -73.783586139309932, 40.685242839641944 ] ], [ [ -73.783586139309932, 40.685242839641944 ], [ -73.783389165206273, 40.684909581007993 ] ], [ [ -73.783389165206273, 40.684909581007993 ], [ -73.783350206168208, 40.684843666428712 ] ], [ [ -73.784076093216086, 40.686071766782561 ], [ -73.783950880085385, 40.685859928464453 ] ], [ [ -73.783950880085385, 40.685859928464453 ], [ -73.783852170963371, 40.685692926910832 ] ], [ [ -73.785803807946635, 40.688996219525464 ], [ -73.785706090273393, 40.688830869455089 ] ], [ [ -73.785706090273393, 40.688830869455089 ], [ -73.784938696860053, 40.687532311946811 ] ], [ [ -73.778562987244172, 40.677306944478062 ], [ -73.777988747132312, 40.676548264270615 ] ], [ [ -73.778159037160435, 40.676561686174018 ], [ -73.777175997727795, 40.67527302296967 ] ], [ [ -73.797005996598514, 40.704610258199921 ], [ -73.79663849885911, 40.70408218668927 ] ], [ [ -73.79663849885911, 40.70408218668927 ], [ -73.796090089534658, 40.70329413701549 ] ], [ [ -73.771544607075839, 40.66796326912435 ], [ -73.771297824420103, 40.667651395358064 ] ], [ [ -73.771297824420103, 40.667651395358064 ], [ -73.771138895335611, 40.667450545171157 ] ], [ [ -73.771052184158563, 40.66733670881537 ], [ -73.770907781867592, 40.667140938165417 ] ], [ [ -73.770907781867592, 40.667140938165417 ], [ -73.770776270534014, 40.666962642174909 ] ], [ [ -73.768590675459876, 40.664018315320995 ], [ -73.768477275252778, 40.66345260806056 ] ], [ [ -73.768477275252778, 40.66345260806056 ], [ -73.768366928273394, 40.662902121706907 ] ] ] } },
{ "type": "Feature", "properties": { "corridor_id": 179, "rank": 6, "name": "4 AVENUE (Brooklyn)", "street": "4 AVENUE", "borough": "Brooklyn", "n_blocks": 22, "n_routes": 9, "routes": [ "B16", "B37", "B63", "B8", "S53", "S79+", "S93", "X27", "X37" ], "peak_period": "am", "hourly_pax": [ 766, 467, 24, 6, 1, 5826, 26071, 45998, 33129, 21863, 21819, 21397, 12974, 10715, 12241, 13375, 12091, 13255, 13488, 10170, 6700, 4649, 3141, 1846 ], "miles": 0.87, "pax_delay_min": 346601, "veh_delay_min": 31707, "riders_20d": 30156, "bus_trips_20d": 4234, "rider_block_crossings": 663428, "bus_block_crossings": 93158, "min_per_bus": 9.63, "sec_per_rider": 578, "riders_per_delayed_bus_min": 10.9, "riders_per_bus": 7.1, "pax_delay_per_mile": 399050, "veh_delay_per_mile": 36505, "buses_per_day": 212, "riders_per_day": 1508, "share_of_city_delay_pct": 1.736, "cum_share_pct": 18.72, "pax_am": 127061, "veh_am": 8827, "riders_am": 157436, "share_am_pct": 43.5, "pax_md": 79145, "veh_md": 6025, "riders_md": 145446, "share_md_pct": 27.1, "pax_pm": 52209, "veh_pm": 6135, "riders_pm": 132443, "share_pm_pct": 17.9, "pax_ev": 26507, "veh_ev": 4443, "riders_ev": 68967, "share_ev_pct": 9.1, "pax_night": 7090, "veh_night": 1257, "riders_night": 20931, "share_night_pct": 2.4 }, "geometry": { "type": "MultiLineString", "coordinates": [ [ [ -74.029564083985704, 40.619832538941651 ], [ -74.029842601982395, 40.619153816266 ] ], [ [ -74.028680002812919, 40.621996208660967 ], [ -74.028923121370767, 40.621404182110723 ] ], [ [ -74.032637203279435, 40.614009912878061 ], [ -74.033162789948236, 40.613402072753878 ] ], [ [ -74.034328942944541, 40.612042924955254 ], [ -74.034871490367934, 40.61136623566567 ] ], [ [ -74.030845074063194, 40.616699488750946 ], [ -74.031126218893959, 40.615993985751864 ] ], [ [ -74.029842601982395, 40.619153816266 ], [ -74.03017406761488, 40.61834033491705 ] ], [ [ -74.032020822352237, 40.614727458938845 ], [ -74.032637203279435, 40.614009912878061 ] ], [ [ -74.031126218893959, 40.615993985751864 ], [ -74.031186081718175, 40.615701996529765 ] ], [ [ -74.030484975279037, 40.617582545724602 ], [ -74.030845074063194, 40.616699488750946 ] ], [ [ -74.028350315991247, 40.622798627003583 ], [ -74.028643380656618, 40.622086008705551 ] ], [ [ -74.02929556003194, 40.620486907650324 ], [ -74.029564083985704, 40.619832538941651 ] ], [ [ -74.028643380656618, 40.622086008705551 ], [ -74.028680002812919, 40.621996208660967 ] ], [ [ -74.033647417984682, 40.612833243512576 ], [ -74.034110749047997, 40.612295991335117 ] ], [ [ -74.031946735844642, 40.614814451907158 ], [ -74.032020822352237, 40.614727458938845 ] ], [ [ -74.031186081718175, 40.615701996529765 ], [ -74.031514344537285, 40.615330191709027 ] ], [ [ -74.029008368317079, 40.621192060967125 ], [ -74.029200314966388, 40.62072136401337 ] ], [ [ -74.033162789948236, 40.613402072753878 ], [ -74.033647417984682, 40.612833243512576 ] ], [ [ -74.029200314966388, 40.62072136401337 ], [ -74.02929556003194, 40.620486907650324 ] ], [ [ -74.028923121370767, 40.621404182110723 ], [ -74.029008368317079, 40.621192060967125 ] ], [ [ -74.034110749047997, 40.612295991335117 ], [ -74.034328942944541, 40.612042924955254 ] ], [ [ -74.031514344537285, 40.615330191709027 ], [ -74.031946735844642, 40.614814451907158 ] ], [ [ -74.03017406761488, 40.61834033491705 ], [ -74.030484975279037, 40.617582545724602 ] ] ] } },
{ "type": "Feature", "properties": { "corridor_id": 454, "rank": 7, "name": "JAMAICA AVENUE (Queens)", "street": "JAMAICA AVENUE", "borough": "Queens", "n_blocks": 48, "n_routes": 19, "routes": [ "Q06", "Q08", "Q09", "Q1", "Q110", "Q112", "Q17", "Q20", "Q25", "Q30", "Q31", "Q41", "Q43", "Q44+", "Q54", "Q56", "Q60", "Q65", "Q75" ], "peak_period": "pm", "hourly_pax": [ 6730, 3531, 2784, 1983, 4407, 6573, 7879, 11714, 15667, 15443, 26150, 23843, 19695, 17579, 20335, 28108, 39002, 35680, 33744, 14704, 11150, 8981, 7329, 6729 ], "miles": 1.65, "pax_delay_min": 335579, "veh_delay_min": 93753, "riders_20d": 149172, "bus_trips_20d": 18099, "rider_block_crossings": 7160263, "bus_block_crossings": 868731, "min_per_bus": 3.96, "sec_per_rider": 238, "riders_per_delayed_bus_min": 3.6, "riders_per_bus": 8.2, "pax_delay_per_mile": 202974, "veh_delay_per_mile": 56706, "buses_per_day": 905, "riders_per_day": 7459, "share_of_city_delay_pct": 1.681, "cum_share_pct": 20.4, "pax_am": 50702, "veh_am": 17355, "riders_am": 1243533, "share_am_pct": 13.7, "pax_md": 107601, "veh_md": 18522, "riders_md": 1897228, "share_md_pct": 29.1, "pax_pm": 136534, "veh_pm": 19116, "riders_pm": 1573425, "share_pm_pct": 36.9, "pax_ev": 48892, "veh_ev": 16415, "riders_ev": 649304, "share_ev_pct": 13.2, "pax_night": 26009, "veh_night": 8958, "riders_night": 332376, "share_night_pct": 7.0 }, "geometry": { "type": "MultiLineString", "coordinates": [ [ [ -73.807927146148884, 40.701765533282405 ], [ -73.80698842490861, 40.701769978411598 ] ], [ [ -73.814962046486784, 40.702498486438735 ], [ -73.81429413388156, 40.702531107773524 ] ], [ [ -73.797005996598514, 40.704610258199921 ], [ -73.796799021497591, 40.704697464410152 ] ], [ [ -73.797961412832151, 40.70422377622306 ], [ -73.79770369687796, 40.704326906888888 ] ], [ [ -73.804442204033421, 40.702131835899877 ], [ -73.803457212217793, 40.702408446818978 ] ], [ [ -73.819643866227537, 40.702240374284798 ], [ -73.818748826472657, 40.702357484823033 ] ], [ [ -73.811930023159803, 40.702340836073724 ], [ -73.811528569159847, 40.702272874862444 ] ], [ [ -73.808874090145636, 40.701815071198169 ], [ -73.807927146148884, 40.701765533282405 ] ], [ [ -73.816475312519074, 40.702450426290802 ], [ -73.816378245496537, 40.702451964455449 ] ], [ [ -73.79770369687796, 40.704326906888888 ], [ -73.797005996598514, 40.704610258199921 ] ], [ [ -73.79489532847559, 40.705460746223189 ], [ -73.793958796668193, 40.705827062756427 ] ], [ [ -73.821785748002597, 40.701901848723033 ], [ -73.82120263752266, 40.702009159206249 ] ], [ [ -73.822505385042106, 40.701757257540734 ], [ -73.822202587231999, 40.701816674253429 ] ], [ [ -73.813018829032714, 40.702495157265005 ], [ -73.811930023159803, 40.702340836073724 ] ], [ [ -73.815315932728168, 40.702487330238021 ], [ -73.814962046486784, 40.702498486438735 ] ], [ [ -73.813986667218515, 40.702542066323772 ], [ -73.813564706168094, 40.702528496924003 ] ], [ [ -73.803457212217793, 40.702408446818978 ], [ -73.802285550424358, 40.702737973558442 ] ], [ [ -73.822105301032167, 40.701838577622489 ], [ -73.821785748002597, 40.701901848723033 ] ], [ [ -73.811528569159847, 40.702272874862444 ], [ -73.810832168640204, 40.702145102379951 ] ], [ [ -73.805514916760401, 40.701881233194541 ], [ -73.804442204033421, 40.702131835899877 ] ], [ [ -73.801106114625341, 40.703079415253043 ], [ -73.800615518815576, 40.70322143297566 ] ], [ [ -73.822202587231999, 40.701816674253429 ], [ -73.822105301032167, 40.701838577622489 ] ], [ [ -73.80680722760475, 40.701776176236251 ], [ -73.806331870580109, 40.701783563115114 ] ], [ [ -73.810832168640204, 40.702145102379951 ], [ -73.809953841995267, 40.701993945196996 ] ], [ [ -73.809049271117644, 40.701835614532897 ], [ -73.808874090145636, 40.701815071198169 ] ], [ [ -73.809953841995267, 40.701993945196996 ], [ -73.809049271117644, 40.701835614532897 ] ], [ [ -73.8131410128548, 40.702499551893631 ], [ -73.813018829032714, 40.702495157265005 ] ], [ [ -73.815940206373099, 40.702458901319979 ], [ -73.815315932728168, 40.702487330238021 ] ], [ [ -73.799149372251023, 40.703751510319179 ], [ -73.798546947710449, 40.703989526661587 ] ], [ [ -73.793958796668193, 40.705827062756427 ], [ -73.792526310132118, 40.70636026837137 ] ], [ [ -73.80698842490861, 40.701769978411598 ], [ -73.80680722760475, 40.701776176236251 ] ], [ [ -73.813564706168094, 40.702528496924003 ], [ -73.8131410128548, 40.702499551893631 ] ], [ [ -73.816289164080644, 40.702454064787432 ], [ -73.815940206373099, 40.702458901319979 ] ], [ [ -73.79568993266507, 40.705148364119218 ], [ -73.79489532847559, 40.705460746223189 ] ], [ [ -73.796799021497591, 40.704697464410152 ], [ -73.79568993266507, 40.705148364119218 ] ], [ [ -73.800615518815576, 40.70322143297566 ], [ -73.80020147415199, 40.703341285177764 ] ], [ [ -73.816860304176814, 40.70244433073038 ], [ -73.816475312519074, 40.702450426290802 ] ], [ [ -73.82120263752266, 40.702009159206249 ], [ -73.820614349776633, 40.702100366073033 ] ], [ [ -73.81429413388156, 40.702531107773524 ], [ -73.813986667218515, 40.702542066323772 ] ], [ [ -73.806331870580109, 40.701783563115114 ], [ -73.805514916760401, 40.701881233194541 ] ], [ [ -73.820319212126577, 40.702147812961357 ], [ -73.819643866227537, 40.702240374284798 ] ], [ [ -73.820614349776633, 40.702100366073033 ], [ -73.820319212126577, 40.702147812961357 ] ], [ [ -73.80020147415199, 40.703341285177764 ], [ -73.799149372251023, 40.703751510319179 ] ], [ [ -73.798546947710449, 40.703989526661587 ], [ -73.797961412832151, 40.70422377622306 ] ], [ [ -73.816378245496537, 40.702451964455449 ], [ -73.816289164080644, 40.702454064787432 ] ], [ [ -73.802285550424358, 40.702737973558442 ], [ -73.801106114625341, 40.703079415253043 ] ], [ [ -73.818748826472657, 40.702357484823033 ], [ -73.817443408484493, 40.702417519476626 ] ], [ [ -73.817443408484493, 40.702417519476626 ], [ -73.816860304176814, 40.70244433073038 ] ] ] } },
{ "type": "Feature", "properties": { "corridor_id": 434, "rank": 8, "name": "KISSENA BOULEVARD (Queens)", "street": "KISSENA BOULEVARD", "borough": "Queens", "n_blocks": 16, "n_routes": 5, "routes": [ "Q17", "Q25", "Q26", "Q27", "Q65" ], "peak_period": "md", "hourly_pax": [ 1447, 1185, 995, 531, 1041, 5722, 11875, 16221, 22070, 20579, 22839, 17205, 18508, 17446, 18612, 14528, 13585, 16349, 16221, 9206, 8513, 6288, 4716, 2222 ], "miles": 0.89, "pax_delay_min": 315299, "veh_delay_min": 32970, "riders_20d": 137290, "bus_trips_20d": 14170, "rider_block_crossings": 2196647, "bus_block_crossings": 226728, "min_per_bus": 1.95, "sec_per_rider": 117, "riders_per_delayed_bus_min": 9.6, "riders_per_bus": 9.7, "pax_delay_per_mile": 354025, "veh_delay_per_mile": 37019, "buses_per_day": 709, "riders_per_day": 6865, "share_of_city_delay_pct": 1.579, "cum_share_pct": 21.98, "pax_am": 70746, "veh_am": 7503, "riders_am": 440584, "share_am_pct": 26.4, "pax_md": 94611, "veh_md": 8595, "riders_md": 479218, "share_md_pct": 35.3, "pax_pm": 60682, "veh_pm": 6057, "riders_pm": 472020, "share_pm_pct": 22.7, "pax_ev": 30945, "veh_ev": 4412, "riders_ev": 235370, "share_ev_pct": 11.6, "pax_night": 10920, "veh_night": 1347, "riders_night": 95496, "share_night_pct": 4.1 }, "geometry": { "type": "MultiLineString", "coordinates": [ [ [ -73.82471753935954, 40.755487530106478 ], [ -73.823979178129264, 40.75486820608829 ] ], [ [ -73.822803322482855, 40.753879474047473 ], [ -73.821918287834777, 40.75317308066343 ] ], [ [ -73.818836984101452, 40.750352157870189 ], [ -73.818264772797832, 40.749826989856835 ] ], [ [ -73.823979178129264, 40.75486820608829 ], [ -73.823395724616447, 40.754377265668218 ] ], [ [ -73.827090259733168, 40.757143402166733 ], [ -73.825773798987456, 40.756358058600192 ] ], [ [ -73.829636211665303, 40.758549779425124 ], [ -73.827979700441389, 40.757630115947215 ] ], [ [ -73.818264772797832, 40.749826989856835 ], [ -73.817795411376537, 40.749392014559945 ] ], [ [ -73.827979700441389, 40.757630115947215 ], [ -73.827090259733168, 40.757143402166733 ] ], [ [ -73.819411307751324, 40.750887754165639 ], [ -73.819115669141368, 40.750621073360875 ] ], [ [ -73.825773798987456, 40.756358058600192 ], [ -73.82471753935954, 40.755487530106478 ] ], [ [ -73.819988609788666, 40.751428620475316 ], [ -73.819411307751324, 40.750887754165639 ] ], [ [ -73.82084928915296, 40.7522415445493 ], [ -73.819988609788666, 40.751428620475316 ] ], [ [ -73.821918287834777, 40.75317308066343 ], [ -73.82084928915296, 40.7522415445493 ] ], [ [ -73.819115669141368, 40.750621073360875 ], [ -73.818836984101452, 40.750352157870189 ] ], [ [ -73.823395724616447, 40.754377265668218 ], [ -73.823333795324714, 40.754325227927431 ] ], [ [ -73.823333795324714, 40.754325227927431 ], [ -73.822803322482855, 40.753879474047473 ] ] ] } },
{ "type": "Feature", "properties": { "corridor_id": 13, "rank": 9, "name": "HYLAN BOULEVARD (Staten Island)", "street": "HYLAN BOULEVARD", "borough": "Staten Island", "n_blocks": 85, "n_routes": 13, "routes": [ "S51", "S57", "S78", "S79+", "S81", "SIM1", "SIM10", "SIM11", "SIM1C", "SIM5", "SIM6", "SIM7", "SIM9" ], "peak_period": "md", "hourly_pax": [ 3563, 2771, 1514, 1098, 4256, 5947, 13137, 17738, 16479, 11084, 20775, 17333, 19740, 22001, 23033, 14675, 16411, 17131, 15520, 6623, 6600, 7230, 4799, 3458 ], "miles": 3.92, "pax_delay_min": 277311, "veh_delay_min": 21217, "riders_20d": 102764, "bus_trips_20d": 8150, "rider_block_crossings": 8734919, "bus_block_crossings": 692728, "min_per_bus": 2.71, "sec_per_rider": 162, "riders_per_delayed_bus_min": 13.1, "riders_per_bus": 12.6, "pax_delay_per_mile": 70693, "veh_delay_per_mile": 5409, "buses_per_day": 407, "riders_per_day": 5138, "share_of_city_delay_pct": 1.389, "cum_share_pct": 23.37, "pax_am": 58438, "veh_am": 5919, "riders_am": 1845019, "share_am_pct": 21.4, "pax_md": 102882, "veh_md": 4682, "riders_md": 1995041, "share_md_pct": 37.7, "pax_pm": 63736, "veh_pm": 5184, "riders_pm": 1827220, "share_pm_pct": 23.4, "pax_ev": 28710, "veh_ev": 3149, "riders_ev": 767291, "share_ev_pct": 10.5, "pax_night": 19149, "veh_night": 2083, "riders_night": 598768, "share_night_pct": 7.0 }, "geometry": { "type": "MultiLineString", "coordinates": [ [ [ -74.096168913043158, 40.583043786546241 ], [ -74.096827326751338, 40.582516994849755 ] ], [ [ -74.105178404147168, 40.575106835841503 ], [ -74.105316718528968, 40.574969270653057 ] ], [ [ -74.111425031644828, 40.568732827386839 ], [ -74.111991076569552, 40.568159821998002 ] ], [ [ -74.117490212874088, 40.562689406482335 ], [ -74.118119779368826, 40.562098879517912 ] ], [ [ -74.105790618950806, 40.574349796372637 ], [ -74.106374301842408, 40.573757549076525 ] ], [ [ -74.110407965981025, 40.569926997052391 ], [ -74.110962197753665, 40.569354404241743 ] ], [ [ -74.092560721206979, 40.58608237158478 ], [ -74.092615968873204, 40.58593981004595 ] ], [ [ -74.09471038951672, 40.584202612624836 ], [ -74.095438045061627, 40.583623559393217 ] ], [ [ -74.104608464608276, 40.575681359634736 ], [ -74.105178404147168, 40.575106835841503 ] ], [ [ -74.121227179499698, 40.559528781959457 ], [ -74.122360446301897, 40.559433151049205 ] ], [ [ -74.110283970663019, 40.569862953545019 ], [ -74.110851165221035, 40.569294977390399 ] ], [ [ -74.118119779368826, 40.562098879517912 ], [ -74.119030468967267, 40.561226950292237 ] ], [ [ -74.113134665139455, 40.567015132799916 ], [ -74.113699328732352, 40.566459743554866 ] ], [ [ -74.113820128982113, 40.566528306708214 ], [ -74.114410483478125, 40.565955337070086 ] ], [ [ -74.105724844590881, 40.574555545831643 ], [ -74.105887377274357, 40.574401505562804 ] ], [ [ -74.095438045061627, 40.583623559393217 ], [ -74.096168913043158, 40.583043786546241 ] ], [ [ -74.097120084959229, 40.582284860689157 ], [ -74.097718897769823, 40.581812874685959 ] ], [ [ -74.122427839009788, 40.559433321324043 ], [ -74.123605143872041, 40.55957866670694 ] ], [ [ -74.107493715894336, 40.572647591532267 ], [ -74.10802717767757, 40.572098878557632 ] ], [ [ -74.118222714384444, 40.562162774338738 ], [ -74.119165055422044, 40.561308236617506 ] ], [ [ -74.106374301842408, 40.573757549076525 ], [ -74.106929757536719, 40.573184930106059 ] ], [ [ -74.108581001208591, 40.571555988068994 ], [ -74.109122644532903, 40.57100963920626 ] ], [ [ -74.109818212387992, 40.570498702428125 ], [ -74.110407965981025, 40.569926997052391 ] ], [ [ -74.105050653519697, 40.575053434231833 ], [ -74.105214009276622, 40.574910551534302 ] ], [ [ -74.093406994551472, 40.585240111513706 ], [ -74.094024164719869, 40.584746381567761 ] ], [ [ -74.099740442006905, 40.580207817766528 ], [ -74.100390835035668, 40.579688666038528 ] ], [ [ -74.09908893756554, 40.580725228727488 ], [ -74.099740442006905, 40.580207817766528 ] ], [ [ -74.092615968873204, 40.58593981004595 ], [ -74.093406994551472, 40.585240111513706 ] ], [ [ -74.098440008648879, 40.581241706010168 ], [ -74.09908893756554, 40.580725228727488 ] ], [ [ -74.100390835035668, 40.579688666038528 ], [ -74.101052354667502, 40.579169015252987 ] ], [ [ -74.102316073054524, 40.577944245700984 ], [ -74.102972124215228, 40.577253830715271 ] ], [ [ -74.119030468967267, 40.561226950292237 ], [ -74.119980657064289, 40.560349425514453 ] ], [ [ -74.092162075751887, 40.586534349580752 ], [ -74.092560721206979, 40.58608237158478 ] ], [ [ -74.11487797463792, 40.565307031963684 ], [ -74.115441504717538, 40.564740594456929 ] ], [ [ -74.114281938330308, 40.565886881053572 ], [ -74.11487797463792, 40.565307031963684 ] ], [ [ -74.117587390230639, 40.562782421128951 ], [ -74.118222714384444, 40.562162774338738 ] ], [ [ -74.120518001026525, 40.559864497262453 ], [ -74.121227179499698, 40.559528781959457 ] ], [ [ -74.122360446301897, 40.559433151049205 ], [ -74.122427839009788, 40.559433321324043 ] ], [ [ -74.104475962230524, 40.575618182246437 ], [ -74.105050653519697, 40.575053434231833 ] ], [ [ -74.103710074550975, 40.576401747478982 ], [ -74.104475962230524, 40.575618182246437 ] ], [ [ -74.1081569115928, 40.572167817194931 ], [ -74.108701208064105, 40.571620675982295 ] ], [ [ -74.11325818673356, 40.567093806557764 ], [ -74.113820128982113, 40.566528306708214 ] ], [ [ -74.0920271146218, 40.586485226426603 ], [ -74.092436022438534, 40.586022965472829 ] ], [ [ -74.097718897769823, 40.581812874685959 ], [ -74.098440008648879, 40.581241706010168 ] ], [ [ -74.094024164719869, 40.584746381567761 ], [ -74.09471038951672, 40.584202612624836 ] ], [ [ -74.113699328732352, 40.566459743554866 ], [ -74.114281938330308, 40.565886881053572 ] ], [ [ -74.109122644532903, 40.57100963920626 ], [ -74.109700784271709, 40.570435390917687 ] ], [ [ -74.103812095447708, 40.57644172839754 ], [ -74.104608464608276, 40.575681359634736 ] ], [ [ -74.10802717767757, 40.572098878557632 ], [ -74.108581001208591, 40.571555988068994 ] ], [ [ -74.107046942241055, 40.573249289061266 ], [ -74.107590674115272, 40.572699416036357 ] ], [ [ -74.114410483478125, 40.565955337070086 ], [ -74.114974970086962, 40.565362848863884 ] ], [ [ -74.115549654309959, 40.564800982945144 ], [ -74.116410527361708, 40.563943515357877 ] ], [ [ -74.105214009276622, 40.574910551534302 ], [ -74.105633990191563, 40.574503272783041 ] ], [ [ -74.107590674115272, 40.572699416036357 ], [ -74.1081569115928, 40.572167817194931 ] ], [ [ -74.102972124215228, 40.577253830715271 ], [ -74.103688975021569, 40.576503922147779 ] ], [ [ -74.119980657064289, 40.560349425514453 ], [ -74.120518001026525, 40.559864497262453 ] ], [ [ -74.110851165221035, 40.569294977390399 ], [ -74.111425031644828, 40.568732827386839 ] ], [ [ -74.108701208064105, 40.571620675982295 ], [ -74.109253239027765, 40.571078702329295 ] ], [ [ -74.114974970086962, 40.565362848863884 ], [ -74.115549654309959, 40.564800982945144 ] ], [ [ -74.106484090537364, 40.573819691883713 ], [ -74.107046942241055, 40.573249289061266 ] ], [ [ -74.092436022438534, 40.586022965472829 ], [ -74.092615968873204, 40.58593981004595 ] ], [ [ -74.105633990191563, 40.574503272783041 ], [ -74.105790618950806, 40.574349796372637 ] ], [ [ -74.105316718528968, 40.574969270653057 ], [ -74.105724844590881, 40.574555545831643 ] ], [ [ -74.103688975021569, 40.576503922147779 ], [ -74.103812095447708, 40.57644172839754 ] ], [ [ -74.103688975021569, 40.576503922147779 ], [ -74.103710074550975, 40.576401747478982 ] ], [ [ -74.1016700427096, 40.578623787922069 ], [ -74.102316073054524, 40.577944245700984 ] ], [ [ -74.101052354667502, 40.579169015252987 ], [ -74.1016700427096, 40.578623787922069 ] ], [ [ -74.096827326751338, 40.582516994849755 ], [ -74.097120084959229, 40.582284860689157 ] ], [ [ -74.111527388032769, 40.568787417249979 ], [ -74.11209640095781, 40.568216794524254 ] ], [ [ -74.109700784271709, 40.570435390917687 ], [ -74.110283970663019, 40.569862953545019 ] ], [ [ -74.11255202553474, 40.567595958711017 ], [ -74.113134665139455, 40.567015132799916 ] ], [ [ -74.106929757536719, 40.573184930106059 ], [ -74.107493715894336, 40.572647591532267 ] ], [ [ -74.112665596050178, 40.567655372378816 ], [ -74.11325818673356, 40.567093806557764 ] ], [ [ -74.110962197753665, 40.569354404241743 ], [ -74.111527388032769, 40.568787417249979 ] ], [ [ -74.105887377274357, 40.574401505562804 ], [ -74.106484090537364, 40.573819691883713 ] ], [ [ -74.109253239027765, 40.571078702329295 ], [ -74.109818212387992, 40.570498702428125 ] ], [ [ -74.115441504717538, 40.564740594456929 ], [ -74.11630003933837, 40.563879210456726 ] ], [ [ -74.116410527361708, 40.563943515357877 ], [ -74.117023174816623, 40.563355722684484 ] ], [ [ -74.11630003933837, 40.563879210456726 ], [ -74.116895931966241, 40.563274715142633 ] ], [ [ -74.117023174816623, 40.563355722684484 ], [ -74.117587390230639, 40.562782421128951 ] ], [ [ -74.116895931966241, 40.563274715142633 ], [ -74.117490212874088, 40.562689406482335 ] ], [ [ -74.111991076569552, 40.568159821998002 ], [ -74.112074722316379, 40.568075742158861 ] ], [ [ -74.112074722316379, 40.568075742158861 ], [ -74.11255202553474, 40.567595958711017 ] ], [ [ -74.11209640095781, 40.568216794524254 ], [ -74.112184954256108, 40.568129451180042 ] ], [ [ -74.112184954256108, 40.568129451180042 ], [ -74.112665596050178, 40.567655372378816 ] ] ] } },
{ "type": "Feature", "properties": { "corridor_id": 47, "rank": 10, "name": "EAST FORDHAM ROAD (Bronx)", "street": "EAST FORDHAM ROAD", "borough": "Bronx", "n_blocks": 24, "n_routes": 5, "routes": [ "BX12", "BX12+", "BX22", "BX34", "BX9" ], "peak_period": "md", "hourly_pax": [ 2306, 670, 328, 332, 116, 1915, 7070, 9493, 10920, 12797, 11289, 15497, 17101, 19622, 22392, 18411, 16672, 12864, 12739, 7880, 6663, 5482, 5360, 1905 ], "miles": 0.59, "pax_delay_min": 250939, "veh_delay_min": 17048, "riders_20d": 132115, "bus_trips_20d": 12707, "rider_block_crossings": 3170764, "bus_block_crossings": 304964, "min_per_bus": 1.19, "sec_per_rider": 71, "riders_per_delayed_bus_min": 14.7, "riders_per_bus": 10.4, "pax_delay_per_mile": 428222, "veh_delay_per_mile": 29093, "buses_per_day": 635, "riders_per_day": 6606, "share_of_city_delay_pct": 1.257, "cum_share_pct": 24.63, "pax_am": 40280, "veh_am": 2756, "riders_am": 592644, "share_am_pct": 18.3, "pax_md": 85902, "veh_md": 6128, "riders_md": 616098, "share_md_pct": 39.1, "pax_pm": 60687, "veh_pm": 3143, "riders_pm": 718341, "share_pm_pct": 27.6, "pax_ev": 27289, "veh_ev": 2236, "riders_ev": 421236, "share_ev_pct": 12.4, "pax_night": 5667, "veh_night": 552, "riders_night": 90039, "share_night_pct": 2.6 }, "geometry": { "type": "MultiLineString", "coordinates": [ [ [ -73.898410383891559, 40.862296966306928 ], [ -73.897980994191087, 40.862402539456149 ] ], [ [ -73.891732566021048, 40.861909814553137 ], [ -73.891317902008609, 40.861745328660696 ] ], [ [ -73.891317902008609, 40.861745328660696 ], [ -73.891048383296635, 40.861580257937504 ] ], [ [ -73.895883874751917, 40.862258343280701 ], [ -73.894824633030382, 40.862065073788635 ] ], [ [ -73.899436708395186, 40.862116911700234 ], [ -73.898410383891559, 40.862296966306928 ] ], [ [ -73.893559143430281, 40.861925967387357 ], [ -73.892851691634903, 40.861832193122403 ] ], [ [ -73.897980994191087, 40.862402539456149 ], [ -73.897372748020075, 40.862432364115882 ] ], [ [ -73.890797748708195, 40.861443911828687 ], [ -73.890644536158192, 40.861360561109478 ] ], [ [ -73.901079670257346, 40.862756383324729 ], [ -73.900283680959717, 40.862471837167874 ] ], [ [ -73.892066792862877, 40.861860925365278 ], [ -73.891984418139884, 40.861912248011706 ] ], [ [ -73.894824633030382, 40.862065073788635 ], [ -73.893724907574253, 40.861944192669853 ] ], [ [ -73.893724907574253, 40.861944192669853 ], [ -73.893559143430281, 40.861925967387357 ] ], [ [ -73.899961776222653, 40.862350280103591 ], [ -73.899642616757262, 40.862210436039376 ] ], [ [ -73.899642616757262, 40.862210436039376 ], [ -73.899436708395186, 40.862116911700234 ] ], [ [ -73.891984418139884, 40.861912248011706 ], [ -73.891732566021048, 40.861909814553137 ] ], [ [ -73.892851691634903, 40.861832193122403 ], [ -73.892066792862877, 40.861860925365278 ] ], [ [ -73.891048383296635, 40.861580257937504 ], [ -73.890797748708195, 40.861443911828687 ] ], [ [ -73.900283680959717, 40.862471837167874 ], [ -73.899961776222653, 40.862350280103591 ] ], [ [ -73.896938996955953, 40.862442929123446 ], [ -73.895883874751917, 40.862258343280701 ] ], [ [ -73.890644536158192, 40.861360561109478 ], [ -73.890508636693625, 40.861289148773722 ] ], [ [ -73.897143797982892, 40.862445064728526 ], [ -73.89698372210735, 40.86244339559066 ] ], [ [ -73.89698372210735, 40.86244339559066 ], [ -73.896938996955953, 40.862442929123446 ] ], [ [ -73.897372748020075, 40.862432364115882 ], [ -73.897282426669037, 40.862437374612945 ] ], [ [ -73.897282426669037, 40.862437374612945 ], [ -73.897143797982892, 40.862445064728526 ] ] ] } },
{ "type": "Feature", "properties": { "corridor_id": 472, "rank": 11, "name": "KEW GARDENS ROAD (Queens)", "street": "KEW GARDENS ROAD", "borough": "Queens", "n_blocks": 12, "n_routes": 4, "routes": [ "Q10", "Q37", "Q80", "QM18" ], "peak_period": "am", "hourly_pax": [ 2846, 3520, 3183, 3204, 3648, 4977, 15765, 21300, 21435, 15648, 12708, 12694, 13565, 11681, 9802, 3659, 4126, 4621, 4505, 4188, 4813, 2554, 1151, 2580 ], "miles": 0.32, "pax_delay_min": 245449, "veh_delay_min": 25213, "riders_20d": 28076, "bus_trips_20d": 2717, "rider_block_crossings": 336906, "bus_block_crossings": 32601, "min_per_bus": 6.51, "sec_per_rider": 390, "riders_per_delayed_bus_min": 9.7, "riders_per_bus": 10.3, "pax_delay_per_mile": 770099, "veh_delay_per_mile": 79104, "buses_per_day": 136, "riders_per_day": 1404, "share_of_city_delay_pct": 1.229, "cum_share_pct": 25.86, "pax_am": 74147, "veh_am": 4314, "riders_am": 92459, "share_am_pct": 39.4, "pax_md": 60450, "veh_md": 4469, "riders_md": 74716, "share_md_pct": 32.1, "pax_pm": 16911, "veh_pm": 2597, "riders_pm": 46125, "share_pm_pct": 9.0, "pax_ev": 15286, "veh_ev": 2628, "riders_ev": 29403, "share_ev_pct": 8.1, "pax_night": 21378, "veh_night": 3540, "riders_night": 16745, "share_night_pct": 11.4 }, "geometry": { "type": "MultiLineString", "coordinates": [ [ [ -73.829809657129616, 40.713039865766085 ], [ -73.829314103943219, 40.712423243948244 ] ], [ [ -73.831270181234672, 40.71416965451192 ], [ -73.831156458209065, 40.714097674803455 ] ], [ [ -73.830380226206003, 40.713619736467777 ], [ -73.829809657129616, 40.713039865766085 ] ], [ [ -73.83130034310679, 40.714194858891453 ], [ -73.831270181234672, 40.71416965451192 ] ], [ [ -73.829129953579709, 40.712153852917197 ], [ -73.828899055383019, 40.71175666352962 ] ], [ [ -73.828360412230126, 40.711129365992036 ], [ -73.828098792833359, 40.710946405466451 ] ], [ [ -73.828728280545931, 40.711505724742423 ], [ -73.828360412230126, 40.711129365992036 ] ], [ [ -73.831156458209065, 40.714097674803455 ], [ -73.830380226206003, 40.713619736467777 ] ], [ [ -73.829314103943219, 40.712423243948244 ], [ -73.829129953579709, 40.712153852917197 ] ], [ [ -73.831359601030073, 40.714231704723076 ], [ -73.83130034310679, 40.714194858891453 ] ], [ [ -73.828098792833359, 40.710946405466451 ], [ -73.827721578744502, 40.710603439996575 ] ], [ [ -73.828899055383019, 40.71175666352962 ], [ -73.828728280545931, 40.711505724742423 ] ] ] } },
{ "type": "Feature", "properties": { "corridor_id": 470, "rank": 12, "name": "168 STREET (Queens)", "street": "168 STREET", "borough": "Queens", "n_blocks": 13, "n_routes": 23, "routes": [ "Q06", "Q08", "Q09", "Q17", "Q2", "Q20", "Q3", "Q30", "Q31", "Q36", "Q4", "Q41", "Q44+", "Q5", "Q75", "Q76", "Q77", "Q82", "Q84", "Q85", "Q86", "Q87", "Q89" ], "peak_period": "md", "hourly_pax": [ 1171, 526, 691, 448, 772, 2637, 3966, 7173, 12077, 15731, 21332, 22928, 20957, 9273, 17369, 13541, 18027, 8045, 9905, 4667, 4795, 3107, 3921, 2527 ], "miles": 0.56, "pax_delay_min": 219795, "veh_delay_min": 47585, "riders_20d": 53329, "bus_trips_20d": 10880, "rider_block_crossings": 693280, "bus_block_crossings": 141440, "min_per_bus": 4.36, "sec_per_rider": 261, "riders_per_delayed_bus_min": 4.6, "riders_per_bus": 4.9, "pax_delay_per_mile": 392043, "veh_delay_per_mile": 84877, "buses_per_day": 544, "riders_per_day": 2666, "share_of_city_delay_pct": 1.101, "cum_share_pct": 26.96, "pax_am": 38947, "veh_am": 8251, "riders_am": 193177, "share_am_pct": 18.9, "pax_md": 91858, "veh_md": 12101, "riders_md": 165588, "share_md_pct": 44.7, "pax_pm": 49517, "veh_pm": 7099, "riders_pm": 110111, "share_pm_pct": 24.1, "pax_ev": 19017, "veh_ev": 6951, "riders_ev": 66914, "share_ev_pct": 9.3, "pax_night": 6244, "veh_night": 2157, "riders_night": 33485, "share_night_pct": 3.0 }, "geometry": { "type": "MultiLineString", "coordinates": [ [ [ -73.794730523430289, 40.710012462045079 ], [ -73.794379722995544, 40.709396649996478 ] ], [ [ -73.792986697511651, 40.70715289254192 ], [ -73.792526310132118, 40.70636026837137 ] ], [ [ -73.793947964735565, 40.708623345740122 ], [ -73.793401536275198, 40.707781367343898 ] ], [ [ -73.790637240704115, 40.703077490798108 ], [ -73.79056848128424, 40.702647820766366 ] ], [ [ -73.794379722995544, 40.709396649996478 ], [ -73.794338582078652, 40.709325976607836 ] ], [ [ -73.793401536275198, 40.707781367343898 ], [ -73.792986697511651, 40.70715289254192 ] ], [ [ -73.791654005901194, 40.704856671644222 ], [ -73.791231867737366, 40.70421605581268 ] ], [ [ -73.79056848128424, 40.702647820766366 ], [ -73.790555669216616, 40.702567795543906 ] ], [ [ -73.794338582078652, 40.709325976607836 ], [ -73.793947964735565, 40.708623345740122 ] ], [ [ -73.791231867737366, 40.70421605581268 ], [ -73.790866266165452, 40.703676290190238 ] ], [ [ -73.790866266165452, 40.703676290190238 ], [ -73.790637240704115, 40.703077490798108 ] ], [ [ -73.792526310132118, 40.70636026837137 ], [ -73.792317937496591, 40.706001102601334 ] ], [ [ -73.792317937496591, 40.706001102601334 ], [ -73.791654005901194, 40.704856671644222 ] ] ] } },
{ "type": "Feature", "properties": { "corridor_id": 332, "rank": 13, "name": "AVENUE OF THE AMERICAS (Manhattan)", "street": "AVENUE OF THE AMERICAS", "borough": "Manhattan", "n_blocks": 43, "n_routes": 27, "routes": [ "BXM18", "BXM2", "M5", "M55", "M7", "QM1", "QM10", "QM12", "QM15", "QM16", "QM17", "QM18", "QM2", "QM20", "QM24", "QM4", "QM5", "QM6", "SIM10", "SIM1C", "SIM3", "SIM30", "SIM33C", "SIM3C", "SIM4C", "X27", "X28" ], "peak_period": "pm", "hourly_pax": [ 1292, 947, 135, 343, 581, 906, 249, 3123, 14637, 27003, 8662, 8569, 11549, 10042, 7561, 9055, 10455, 15805, 19229, 8972, 9638, 6368, 6179, 4564 ], "miles": 1.92, "pax_delay_min": 216341, "veh_delay_min": 57616, "riders_20d": 43317, "bus_trips_20d": 9519, "rider_block_crossings": 1862640, "bus_block_crossings": 409312, "min_per_bus": 5.53, "sec_per_rider": 332, "riders_per_delayed_bus_min": 3.8, "riders_per_bus": 4.6, "pax_delay_per_mile": 112538, "veh_delay_per_mile": 29971, "buses_per_day": 476, "riders_per_day": 2166, "share_of_city_delay_pct": 1.083, "cum_share_pct": 28.04, "pax_am": 45013, "veh_am": 10577, "riders_am": 495378, "share_am_pct": 24.2, "pax_md": 46383, "veh_md": 14506, "riders_md": 279102, "share_md_pct": 25.0, "pax_pm": 54544, "veh_pm": 11542, "riders_pm": 425588, "share_pm_pct": 29.3, "pax_ev": 35720, "veh_ev": 9727, "riders_ev": 195909, "share_ev_pct": 19.2, "pax_night": 4205, "veh_night": 956, "riders_night": 111248, "share_night_pct": 2.3 }, "geometry": { "type": "MultiLineString", "coordinates": [ [ [ -73.984117548204722, 40.754842052845483 ], [ -73.983624332584839, 40.755516345324011 ] ], [ [ -73.981341070950521, 40.758645298426174 ], [ -73.980885745974078, 40.759270668938093 ] ], [ [ -73.977686005914848, 40.763644402568659 ], [ -73.977196886956136, 40.764323692000495 ] ], [ [ -73.980885745974078, 40.759270668938093 ], [ -73.980426064397207, 40.759899081049888 ] ], [ [ -73.990515035147752, 40.746040317521022 ], [ -73.990067492570887, 40.746659282510556 ] ], [ [ -73.98776905963436, 40.749787028949378 ], [ -73.987293770559646, 40.750451608845026 ] ], [ [ -73.990067492570887, 40.746659282510556 ], [ -73.989617054423249, 40.747276220919495 ] ], [ [ -73.991871024266487, 40.744185570387351 ], [ -73.991418585560154, 40.74480268197226 ] ], [ [ -73.979971881988945, 40.760524700822963 ], [ -73.979513191658171, 40.761148561312112 ] ], [ [ -73.979513191658171, 40.761148561312112 ], [ -73.979057311798982, 40.761770719238449 ] ], [ [ -73.981794042569746, 40.758021302725339 ], [ -73.981341070950521, 40.758645298426174 ] ], [ [ -73.978139317502311, 40.763024014343351 ], [ -73.977686005914848, 40.763644402568659 ] ], [ [ -73.986849911506567, 40.751081678953518 ], [ -73.986399308707234, 40.751699985806795 ] ], [ [ -73.983167961107242, 40.756140221689272 ], [ -73.982712052799599, 40.756771228206532 ] ], [ [ -73.988714050994403, 40.748513273795965 ], [ -73.988237614809776, 40.749130168966261 ] ], [ [ -73.985488190955891, 40.752935179270139 ], [ -73.985043638090076, 40.753554148119001 ] ], [ [ -73.988237614809776, 40.749130168966261 ], [ -73.987973577097748, 40.749490778545493 ] ], [ [ -73.976703235914698, 40.764995450095093 ], [ -73.976233887836443, 40.765674631434628 ] ], [ [ -73.985946531563826, 40.752316805121019 ], [ -73.985488190955891, 40.752935179270139 ] ], [ [ -73.977196886956136, 40.764323692000495 ], [ -73.976703235914698, 40.764995450095093 ] ], [ [ -73.982255286875869, 40.757387364996369 ], [ -73.981794042569746, 40.758021302725339 ] ], [ [ -73.978601694577307, 40.762396071881845 ], [ -73.978139317502311, 40.763024014343351 ] ], [ [ -73.980426064397207, 40.759899081049888 ], [ -73.979971881988945, 40.760524700822963 ] ], [ [ -73.987973577097748, 40.749490778545493 ], [ -73.98776905963436, 40.749787028949378 ] ], [ [ -73.985043638090076, 40.753554148119001 ], [ -73.984595842790512, 40.754176941763916 ] ], [ [ -73.984595842790512, 40.754176941763916 ], [ -73.984117548204722, 40.754842052845483 ] ], [ [ -73.986399308707234, 40.751699985806795 ], [ -73.985946531563826, 40.752316805121019 ] ], [ [ -73.991418585560154, 40.74480268197226 ], [ -73.9909683282103, 40.74542089034626 ] ], [ [ -73.9909683282103, 40.74542089034626 ], [ -73.990515035147752, 40.746040317521022 ] ], [ [ -73.993733539332482, 40.741622201445026 ], [ -73.993289733251558, 40.74223428115971 ] ], [ [ -73.982712052799599, 40.756771228206532 ], [ -73.982255286875869, 40.757387364996369 ] ], [ [ -73.979057311798982, 40.761770719238449 ], [ -73.978601694577307, 40.762396071881845 ] ], [ [ -73.983624332584839, 40.755516345324011 ], [ -73.983167961107242, 40.756140221689272 ] ], [ [ -73.993289733251558, 40.74223428115971 ], [ -73.992803409472359, 40.742910019580833 ] ], [ [ -73.992803409472359, 40.742910019580833 ], [ -73.992321824172492, 40.743568093457583 ] ], [ [ -73.989166516975601, 40.747895434547452 ], [ -73.988714050994403, 40.748513273795965 ] ], [ [ -73.992321824172492, 40.743568093457583 ], [ -73.992066472361287, 40.743916202708718 ] ], [ [ -73.992066472361287, 40.743916202708718 ], [ -73.991871024266487, 40.744185570387351 ] ], [ [ -73.993970717580424, 40.741298438868817 ], [ -73.993733539332482, 40.741622201445026 ] ], [ [ -73.987293770559646, 40.750451608845026 ], [ -73.987115406989261, 40.750704801879557 ] ], [ [ -73.987115406989261, 40.750704801879557 ], [ -73.986849911506567, 40.751081678953518 ] ], [ [ -73.989617054423249, 40.747276220919495 ], [ -73.989489473117089, 40.74745149285301 ] ], [ [ -73.989489473117089, 40.74745149285301 ], [ -73.989166516975601, 40.747895434547452 ] ] ] } },
{ "type": "Feature", "properties": { "corridor_id": 242, "rank": 14, "name": "NOSTRAND AVENUE (Brooklyn)", "street": "NOSTRAND AVENUE", "borough": "Brooklyn", "n_blocks": 20, "n_routes": 9, "routes": [ "B103", "B11", "B41", "B44", "B44+", "B8", "BM2", "BM4", "Q35" ], "peak_period": "md", "hourly_pax": [ 2099, 1695, 1203, 1284, 1646, 2287, 4907, 8713, 10359, 10192, 14548, 15173, 17765, 14662, 13221, 13313, 13102, 18210, 13394, 7515, 7570, 5442, 3763, 2899 ], "miles": 1.82, "pax_delay_min": 184292, "veh_delay_min": 20239, "riders_20d": 89036, "bus_trips_20d": 8384, "rider_block_crossings": 1780716, "bus_block_crossings": 167674, "min_per_bus": 1.81, "sec_per_rider": 108, "riders_per_delayed_bus_min": 9.1, "riders_per_bus": 10.6, "pax_delay_per_mile": 101440, "veh_delay_per_mile": 11140, "buses_per_day": 419, "riders_per_day": 4452, "share_of_city_delay_pct": 0.923, "cum_share_pct": 28.96, "pax_am": 34170, "veh_am": 3355, "riders_am": 303503, "share_am_pct": 16.7, "pax_md": 75369, "veh_md": 5886, "riders_md": 438580, "share_md_pct": 36.8, "pax_pm": 58019, "veh_pm": 5529, "riders_pm": 379692, "share_pm_pct": 28.3, "pax_ev": 27189, "veh_ev": 3495, "riders_ev": 227199, "share_ev_pct": 13.3, "pax_night": 10214, "veh_night": 1225, "riders_night": 58156, "share_night_pct": 5.0 }, "geometry": { "type": "MultiLineString", "coordinates": [ [ [ -73.945516635633837, 40.619605611562569 ], [ -73.945066427905658, 40.617212686631753 ] ], [ [ -73.948014660129374, 40.636266952274497 ], [ -73.947773304036843, 40.63399815619627 ] ], [ [ -73.945066427905658, 40.617212686631753 ], [ -73.944860123273429, 40.616205156989828 ] ], [ [ -73.948514690661071, 40.64094537241472 ], [ -73.948413433706634, 40.639987463547705 ] ], [ [ -73.944795472663017, 40.615888529934928 ], [ -73.944573665197652, 40.61480377235371 ] ], [ [ -73.946874399445477, 40.626773668245498 ], [ -73.94642266068135, 40.624385567415999 ] ], [ [ -73.948264996602703, 40.638607189615186 ], [ -73.948014660129374, 40.636266952274497 ] ], [ [ -73.94732672227515, 40.629166566212767 ], [ -73.946874399445477, 40.626773668245498 ] ], [ [ -73.944860123273429, 40.616205156989828 ], [ -73.944827709809147, 40.61604620855519 ] ], [ [ -73.945968498219401, 40.621994815430284 ], [ -73.945516635633837, 40.619605611562569 ] ], [ [ -73.947773304036843, 40.63399815619627 ], [ -73.947699318030658, 40.632884747404844 ] ], [ [ -73.944827709809147, 40.61604620855519 ], [ -73.944795472663017, 40.615888529934928 ] ], [ [ -73.947699318030658, 40.632884747404844 ], [ -73.947542920418257, 40.631580778190738 ] ], [ [ -73.94642266068135, 40.624385567415999 ], [ -73.945968498219401, 40.621994815430284 ] ], [ [ -73.948413433706634, 40.639987463547705 ], [ -73.948292498610925, 40.638862933784878 ] ], [ [ -73.948292498610925, 40.638862933784878 ], [ -73.948264996602703, 40.638607189615186 ] ], [ [ -73.947542920418257, 40.631580778190738 ], [ -73.947472182548253, 40.630752195040138 ] ], [ [ -73.947472182548253, 40.630752195040138 ], [ -73.94745837103082, 40.630590411393449 ] ], [ [ -73.94745837103082, 40.630590411393449 ], [ -73.947444561317155, 40.630441061913707 ] ], [ [ -73.947444561317155, 40.630441061913707 ], [ -73.94732672227515, 40.629166566212767 ] ] ] } },
{ "type": "Feature", "properties": { "corridor_id": 210, "rank": 15, "name": "UTICA AVENUE (Brooklyn)", "street": "UTICA AVENUE", "borough": "Brooklyn", "n_blocks": 33, "n_routes": 3, "routes": [ "B17", "B46", "B46+" ], "peak_period": "pm", "hourly_pax": [ 2283, 1688, 1091, 381, 588, 1790, 6212, 12203, 27224, 15837, 10890, 10583, 11271, 10829, 12139, 15424, 14915, 19500, 18431, 10681, 9305, 9556, 7077, 2715 ], "miles": 1.68, "pax_delay_min": 183291, "veh_delay_min": 9825, "riders_20d": 163578, "bus_trips_20d": 11179, "rider_block_crossings": 5398084, "bus_block_crossings": 368907, "min_per_bus": 0.72, "sec_per_rider": 43, "riders_per_delayed_bus_min": 18.7, "riders_per_bus": 14.6, "pax_delay_per_mile": 109350, "veh_delay_per_mile": 5862, "buses_per_day": 559, "riders_per_day": 8179, "share_of_city_delay_pct": 0.918, "cum_share_pct": 29.88, "pax_am": 61476, "veh_am": 3817, "riders_am": 1021470, "share_am_pct": 26.4, "pax_md": 55712, "veh_md": 3102, "riders_md": 1020103, "share_md_pct": 24.0, "pax_pm": 68270, "veh_pm": 3454, "riders_pm": 1134543, "share_pm_pct": 29.3, "pax_ev": 39334, "veh_ev": 2671, "riders_ev": 761404, "share_ev_pct": 16.9, "pax_night": 7821, "veh_night": 602, "riders_night": 221097, "share_night_pct": 3.4 }, "geometry": { "type": "MultiLineString", "coordinates": [ [ [ -73.931325697689161, 40.660593306594713 ], [ -73.93108323096105, 40.658295916108258 ] ], [ [ -73.931381438772689, 40.666125796753654 ], [ -73.931455500378163, 40.665233817135665 ] ], [ [ -73.931406793818354, 40.661330508305255 ], [ -73.931325697689161, 40.660593306594713 ] ], [ [ -73.93129054895654, 40.667015317839102 ], [ -73.931381438772689, 40.666125796753654 ] ], [ [ -73.931139545811263, 40.668589265904764 ], [ -73.931213221951225, 40.667824483608378 ] ], [ [ -73.931099893406838, 40.669010908666309 ], [ -73.931119378093186, 40.668798542598843 ] ], [ [ -73.930321225419348, 40.677478678869463 ], [ -73.93031762748052, 40.677413038139811 ] ], [ [ -73.93052948246654, 40.675038796320528 ], [ -73.930614481857972, 40.674147139608813 ] ], [ [ -73.93031762748052, 40.677413038139811 ], [ -73.930313915462193, 40.677308909006172 ] ], [ [ -73.931602186732846, 40.66323044443007 ], [ -73.931556388496645, 40.662755403958336 ] ], [ [ -73.931455500378163, 40.665233817135665 ], [ -73.931539066924088, 40.664342904989759 ] ], [ [ -73.931213221951225, 40.667824483608378 ], [ -73.93129054895654, 40.667015317839102 ] ], [ [ -73.93108323096105, 40.658295916108258 ], [ -73.930903549393307, 40.656610355445963 ] ], [ [ -73.930951130639642, 40.670582804639665 ], [ -73.93103321979666, 40.669737792348442 ] ], [ [ -73.930382895003362, 40.67659742735011 ], [ -73.930457087696482, 40.675818742638711 ] ], [ [ -73.931556388496645, 40.662755403958336 ], [ -73.931479914227268, 40.662051109379981 ] ], [ [ -73.931539066924088, 40.664342904989759 ], [ -73.931607434073811, 40.663556722797786 ] ], [ [ -73.93086761891945, 40.671473868900385 ], [ -73.930951130639642, 40.670582804639665 ] ], [ [ -73.930793288215497, 40.672364956919907 ], [ -73.93086761891945, 40.671473868900385 ] ], [ [ -73.930614481857972, 40.674147139608813 ], [ -73.930697727039018, 40.673256778315626 ] ], [ [ -73.929057282342228, 40.679276433060174 ], [ -73.929308550897744, 40.679034321833996 ] ], [ [ -73.931479914227268, 40.662051109379981 ], [ -73.931406793818354, 40.661330508305255 ] ], [ [ -73.930903549393307, 40.656610355445963 ], [ -73.930767116838581, 40.655335609267198 ] ], [ [ -73.930457087696482, 40.675818742638711 ], [ -73.93052948246654, 40.675038796320528 ] ], [ [ -73.930313915462193, 40.677308909006172 ], [ -73.930382895003362, 40.67659742735011 ] ], [ [ -73.929308550897744, 40.679034321833996 ], [ -73.929812031533757, 40.678547961485812 ] ], [ [ -73.930697727039018, 40.673256778315626 ], [ -73.930793288215497, 40.672364956919907 ] ], [ [ -73.931607434073811, 40.663556722797786 ], [ -73.931602186732846, 40.66323044443007 ] ], [ [ -73.93103321979666, 40.669737792348442 ], [ -73.931099893406838, 40.669010908666309 ] ], [ [ -73.931119378093186, 40.668798542598843 ], [ -73.931132076028291, 40.668666781098892 ] ], [ [ -73.931132076028291, 40.668666781098892 ], [ -73.931139545811263, 40.668589265904764 ] ], [ [ -73.929812031533757, 40.678547961485812 ], [ -73.930063233702043, 40.678260099195803 ] ], [ [ -73.930063233702043, 40.678260099195803 ], [ -73.930321225419348, 40.677478678869463 ] ] ] } },
{ "type": "Feature", "properties": { "corridor_id": 186, "rank": 16, "name": "MERMAID AVENUE (Brooklyn)", "street": "MERMAID AVENUE", "borough": "Brooklyn", "n_blocks": 18, "n_routes": 2, "routes": [ "B74", "B82" ], "peak_period": "am", "hourly_pax": [ 39, 32, 48, 8, 18, 957, 14022, 22940, 17572, 9592, 8322, 11640, 12192, 8310, 8328, 6865, 7043, 5846, 8352, 3708, 3817, 1918, 1035, 437 ], "miles": 0.96, "pax_delay_min": 173429, "veh_delay_min": 20295, "riders_20d": 80704, "bus_trips_20d": 6661, "rider_block_crossings": 1452672, "bus_block_crossings": 119901, "min_per_bus": 5.47, "sec_per_rider": 328, "riders_per_delayed_bus_min": 8.5, "riders_per_bus": 12.1, "pax_delay_per_mile": 180713, "veh_delay_per_mile": 21147, "buses_per_day": 333, "riders_per_day": 4035, "share_of_city_delay_pct": 0.869, "cum_share_pct": 30.75, "pax_am": 64126, "veh_am": 4111, "riders_am": 372031, "share_am_pct": 41.9, "pax_md": 48791, "veh_md": 4444, "riders_md": 398047, "share_md_pct": 31.9, "pax_pm": 28105, "veh_pm": 4324, "riders_pm": 328383, "share_pm_pct": 18.4, "pax_ev": 10915, "veh_ev": 3102, "riders_ev": 130445, "share_ev_pct": 7.1, "pax_night": 1101, "veh_night": 571, "riders_night": 11899, "share_night_pct": 0.7 }, "geometry": { "type": "MultiLineString", "coordinates": [ [ [ -73.995379757668843, 40.575450820421779 ], [ -73.99643826756035, 40.575335501145801 ] ], [ [ -73.985832516175435, 40.576509695934888 ], [ -73.986892914756297, 40.576392096084646 ] ], [ [ -73.99643826756035, 40.575335501145801 ], [ -73.997496927593531, 40.575217794569753 ] ], [ [ -73.997496927593531, 40.575217794569753 ], [ -73.998556470132982, 40.575100564627029 ] ], [ [ -73.986892914756297, 40.576392096084646 ], [ -73.987953851856247, 40.57627577436412 ] ], [ [ -73.984773590714539, 40.57662632221686 ], [ -73.985832516175435, 40.576509695934888 ] ], [ [ -73.991134799850528, 40.575925679244826 ], [ -73.992195970982849, 40.575808570678284 ] ], [ [ -73.990155451900677, 40.576032608963757 ], [ -73.991134799850528, 40.575925679244826 ] ], [ [ -73.994315538235938, 40.575573991877363 ], [ -73.995379757668843, 40.575450820421779 ] ], [ [ -73.992195970982849, 40.575808570678284 ], [ -73.993261980390912, 40.575695154234936 ] ], [ [ -73.998556470132982, 40.575100564627029 ], [ -73.9996151227013, 40.574984207087979 ] ], [ [ -73.993261980390912, 40.575695154234936 ], [ -73.994315538235938, 40.575573991877363 ] ], [ [ -73.981563674131252, 40.576981820571824 ], [ -73.982651229006279, 40.576859311507519 ] ], [ [ -73.983711271892645, 40.576743325822676 ], [ -73.984773590714539, 40.57662632221686 ] ], [ [ -73.987953851856247, 40.57627577436412 ], [ -73.989015553635696, 40.576158317548661 ] ], [ [ -73.982651229006279, 40.576859311507519 ], [ -73.983711271892645, 40.576743325822676 ] ], [ [ -73.989015553635696, 40.576158317548661 ], [ -73.990074026920453, 40.57604149896418 ] ], [ [ -73.990074026920453, 40.57604149896418 ], [ -73.990155451900677, 40.576032608963757 ] ] ] } },
{ "type": "Feature", "properties": { "corridor_id": 356, "rank": 17, "name": "EAST 23 STREET (Manhattan)", "street": "EAST 23 STREET", "borough": "Manhattan", "n_blocks": 23, "n_routes": 30, "routes": [ "BM1", "BM2", "BM3", "BM4", "BXM10", "BXM18", "BXM6", "BXM7", "BXM8", "BXM9", "M23+", "M34+", "M34A+", "M9", "QM63", "QM64", "QM68", "SIM10", "SIM11", "SIM1C", "SIM3", "SIM31", "SIM33C", "SIM3C", "SIM4C", "SIM6", "X27", "X28", "X37", "X38" ], "peak_period": "am", "hourly_pax": [ 1431, 766, 84, 97, 52, 3225, 11396, 20827, 19651, 20188, 2368, 2482, 2869, 2975, 3692, 9742, 13532, 15740, 12489, 3454, 4134, 2090, 2003, 1935 ], "miles": 0.89, "pax_delay_min": 165835, "veh_delay_min": 19406, "riders_20d": 67238, "bus_trips_20d": 8125, "rider_block_crossings": 1546466, "bus_block_crossings": 186873, "min_per_bus": 1.93, "sec_per_rider": 116, "riders_per_delayed_bus_min": 8.5, "riders_per_bus": 8.3, "pax_delay_per_mile": 186126, "veh_delay_per_mile": 21780, "buses_per_day": 406, "riders_per_day": 3362, "share_of_city_delay_pct": 0.831, "cum_share_pct": 31.58, "pax_am": 72062, "veh_am": 5777, "riders_am": 523977, "share_am_pct": 45.8, "pax_md": 14387, "veh_md": 3074, "riders_md": 172752, "share_md_pct": 9.2, "pax_pm": 51503, "veh_pm": 3793, "riders_pm": 521615, "share_pm_pct": 32.8, "pax_ev": 13615, "veh_ev": 2693, "riders_ev": 124267, "share_ev_pct": 8.7, "pax_night": 5657, "veh_night": 788, "riders_night": 64425, "share_night_pct": 3.6 }, "geometry": { "type": "MultiLineString", "coordinates": [ [ [ -73.98798240020426, 40.740872654278135 ], [ -73.986416631300969, 40.740207085232498 ] ], [ [ -73.986361417349812, 40.740184800106753 ], [ -73.986301705438962, 40.740160001873903 ] ], [ [ -73.97495992967599, 40.735368718069708 ], [ -73.974893051571499, 40.735375196497451 ] ], [ [ -73.975837139716077, 40.735746202031294 ], [ -73.97520468475706, 40.735476534994696 ] ], [ [ -73.974826185722748, 40.735381674065621 ], [ -73.974749005740051, 40.735425187862091 ] ], [ [ -73.97520468475706, 40.735476534994696 ], [ -73.975073618143611, 40.735369628465882 ] ], [ [ -73.974893051571499, 40.735375196497451 ], [ -73.974826185722748, 40.735381674065621 ] ], [ [ -73.978023862322715, 40.736670729339785 ], [ -73.977071700768718, 40.736269101596278 ] ], [ [ -73.978540946450892, 40.736887659323422 ], [ -73.978293885706279, 40.736784623850248 ] ], [ [ -73.986416631300969, 40.740207085232498 ], [ -73.986361417349812, 40.740184800106753 ] ], [ [ -73.989366859866479, 40.741461743780128 ], [ -73.989125797870841, 40.7413577341772 ] ], [ [ -73.986301705438962, 40.740160001873903 ], [ -73.984742310682208, 40.739510360231307 ] ], [ [ -73.980905340713875, 40.737886163804752 ], [ -73.978540946450892, 40.736887659323422 ] ], [ [ -73.983146548366321, 40.738831812360566 ], [ -73.980905340713875, 40.737886163804752 ] ], [ [ -73.988320333036441, 40.741015868176476 ], [ -73.98798240020426, 40.740872654278135 ] ], [ [ -73.989575657808686, 40.74154808035123 ], [ -73.989366859866479, 40.741461743780128 ] ], [ [ -73.975073618143611, 40.735369628465882 ], [ -73.97495992967599, 40.735368718069708 ] ], [ [ -73.989125797870841, 40.7413577341772 ], [ -73.988320333036441, 40.741015868176476 ] ], [ [ -73.97630684441809, 40.73594647147327 ], [ -73.975837139716077, 40.735746202031294 ] ], [ [ -73.978293885706279, 40.736784623850248 ], [ -73.978023862322715, 40.736670729339785 ] ], [ [ -73.977071700768718, 40.736269101596278 ], [ -73.97630684441809, 40.73594647147327 ] ], [ [ -73.984742310682208, 40.739510360231307 ], [ -73.984004854221425, 40.739196784787772 ] ], [ [ -73.984004854221425, 40.739196784787772 ], [ -73.983146548366321, 40.738831812360566 ] ] ] } },
{ "type": "Feature", "properties": { "corridor_id": 44, "rank": 18, "name": "WEST FORDHAM ROAD (Bronx)", "street": "WEST FORDHAM ROAD", "borough": "Bronx", "n_blocks": 23, "n_routes": 6, "routes": [ "BX12", "BX12+", "BXM1", "BXM18", "BXM2", "BXM3" ], "peak_period": "md", "hourly_pax": [ 675, 347, 132, 211, 185, 703, 6000, 8305, 8310, 7781, 6832, 8614, 8471, 7305, 9418, 9566, 11012, 9395, 8026, 7291, 6393, 5276, 3504, 1066 ], "miles": 0.73, "pax_delay_min": 165240, "veh_delay_min": 15199, "riders_20d": 67150, "bus_trips_20d": 6685, "rider_block_crossings": 1544460, "bus_block_crossings": 153766, "min_per_bus": 1.48, "sec_per_rider": 89, "riders_per_delayed_bus_min": 10.9, "riders_per_bus": 10.0, "pax_delay_per_mile": 225709, "veh_delay_per_mile": 20761, "buses_per_day": 334, "riders_per_day": 3358, "share_of_city_delay_pct": 0.828, "cum_share_pct": 32.41, "pax_am": 30397, "veh_am": 2660, "riders_am": 311756, "share_am_pct": 22.5, "pax_md": 40642, "veh_md": 4094, "riders_md": 277229, "share_md_pct": 30.1, "pax_pm": 37998, "veh_pm": 2653, "riders_pm": 364642, "share_pm_pct": 28.2, "pax_ev": 23531, "veh_ev": 2370, "riders_ev": 208792, "share_ev_pct": 17.5, "pax_night": 2255, "veh_night": 243, "riders_night": 43836, "share_night_pct": 1.7 }, "geometry": { "type": "MultiLineString", "coordinates": [ [ [ -73.911812291946248, 40.861732385972758 ], [ -73.911978519183648, 40.861717681369193 ] ], [ [ -73.904933860406857, 40.86274957409757 ], [ -73.906158954526063, 40.862778978310139 ] ], [ [ -73.902292979248401, 40.862717597596109 ], [ -73.903318454012492, 40.86273528259381 ] ], [ [ -73.912051246473482, 40.861827974957912 ], [ -73.91238509313996, 40.861885256952505 ] ], [ [ -73.912107453123639, 40.861731449088019 ], [ -73.912516861129774, 40.861773686898836 ] ], [ [ -73.901079670257346, 40.862756383324729 ], [ -73.902292979248401, 40.862717597596109 ] ], [ [ -73.906158954526063, 40.862778978310139 ], [ -73.907549788658372, 40.862814950281141 ] ], [ [ -73.912577234977917, 40.861916478737882 ], [ -73.912646161537822, 40.861923950964027 ] ], [ [ -73.911884232498991, 40.8617920530749 ], [ -73.912051246473482, 40.861827974957912 ] ], [ [ -73.911812291946248, 40.861732385972758 ], [ -73.911884232498991, 40.8617920530749 ] ], [ [ -73.909387069261157, 40.862748572257473 ], [ -73.909866681640025, 40.862310068243666 ] ], [ [ -73.909866681640025, 40.862310068243666 ], [ -73.910755958166703, 40.861651483957864 ] ], [ [ -73.909022527888666, 40.862682809214625 ], [ -73.909866681640025, 40.862310068243666 ] ], [ [ -73.910755958166703, 40.861651483957864 ], [ -73.911812291946248, 40.861732385972758 ] ], [ [ -73.911978519183648, 40.861717681369193 ], [ -73.912107453123639, 40.861731449088019 ] ], [ [ -73.903318454012492, 40.86273528259381 ], [ -73.904046977361801, 40.86274173091568 ] ], [ [ -73.904046977361801, 40.86274173091568 ], [ -73.904933860406857, 40.86274957409757 ] ], [ [ -73.907549788658372, 40.862814950281141 ], [ -73.908348662632051, 40.862821971787604 ] ], [ [ -73.908348662632051, 40.862821971787604 ], [ -73.909022527888666, 40.862682809214625 ] ], [ [ -73.91238509313996, 40.861885256952505 ], [ -73.912557834494933, 40.861835679833582 ] ], [ [ -73.91238509313996, 40.861885256952505 ], [ -73.912488965850358, 40.861902135266867 ] ], [ [ -73.912488965850358, 40.861902135266867 ], [ -73.912577234977917, 40.861916478737882 ] ], [ [ -73.912557834494933, 40.861835679833582 ], [ -73.912716147103268, 40.861792802332914 ] ] ] } },
{ "type": "Feature", "properties": { "corridor_id": 331, "rank": 19, "name": "5 AVENUE (Manhattan)", "street": "5 AVENUE", "borough": "Manhattan", "n_blocks": 43, "n_routes": 30, "routes": [ "BM1", "BM2", "BM3", "BM4", "BM5", "BXM10", "BXM11", "BXM18", "BXM3", "BXM4", "BXM6", "BXM7", "BXM8", "BXM9", "M1", "M2", "M3", "M4", "M5", "M55", "SIM10", "SIM1C", "SIM3", "SIM30", "SIM31", "SIM4C", "SIM8", "X27", "X37", "X38" ], "peak_period": "pm", "hourly_pax": [ 2043, 1844, 11, 0, 55, 93, 2683, 7715, 11357, 10442, 6757, 4457, 5509, 6262, 5823, 8914, 18676, 29206, 12878, 2248, 4567, 2981, 3838, 3487 ], "miles": 1.72, "pax_delay_min": 165076, "veh_delay_min": 48413, "riders_20d": 73817, "bus_trips_20d": 17002, "rider_block_crossings": 3174150, "bus_block_crossings": 731081, "min_per_bus": 2.3, "sec_per_rider": 138, "riders_per_delayed_bus_min": 3.4, "riders_per_bus": 4.3, "pax_delay_per_mile": 95835, "veh_delay_per_mile": 28106, "buses_per_day": 850, "riders_per_day": 3691, "share_of_city_delay_pct": 0.827, "cum_share_pct": 33.23, "pax_am": 32198, "veh_am": 7707, "riders_am": 623176, "share_am_pct": 21.2, "pax_md": 28808, "veh_md": 9872, "riders_md": 596944, "share_md_pct": 19.0, "pax_pm": 69673, "veh_pm": 13759, "riders_pm": 956455, "share_pm_pct": 45.9, "pax_ev": 17121, "veh_ev": 8962, "riders_ev": 361757, "share_ev_pct": 11.3, "pax_night": 4046, "veh_night": 1366, "riders_night": 72141, "share_night_pct": 2.7 }, "geometry": { "type": "MultiLineString", "coordinates": [ [ [ -73.979936472241761, 40.754782543257768 ], [ -73.979483138646998, 40.755404965182301 ] ], [ [ -73.978116071462281, 40.757284427481295 ], [ -73.97765482725552, 40.757911423662371 ] ], [ [ -73.97765482725552, 40.757911423662371 ], [ -73.977200265326132, 40.758537933169499 ] ], [ [ -73.991797688360023, 40.738503653814206 ], [ -73.991374072283847, 40.739088187557904 ] ], [ [ -73.985948567389627, 40.746535853767433 ], [ -73.985496022627444, 40.747152329521576 ] ], [ [ -73.983621584322947, 40.749723771682255 ], [ -73.98317416277132, 40.750342209221401 ] ], [ [ -73.978565253465618, 40.756654842976289 ], [ -73.978116071462281, 40.757284427481295 ] ], [ [ -73.990517842535141, 40.740261688300457 ], [ -73.99007005846822, 40.74088024481496 ] ], [ [ -73.988964341264335, 40.742378369851338 ], [ -73.988644451609915, 40.742814114044663 ] ], [ [ -73.987746837697898, 40.744065528319091 ], [ -73.987298055499934, 40.74468149822377 ] ], [ [ -73.984560771363547, 40.748438842400091 ], [ -73.98407636091973, 40.749102124757862 ] ], [ [ -73.991374072283847, 40.739088187557904 ], [ -73.990945215494392, 40.739673376377716 ] ], [ [ -73.982274904212659, 40.751577298276764 ], [ -73.981822443319516, 40.752197126979453 ] ], [ [ -73.9790239680149, 40.756031868021623 ], [ -73.978565253465618, 40.756654842976289 ] ], [ [ -73.98317416277132, 40.750342209221401 ], [ -73.982723874858195, 40.750958944442466 ] ], [ [ -73.982723874858195, 40.750958944442466 ], [ -73.982274904212659, 40.751577298276764 ] ], [ [ -73.981822443319516, 40.752197126979453 ], [ -73.981371504138934, 40.752813852533144 ] ], [ [ -73.98407636091973, 40.749102124757862 ], [ -73.983621584322947, 40.749723771682255 ] ], [ [ -73.986845393088032, 40.74530072609744 ], [ -73.986393266235552, 40.745921194200918 ] ], [ [ -73.986393266235552, 40.745921194200918 ], [ -73.985948567389627, 40.746535853767433 ] ], [ [ -73.990945215494392, 40.739673376377716 ], [ -73.990517842535141, 40.740261688300457 ] ], [ [ -73.988193610306539, 40.743450736100534 ], [ -73.987746837697898, 40.744065528319091 ] ], [ [ -73.977200265326132, 40.758537933169499 ], [ -73.976744676097027, 40.759164737875743 ] ], [ [ -73.988644451609915, 40.742814114044663 ], [ -73.988193610306539, 40.743450736100534 ] ], [ [ -73.985496022627444, 40.747152329521576 ], [ -73.985045776884732, 40.747773017755755 ] ], [ [ -73.985045776884732, 40.747773017755755 ], [ -73.984560771363547, 40.748438842400091 ] ], [ [ -73.99007005846822, 40.74088024481496 ], [ -73.989575657808686, 40.74154808035123 ] ], [ [ -73.987298055499934, 40.74468149822377 ], [ -73.986845393088032, 40.74530072609744 ] ], [ [ -73.992654310287179, 40.737330467725371 ], [ -73.992224848742708, 40.737916984933797 ] ], [ [ -73.989575657808686, 40.74154808035123 ], [ -73.989318432279504, 40.741913941429758 ] ], [ [ -73.981371504138934, 40.752813852533144 ], [ -73.980940664097858, 40.753407207529655 ] ], [ [ -73.980940664097858, 40.753407207529655 ], [ -73.980887099036423, 40.753480988694065 ] ], [ [ -73.980887099036423, 40.753480988694065 ], [ -73.98061498389491, 40.753854047033869 ] ], [ [ -73.98061498389491, 40.753854047033869 ], [ -73.980395602096308, 40.754154808299283 ] ], [ [ -73.980395602096308, 40.754154808299283 ], [ -73.980170724619256, 40.754462269211452 ] ], [ [ -73.980170724619256, 40.754462269211452 ], [ -73.979936472241761, 40.754782543257768 ] ], [ [ -73.979483138646998, 40.755404965182301 ], [ -73.979298472918444, 40.755657089186194 ] ], [ [ -73.979298472918444, 40.755657089186194 ], [ -73.9790239680149, 40.756031868021623 ] ], [ [ -73.992224848742708, 40.737916984933797 ], [ -73.991933500162816, 40.73831712894092 ] ], [ [ -73.991933500162816, 40.73831712894092 ], [ -73.991901392632244, 40.738361225525686 ] ], [ [ -73.991901392632244, 40.738361225525686 ], [ -73.991797688360023, 40.738503653814206 ] ], [ [ -73.989318432279504, 40.741913941429758 ], [ -73.989096283597732, 40.742203697142756 ] ], [ [ -73.989096283597732, 40.742203697142756 ], [ -73.988964341264335, 40.742378369851338 ] ] ] } },
{ "type": "Feature", "properties": { "corridor_id": 579, "rank": 20, "name": "41 ROAD (Queens)", "street": "41 ROAD", "borough": "Queens", "n_blocks": 2, "n_routes": 2, "routes": [ "Q58", "Q98" ], "peak_period": "md", "hourly_pax": [ 512, 164, 111, 423, 184, 1748, 16052, 9041, 6540, 8426, 10695, 8869, 9105, 7389, 6406, 3194, 3539, 4386, 5200, 3166, 1470, 1849, 2365, 1913 ], "miles": 0.26, "pax_delay_min": 158202, "veh_delay_min": 21739, "riders_20d": 29826, "bus_trips_20d": 4184, "rider_block_crossings": 59651, "bus_block_crossings": 8367, "min_per_bus": 5.24, "sec_per_rider": 315, "riders_per_delayed_bus_min": 7.3, "riders_per_bus": 7.1, "pax_delay_per_mile": 601624, "veh_delay_per_mile": 82672, "buses_per_day": 209, "riders_per_day": 1491, "share_of_city_delay_pct": 0.792, "cum_share_pct": 34.03, "pax_am": 40059, "veh_am": 4138, "riders_am": 16029, "share_am_pct": 35.5, "pax_md": 42463, "veh_md": 3900, "riders_md": 15161, "share_md_pct": 37.7, "pax_pm": 16320, "veh_pm": 3294, "riders_pm": 7452, "share_pm_pct": 14.5, "pax_ev": 10764, "veh_ev": 2929, "riders_ev": 4600, "share_ev_pct": 9.5, "pax_night": 3141, "veh_night": 880, "riders_night": 1760, "share_night_pct": 2.8 }, "geometry": { "type": "MultiLineString", "coordinates": [ [ [ -73.833399248202298, 40.755521817960364 ], [ -73.831349058154402, 40.756480530956694 ] ], [ [ -73.831349058154402, 40.756480530956694 ], [ -73.829134056460774, 40.757522647214984 ] ] ] } },
{ "type": "Feature", "properties": { "corridor_id": 222, "rank": 21, "name": "ROCKAWAY PARKWAY (Brooklyn)", "street": "ROCKAWAY PARKWAY", "borough": "Brooklyn", "n_blocks": 14, "n_routes": 6, "routes": [ "B17", "B42", "B6", "B60", "B82", "B82+" ], "peak_period": "pm", "hourly_pax": [ 1361, 865, 379, 404, 567, 1287, 4980, 6682, 11647, 9478, 8130, 6494, 7093, 7905, 7397, 12247, 13370, 13178, 13638, 6625, 4994, 3605, 2750, 2074 ], "miles": 1.01, "pax_delay_min": 154948, "veh_delay_min": 11317, "riders_20d": 48218, "bus_trips_20d": 5029, "rider_block_crossings": 675049, "bus_block_crossings": 70400, "min_per_bus": 1.1, "sec_per_rider": 66, "riders_per_delayed_bus_min": 13.7, "riders_per_bus": 9.6, "pax_delay_per_mile": 153482, "veh_delay_per_mile": 11210, "buses_per_day": 251, "riders_per_day": 2411, "share_of_city_delay_pct": 0.776, "cum_share_pct": 34.8, "pax_am": 32788, "veh_am": 2294, "riders_am": 162761, "share_am_pct": 22.3, "pax_md": 37019, "veh_md": 2907, "riders_md": 127190, "share_md_pct": 25.2, "pax_pm": 52433, "veh_pm": 3681, "riders_pm": 152069, "share_pm_pct": 35.6, "pax_ev": 20048, "veh_ev": 2436, "riders_ev": 80934, "share_ev_pct": 13.6, "pax_night": 4863, "veh_night": 618, "riders_night": 36292, "share_night_pct": 3.3 }, "geometry": { "type": "MultiLineString", "coordinates": [ [ [ -73.895191323294668, 40.638741252341582 ], [ -73.893374856778891, 40.637108102722941 ] ], [ [ -73.903982005365179, 40.646628567111819 ], [ -73.903435694676588, 40.646143162586355 ] ], [ [ -73.896368409599546, 40.639797547519983 ], [ -73.895191323294668, 40.638741252341582 ] ], [ [ -73.897011354107619, 40.640374564102814 ], [ -73.896368409599546, 40.639797547519983 ] ], [ [ -73.905799837259678, 40.648265078467283 ], [ -73.905095802935932, 40.647606851022196 ] ], [ [ -73.89940579454742, 40.642523684387449 ], [ -73.898828154623942, 40.642005244528804 ] ], [ [ -73.903435694676588, 40.646143162586355 ], [ -73.902312698071981, 40.64513470475341 ] ], [ [ -73.905095802935932, 40.647606851022196 ], [ -73.903982005365179, 40.646628567111819 ] ], [ [ -73.901380341896768, 40.644296696992235 ], [ -73.900669941967621, 40.643659914311137 ] ], [ [ -73.900669941967621, 40.643659914311137 ], [ -73.899914391893191, 40.642978260037687 ] ], [ [ -73.902312698071981, 40.64513470475341 ], [ -73.901380341896768, 40.644296696992235 ] ], [ [ -73.899914391893191, 40.642978260037687 ], [ -73.89940579454742, 40.642523684387449 ] ], [ [ -73.898828154623942, 40.642005244528804 ], [ -73.898139478596136, 40.641387129676957 ] ], [ [ -73.898139478596136, 40.641387129676957 ], [ -73.897011354107619, 40.640374564102814 ] ] ] } },
{ "type": "Feature", "properties": { "corridor_id": 59, "rank": 22, "name": "BAYCHESTER AVENUE (Bronx)", "street": "BAYCHESTER AVENUE", "borough": "Bronx", "n_blocks": 18, "n_routes": 9, "routes": [ "BX12", "BX12+", "BX23", "BX25", "BX28", "BX30", "BX38", "BX5", "Q50" ], "peak_period": "pm", "hourly_pax": [ 482, 190, 76, 174, 39, 644, 1227, 2410, 5783, 3665, 8442, 9421, 6124, 8415, 8500, 8533, 11262, 11199, 10035, 3094, 2252, 2506, 1729, 1734 ], "miles": 0.81, "pax_delay_min": 153700, "veh_delay_min": 26687, "riders_20d": 26661, "bus_trips_20d": 4131, "rider_block_crossings": 479901, "bus_block_crossings": 74360, "min_per_bus": 3.59, "sec_per_rider": 216, "riders_per_delayed_bus_min": 5.8, "riders_per_bus": 6.5, "pax_delay_per_mile": 188659, "veh_delay_per_mile": 32757, "buses_per_day": 207, "riders_per_day": 1333, "share_of_city_delay_pct": 0.77, "cum_share_pct": 35.57, "pax_am": 13084, "veh_am": 4881, "riders_am": 86506, "share_am_pct": 12.1, "pax_md": 40903, "veh_md": 4839, "riders_md": 98915, "share_md_pct": 37.9, "pax_pm": 41028, "veh_pm": 4808, "riders_pm": 119954, "share_pm_pct": 38.0, "pax_ev": 11315, "veh_ev": 3909, "riders_ev": 48193, "share_ev_pct": 10.5, "pax_night": 1605, "veh_night": 563, "riders_night": 25252, "share_night_pct": 1.5 }, "geometry": { "type": "MultiLineString", "coordinates": [ [ [ -73.831632292637465, 40.868735221894809 ], [ -73.831662009042901, 40.868790468033048 ] ], [ [ -73.830122062165458, 40.864996673265502 ], [ -73.831011332215681, 40.866856203578109 ] ], [ [ -73.832372572989811, 40.870049854824643 ], [ -73.832682784582929, 40.870605148760959 ] ], [ [ -73.831703158801929, 40.86887285616173 ], [ -73.832372572989811, 40.870049854824643 ] ], [ [ -73.830809429415666, 40.866911838684061 ], [ -73.830930516560372, 40.867139911444625 ] ], [ [ -73.831662009042901, 40.868790468033048 ], [ -73.831703158801929, 40.86887285616173 ] ], [ [ -73.831011332215681, 40.866856203578109 ], [ -73.830930516560372, 40.867139911444625 ] ], [ [ -73.833490396062984, 40.872084743465322 ], [ -73.833576318501258, 40.872339723637253 ] ], [ [ -73.832682784582929, 40.870605148760959 ], [ -73.833102144622018, 40.871375402593507 ] ], [ [ -73.833102144622018, 40.871375402593507 ], [ -73.833490396062984, 40.872084743465322 ] ], [ [ -73.833830171535666, 40.87516303428793 ], [ -73.833777609301052, 40.876016971521111 ] ], [ [ -73.830930516560372, 40.867139911444625 ], [ -73.831092517782707, 40.867495299826786 ] ], [ [ -73.831278880227629, 40.867926496530643 ], [ -73.831632292637465, 40.868735221894809 ] ], [ [ -73.831092517782707, 40.867495299826786 ], [ -73.831122235057009, 40.867568032333679 ] ], [ [ -73.831122235057009, 40.867568032333679 ], [ -73.831278880227629, 40.867926496530643 ] ], [ [ -73.833576318501258, 40.872339723637253 ], [ -73.83377729088545, 40.873235013237689 ] ], [ [ -73.83377729088545, 40.873235013237689 ], [ -73.833833603638638, 40.874966321034343 ] ], [ [ -73.833833603638638, 40.874966321034343 ], [ -73.833830171535666, 40.87516303428793 ] ] ] } },
{ "type": "Feature", "properties": { "corridor_id": 390, "rank": 23, "name": "WEST 181 STREET (Manhattan)", "street": "WEST 181 STREET", "borough": "Manhattan", "n_blocks": 4, "n_routes": 5, "routes": [ "BX11", "BX13", "BX3", "BX35", "BX36" ], "peak_period": "md", "hourly_pax": [ 1969, 929, 382, 320, 312, 1521, 3781, 4042, 6544, 7807, 8131, 7313, 7158, 7026, 7420, 9329, 7631, 5056, 7956, 6088, 5670, 4759, 3590, 3029 ], "miles": 0.29, "pax_delay_min": 152318, "veh_delay_min": 28232, "riders_20d": 122011, "bus_trips_20d": 21187, "rider_block_crossings": 488042, "bus_block_crossings": 84746, "min_per_bus": 1.15, "sec_per_rider": 69, "riders_per_delayed_bus_min": 5.4, "riders_per_bus": 5.8, "pax_delay_per_mile": 522132, "veh_delay_per_mile": 96777, "buses_per_day": 1059, "riders_per_day": 6101, "share_of_city_delay_pct": 0.763, "cum_share_pct": 36.33, "pax_am": 22173, "veh_am": 4236, "riders_am": 88595, "share_am_pct": 18.8, "pax_md": 37048, "veh_md": 6262, "riders_md": 111387, "share_md_pct": 31.5, "pax_pm": 29972, "veh_pm": 3909, "riders_pm": 115131, "share_pm_pct": 25.5, "pax_ev": 23137, "veh_ev": 5423, "riders_ev": 52010, "share_ev_pct": 19.6, "pax_night": 5433, "veh_night": 1458, "riders_night": 14890, "share_night_pct": 4.6 }, "geometry": { "type": "MultiLineString", "coordinates": [ [ [ -73.932337089962516, 40.848735015734157 ], [ -73.933730795425959, 40.849321297925208 ] ], [ [ -73.934965292597667, 40.849839999102223 ], [ -73.935753943108054, 40.850168202431426 ] ], [ [ -73.930884300881161, 40.848118938513878 ], [ -73.932337089962516, 40.848735015734157 ] ], [ [ -73.933730795425959, 40.849321297925208 ], [ -73.934965292597667, 40.849839999102223 ] ] ] } },
{ "type": "Feature", "properties": { "corridor_id": 248, "rank": 24, "name": "92 STREET (Brooklyn)", "street": "92 STREET", "borough": "Brooklyn", "n_blocks": 15, "n_routes": 5, "routes": [ "B70", "B8", "S53", "S79+", "S93" ], "peak_period": "am", "hourly_pax": [ 882, 514, 9, 18, 22, 3254, 13730, 25028, 17933, 11782, 12003, 11748, 7000, 6061, 6637, 7788, 6811, 7457, 7841, 5777, 3757, 2517, 1840, 1207 ], "miles": 0.47, "pax_delay_min": 151221, "veh_delay_min": 12864, "riders_20d": 45921, "bus_trips_20d": 7094, "rider_block_crossings": 688812, "bus_block_crossings": 106407, "min_per_bus": 2.17, "sec_per_rider": 130, "riders_per_delayed_bus_min": 11.8, "riders_per_bus": 6.5, "pax_delay_per_mile": 323961, "veh_delay_per_mile": 27559, "buses_per_day": 355, "riders_per_day": 2296, "share_of_city_delay_pct": 0.757, "cum_share_pct": 37.09, "pax_am": 68474, "veh_am": 3616, "riders_am": 165096, "share_am_pct": 42.4, "pax_md": 43449, "veh_md": 2795, "riders_md": 144109, "share_md_pct": 26.9, "pax_pm": 29897, "veh_pm": 2786, "riders_pm": 128969, "share_pm_pct": 18.5, "pax_ev": 15098, "veh_ev": 1800, "riders_ev": 67789, "share_ev_pct": 9.3, "pax_night": 4699, "veh_night": 756, "riders_night": 28433, "share_night_pct": 2.9 }, "geometry": { "type": "MultiLineString", "coordinates": [ [ [ -74.02839765180633, 40.617443499367731 ], [ -74.027488559807864, 40.616984244766016 ] ], [ [ -74.03017406761488, 40.61834033491705 ], [ -74.029301820754952, 40.617896009550229 ] ], [ [ -74.02609205391613, 40.616228169492132 ], [ -74.025749890722281, 40.616058223179635 ] ], [ [ -74.026647221641227, 40.616507721186188 ], [ -74.026289757017594, 40.616329300266941 ] ], [ [ -74.029301820754952, 40.617896009550229 ], [ -74.02839765180633, 40.617443499367731 ] ], [ [ -74.026767110732095, 40.616574868299779 ], [ -74.026647221641227, 40.616507721186188 ] ], [ [ -74.026153614480407, 40.616259531781942 ], [ -74.02609205391613, 40.616228169492132 ] ], [ [ -74.023959667904705, 40.615160771352052 ], [ -74.022796619084801, 40.614579601885737 ] ], [ [ -74.027488559807864, 40.616984244766016 ], [ -74.026767110732095, 40.616574868299779 ] ], [ [ -74.025749890722281, 40.616058223179635 ], [ -74.025046441088918, 40.615708118832835 ] ], [ [ -74.025046441088918, 40.615708118832835 ], [ -74.02483452446107, 40.615602525402764 ] ], [ [ -74.026289757017594, 40.616329300266941 ], [ -74.026177673351, 40.616271860857054 ] ], [ [ -74.026177673351, 40.616271860857054 ], [ -74.026153614480407, 40.616259531781942 ] ], [ [ -74.02483452446107, 40.615602525402764 ], [ -74.024536437018867, 40.615452009505148 ] ], [ [ -74.024536437018867, 40.615452009505148 ], [ -74.023959667904705, 40.615160771352052 ] ] ] } },
{ "type": "Feature", "properties": { "corridor_id": 190, "rank": 25, "name": "BROADWAY (Brooklyn)", "street": "BROADWAY", "borough": "Brooklyn", "n_blocks": 72, "n_routes": 12, "routes": [ "B15", "B24", "B32", "B43", "B44", "B44+", "B46", "B47", "B60", "B62", "Q54", "Q59" ], "peak_period": "md", "hourly_pax": [ 1668, 1255, 662, 316, 776, 1975, 3264, 5583, 6916, 5351, 12346, 12066, 14294, 11076, 11374, 6740, 7957, 8689, 7742, 3344, 4032, 2795, 2368, 2918 ], "miles": 2.38, "pax_delay_min": 151152, "veh_delay_min": 88183, "riders_20d": 27205, "bus_trips_20d": 6121, "rider_block_crossings": 1958781, "bus_block_crossings": 440698, "min_per_bus": 8.95, "sec_per_rider": 537, "riders_per_delayed_bus_min": 1.7, "riders_per_bus": 4.4, "pax_delay_per_mile": 63422, "veh_delay_per_mile": 37001, "buses_per_day": 306, "riders_per_day": 1360, "share_of_city_delay_pct": 0.757, "cum_share_pct": 37.85, "pax_am": 21113, "veh_am": 17817, "riders_am": 257085, "share_am_pct": 15.6, "pax_md": 61156, "veh_md": 18829, "riders_md": 526746, "share_md_pct": 45.1, "pax_pm": 31128, "veh_pm": 13822, "riders_pm": 314553, "share_pm_pct": 23.0, "pax_ev": 15458, "veh_ev": 13586, "riders_ev": 199984, "share_ev_pct": 11.4, "pax_night": 6653, "veh_night": 6372, "riders_night": 114361, "share_night_pct": 4.9 }, "geometry": { "type": "MultiLineString", "coordinates": [ [ [ -73.960786038846763, 40.709399473019943 ], [ -73.959796639103132, 40.70906372766845 ] ], [ [ -73.947853672913141, 40.704111383278239 ], [ -73.947052053030006, 40.70366394880903 ] ], [ [ -73.949837886459875, 40.705229021693974 ], [ -73.94947068410238, 40.705019018853079 ] ], [ [ -73.955541658199522, 40.707593446973256 ], [ -73.954017014463162, 40.707080241071203 ] ], [ [ -73.937390647508821, 40.698185795484861 ], [ -73.936759790250704, 40.697831188880023 ] ], [ [ -73.941149172305828, 40.700281127384734 ], [ -73.940419914653333, 40.699873774879272 ] ], [ [ -73.957359810578424, 40.708234624126831 ], [ -73.957282554618359, 40.708207309511351 ] ], [ [ -73.950236937685816, 40.705473246233645 ], [ -73.949837886459875, 40.705229021693974 ] ], [ [ -73.952913886851633, 40.706700310303603 ], [ -73.952515037976454, 40.70655858660362 ] ], [ [ -73.939689952798545, 40.699455790991735 ], [ -73.938901528116347, 40.699036969955223 ] ], [ [ -73.959251959670695, 40.708903869411209 ], [ -73.957904307875609, 40.708427173465054 ] ], [ [ -73.931774046317429, 40.695028214977775 ], [ -73.931471845498365, 40.694860902327044 ] ], [ [ -73.948549627598794, 40.704500431003083 ], [ -73.948140661534609, 40.7042712544431 ] ], [ [ -73.962291966219396, 40.709920687955055 ], [ -73.96156343005272, 40.709660604659668 ] ], [ [ -73.938568548565172, 40.698848135508712 ], [ -73.938177186142823, 40.698640222805487 ] ], [ [ -73.93382817156602, 40.696184276918963 ], [ -73.933118628637544, 40.695791153236712 ] ], [ [ -73.935222644286057, 40.696986544524336 ], [ -73.934796996686103, 40.696736591735494 ] ], [ [ -73.936387626197032, 40.697615301565001 ], [ -73.936006792121034, 40.697405395656062 ] ], [ [ -73.931145164715673, 40.694673974936386 ], [ -73.930511466674915, 40.694316522640065 ] ], [ [ -73.932366056743149, 40.695358377216614 ], [ -73.931928900657539, 40.695114657106245 ] ], [ [ -73.96156343005272, 40.709660604659668 ], [ -73.961208041731567, 40.709547020774629 ] ], [ [ -73.9419307889588, 40.700725233788035 ], [ -73.941149172305828, 40.700281127384734 ] ], [ [ -73.946251077718173, 40.703208747378419 ], [ -73.945854991113094, 40.702987206800003 ] ], [ [ -73.94431460158097, 40.702133344779135 ], [ -73.944005040636895, 40.701961791079768 ] ], [ [ -73.967657068276353, 40.710724459235557 ], [ -73.966777418612367, 40.710626917864829 ] ], [ [ -73.930511466674915, 40.694316522640065 ], [ -73.929701924007233, 40.69386339711513 ] ], [ [ -73.948664989214564, 40.704565074523721 ], [ -73.948549627598794, 40.704500431003083 ] ], [ [ -73.940419914653333, 40.699873774879272 ], [ -73.939689952798545, 40.699455790991735 ] ], [ [ -73.954017014463162, 40.707080241071203 ], [ -73.953378780639156, 40.706856292911397 ] ], [ [ -73.953378780639156, 40.706856292911397 ], [ -73.952913886851633, 40.706700310303603 ] ], [ [ -73.936759790250704, 40.697831188880023 ], [ -73.936387626197032, 40.697615301565001 ] ], [ [ -73.937773546287502, 40.698404692509065 ], [ -73.937390647508821, 40.698185795484861 ] ], [ [ -73.966777418612367, 40.710626917864829 ], [ -73.965508386132058, 40.710454348081434 ] ], [ [ -73.957904307875609, 40.708427173465054 ], [ -73.957359810578424, 40.708234624126831 ] ], [ [ -73.957282554618359, 40.708207309511351 ], [ -73.957203216219639, 40.708179247219512 ] ], [ [ -73.944005040636895, 40.701961791079768 ], [ -73.943824737978829, 40.701862007820495 ] ], [ [ -73.944639101389498, 40.702313693568918 ], [ -73.94431460158097, 40.702133344779135 ] ], [ [ -73.965508386132058, 40.710454348081434 ], [ -73.963876010615252, 40.710284617396006 ] ], [ [ -73.963876010615252, 40.710284617396006 ], [ -73.963134421128288, 40.710203730173674 ] ], [ [ -73.963134421128288, 40.710203730173674 ], [ -73.962291966219396, 40.709920687955055 ] ], [ [ -73.952515037976454, 40.70655858660362 ], [ -73.952299554846704, 40.706490292855989 ] ], [ [ -73.95095606169869, 40.705842936005062 ], [ -73.950236937685816, 40.705473246233645 ] ], [ [ -73.936006792121034, 40.697405395656062 ], [ -73.935222644286057, 40.696986544524336 ] ], [ [ -73.957203216219639, 40.708179247219512 ], [ -73.956724490959104, 40.708009951808251 ] ], [ [ -73.931928900657539, 40.695114657106245 ], [ -73.931774046317429, 40.695028214977775 ] ], [ [ -73.938177186142823, 40.698640222805487 ], [ -73.937773546287502, 40.698404692509065 ] ], [ [ -73.956724490959104, 40.708009951808251 ], [ -73.956269452614563, 40.707849561652885 ] ], [ [ -73.961208041731567, 40.709547020774629 ], [ -73.960786038846763, 40.709399473019943 ] ], [ [ -73.947052053030006, 40.70366394880903 ], [ -73.946251077718173, 40.703208747378419 ] ], [ [ -73.94947068410238, 40.705019018853079 ], [ -73.949253357247272, 40.704895930867707 ] ], [ [ -73.945854991113094, 40.702987206800003 ], [ -73.945449882486756, 40.702760636006943 ] ], [ [ -73.952299554846704, 40.706490292855989 ], [ -73.951910556882197, 40.706360078838451 ] ], [ [ -73.938901528116347, 40.699036969955223 ], [ -73.938568548565172, 40.698848135508712 ] ], [ [ -73.951910556882197, 40.706360078838451 ], [ -73.95108529928072, 40.705912951757902 ] ], [ [ -73.933118628637544, 40.695791153236712 ], [ -73.932366056743149, 40.695358377216614 ] ], [ [ -73.948140661534609, 40.7042712544431 ], [ -73.947853672913141, 40.704111383278239 ] ], [ [ -73.945449882486756, 40.702760636006943 ], [ -73.944639101389498, 40.702313693568918 ] ], [ [ -73.949253357247272, 40.704895930867707 ], [ -73.948664989214564, 40.704565074523721 ] ], [ [ -73.95108529928072, 40.705912951757902 ], [ -73.95095606169869, 40.705842936005062 ] ], [ [ -73.934133973689597, 40.696358431410118 ], [ -73.93382817156602, 40.696184276918963 ] ], [ [ -73.934606751930332, 40.696628085209717 ], [ -73.934133973689597, 40.696358431410118 ] ], [ [ -73.943824737978829, 40.701862007820495 ], [ -73.943226860067355, 40.701520708531568 ] ], [ [ -73.968524318184635, 40.710820234942574 ], [ -73.967657068276353, 40.710724459235557 ] ], [ [ -73.956269452614563, 40.707849561652885 ], [ -73.955541658199522, 40.707593446973256 ] ], [ [ -73.959796639103132, 40.70906372766845 ], [ -73.959251959670695, 40.708903869411209 ] ], [ [ -73.942200587143788, 40.700890667404337 ], [ -73.9419307889588, 40.700725233788035 ] ], [ [ -73.943226860067355, 40.701520708531568 ], [ -73.94306406899527, 40.70142443503228 ] ], [ [ -73.934796996686103, 40.696736591735494 ], [ -73.934606751930332, 40.696628085209717 ] ], [ [ -73.931471845498365, 40.694860902327044 ], [ -73.931211998860391, 40.694712769670652 ] ], [ [ -73.931211998860391, 40.694712769670652 ], [ -73.931145164715673, 40.694673974936386 ] ], [ [ -73.94306406899527, 40.70142443503228 ], [ -73.94233398340738, 40.700973128369299 ] ], [ [ -73.94233398340738, 40.700973128369299 ], [ -73.942200587143788, 40.700890667404337 ] ] ] } },
{ "type": "Feature", "properties": { "corridor_id": 352, "rank": 26, "name": "BROADWAY (Manhattan)", "street": "BROADWAY", "borough": "Manhattan", "n_blocks": 42, "n_routes": 8, "routes": [ "BX11", "BX13", "BX3", "BX7", "M100", "M3", "M4", "M5" ], "peak_period": "md", "hourly_pax": [ 1802, 747, 129, 9, 297, 1674, 4706, 5305, 7402, 7494, 13357, 13681, 13593, 19288, 19712, 14051, 10438, 12494, 9632, 3335, 3180, 2889, 4099, 1654 ], "miles": 1.61, "pax_delay_min": 149638, "veh_delay_min": 20232, "riders_20d": 73129, "bus_trips_20d": 8430, "rider_block_crossings": 3071430, "bus_block_crossings": 354072, "min_per_bus": 1.86, "sec_per_rider": 112, "riders_per_delayed_bus_min": 7.4, "riders_per_bus": 8.7, "pax_delay_per_mile": 92889, "veh_delay_per_mile": 12559, "buses_per_day": 422, "riders_per_day": 3656, "share_of_city_delay_pct": 0.749, "cum_share_pct": 38.6, "pax_am": 24906, "veh_am": 3735, "riders_am": 462885, "share_am_pct": 14.6, "pax_md": 79631, "veh_md": 7358, "riders_md": 893175, "share_md_pct": 46.6, "pax_pm": 46615, "veh_pm": 5270, "riders_pm": 652151, "share_pm_pct": 27.3, "pax_ev": 15157, "veh_ev": 4101, "riders_ev": 199521, "share_ev_pct": 8.9, "pax_night": 4659, "veh_night": 1283, "riders_night": 63608, "share_night_pct": 2.7 }, "geometry": { "type": "MultiLineString", "coordinates": [ [ [ -73.939254002280549, 40.842436570527482 ], [ -73.9391778223454, 40.843222813561525 ] ], [ [ -73.938680046785564, 40.845439131421472 ], [ -73.938451403146999, 40.846192154209653 ] ], [ [ -73.934775533913552, 40.852058586525722 ], [ -73.934429355208536, 40.852729040834248 ] ], [ [ -73.937388555045573, 40.848648449410099 ], [ -73.937286050571387, 40.848747906872312 ] ], [ [ -73.939673519659294, 40.841038621754322 ], [ -73.939351463910185, 40.841507754196158 ] ], [ [ -73.935425717295047, 40.850774329394426 ], [ -73.935083249807022, 40.851434233673707 ] ], [ [ -73.938234810404794, 40.846910342971981 ], [ -73.938036161804064, 40.847557753813192 ] ], [ [ -73.940072036615931, 40.840478920881488 ], [ -73.939673519659294, 40.841038621754322 ] ], [ [ -73.932760500077237, 40.856503092096908 ], [ -73.932631555665807, 40.856716037030999 ] ], [ [ -73.941039260374467, 40.839127535105412 ], [ -73.940536887032891, 40.839826042732106 ] ], [ [ -73.941581744412645, 40.838377376363241 ], [ -73.941039260374467, 40.839127535105412 ] ], [ [ -73.938451403146999, 40.846192154209653 ], [ -73.938234810404794, 40.846910342971981 ] ], [ [ -73.935083249807022, 40.851434233673707 ], [ -73.934775533913552, 40.852058586525722 ] ], [ [ -73.939334552058469, 40.841680459403449 ], [ -73.939254002280549, 40.842436570527482 ] ], [ [ -73.937672369786554, 40.848392727920277 ], [ -73.937566783619459, 40.848491481875143 ] ], [ [ -73.942040961588503, 40.837760580652308 ], [ -73.941581744412645, 40.838377376363241 ] ], [ [ -73.932631555665807, 40.856716037030999 ], [ -73.932042954289557, 40.857840971994968 ] ], [ [ -73.935753943108054, 40.850168202431426 ], [ -73.935425717295047, 40.850774329394426 ] ], [ [ -73.938855094596008, 40.844679055157577 ], [ -73.938680046785564, 40.845439131421472 ] ], [ [ -73.93716376506255, 40.848847245876286 ], [ -73.93706978161778, 40.848938999553631 ] ], [ [ -73.932042954289557, 40.857840971994968 ], [ -73.931816965687219, 40.858272317769355 ] ], [ [ -73.933704819419759, 40.854169070416333 ], [ -73.933312153971087, 40.855334584146135 ] ], [ [ -73.937975067257909, 40.847710660393346 ], [ -73.937672369786554, 40.848392727920277 ] ], [ [ -73.934429355208536, 40.852729040834248 ], [ -73.934193195897052, 40.853200394569704 ] ], [ [ -73.934193195897052, 40.853200394569704 ], [ -73.933704819419759, 40.854169070416333 ] ], [ [ -73.939351463910185, 40.841507754196158 ], [ -73.939295343876267, 40.841585284110053 ] ], [ [ -73.937566783619459, 40.848491481875143 ], [ -73.937486617666778, 40.848569034033517 ] ], [ [ -73.937486617666778, 40.848569034033517 ], [ -73.937388555045573, 40.848648449410099 ] ], [ [ -73.937286050571387, 40.848747906872312 ], [ -73.93716376506255, 40.848847245876286 ] ], [ [ -73.933312153971087, 40.855334584146135 ], [ -73.932760500077237, 40.856503092096908 ] ], [ [ -73.936396831259842, 40.849541194857032 ], [ -73.935753943108054, 40.850168202431426 ] ], [ [ -73.9391778223454, 40.843222813561525 ], [ -73.939024637992773, 40.843942109665221 ] ], [ [ -73.93706978161778, 40.848938999553631 ], [ -73.936396831259842, 40.849541194857032 ] ], [ [ -73.940536887032891, 40.839826042732106 ], [ -73.940072036615931, 40.840478920881488 ] ], [ [ -73.939295343876267, 40.841585284110053 ], [ -73.939334552058469, 40.841680459403449 ] ], [ [ -73.938036161804064, 40.847557753813192 ], [ -73.937975067257909, 40.847710660393346 ] ], [ [ -73.939024637992773, 40.843942109665221 ], [ -73.938923553681619, 40.844381488279261 ] ], [ [ -73.938923553681619, 40.844381488279261 ], [ -73.938855094596008, 40.844679055157577 ] ], [ [ -73.931816965687219, 40.858272317769355 ], [ -73.93145821922657, 40.858972898715813 ] ], [ [ -73.93145821922657, 40.858972898715813 ], [ -73.93148178154037, 40.859043091416076 ] ], [ [ -73.93148178154037, 40.859043091416076 ], [ -73.931415692767004, 40.859193923406302 ] ], [ [ -73.931415692767004, 40.859193923406302 ], [ -73.931368543672107, 40.859301531000796 ] ] ] } },
{ "type": "Feature", "properties": { "corridor_id": 220, "rank": 27, "name": "NEW LOTS AVENUE (Brooklyn)", "street": "NEW LOTS AVENUE", "borough": "Brooklyn", "n_blocks": 41, "n_routes": 5, "routes": [ "B15", "B35", "B6", "B83", "B84" ], "peak_period": "md", "hourly_pax": [ 3114, 2011, 1704, 1686, 3168, 3553, 4719, 5767, 7111, 8535, 7798, 8490, 8818, 10463, 9472, 7456, 7567, 9101, 8249, 5629, 6245, 5839, 4560, 4242 ], "miles": 1.44, "pax_delay_min": 147621, "veh_delay_min": 17209, "riders_20d": 77573, "bus_trips_20d": 5770, "rider_block_crossings": 3180492, "bus_block_crossings": 236574, "min_per_bus": 2.51, "sec_per_rider": 150, "riders_per_delayed_bus_min": 8.6, "riders_per_bus": 13.4, "pax_delay_per_mile": 102549, "veh_delay_per_mile": 11955, "buses_per_day": 289, "riders_per_day": 3879, "share_of_city_delay_pct": 0.739, "cum_share_pct": 39.34, "pax_am": 26132, "veh_am": 2727, "riders_am": 456664, "share_am_pct": 18.0, "pax_md": 45041, "veh_md": 3848, "riders_md": 693048, "share_md_pct": 31.0, "pax_pm": 32372, "veh_pm": 2983, "riders_pm": 561027, "share_pm_pct": 22.3, "pax_ev": 26515, "veh_ev": 3605, "riders_ev": 363728, "share_ev_pct": 18.2, "pax_night": 15237, "veh_night": 1749, "riders_night": 261746, "share_night_pct": 10.5 }, "geometry": { "type": "MultiLineString", "coordinates": [ [ [ -73.883152015178851, 40.666181193606668 ], [ -73.882506425314517, 40.666469179068883 ] ], [ [ -73.892296855419019, 40.662192245679961 ], [ -73.891448857989189, 40.662563436702442 ] ], [ [ -73.903643359685773, 40.65713729088224 ], [ -73.902745480634522, 40.657537418913719 ] ], [ [ -73.899969707500702, 40.658773771856076 ], [ -73.899565589596151, 40.658956575722783 ] ], [ [ -73.888108174361903, 40.664047412449293 ], [ -73.887392173024736, 40.664353456759635 ] ], [ [ -73.89062095316153, 40.662923840408766 ], [ -73.889785416494391, 40.663295460834888 ] ], [ [ -73.885563645067776, 40.665140486610134 ], [ -73.884937436750505, 40.665407108346585 ] ], [ [ -73.895884926911549, 40.660599565337648 ], [ -73.895501379298338, 40.660771603824145 ] ], [ [ -73.899217608938329, 40.659111403692279 ], [ -73.898456536529707, 40.659451102403935 ] ], [ [ -73.891448857989189, 40.662563436702442 ], [ -73.89062095316153, 40.662923840408766 ] ], [ [ -73.894690224380682, 40.661126127182136 ], [ -73.894179566446809, 40.661361765192652 ] ], [ [ -73.889785416494391, 40.663295460834888 ], [ -73.888925415628393, 40.663687772465394 ] ], [ [ -73.894179566446809, 40.661361765192652 ], [ -73.893882013969758, 40.661490345665968 ] ], [ [ -73.884742474549597, 40.665494893546679 ], [ -73.884121700305528, 40.665760742254484 ] ], [ [ -73.887261312845411, 40.664413573229922 ], [ -73.886577679237703, 40.664708036504535 ] ], [ [ -73.884121700305528, 40.665760742254484 ], [ -73.883912645653609, 40.665851798450447 ] ], [ [ -73.886577679237703, 40.664708036504535 ], [ -73.886413446779201, 40.664780807123279 ] ], [ [ -73.886413446779201, 40.664780807123279 ], [ -73.885563645067776, 40.665140486610134 ] ], [ [ -73.894949513203329, 40.661016069066982 ], [ -73.894690224380682, 40.661126127182136 ] ], [ [ -73.90102928903508, 40.658301691655531 ], [ -73.900186875733269, 40.658675533721429 ] ], [ [ -73.893882013969758, 40.661490345665968 ], [ -73.893101279392269, 40.661835837418614 ] ], [ [ -73.883308834036981, 40.666112004537865 ], [ -73.883152015178851, 40.666181193606668 ] ], [ [ -73.882506425314517, 40.666469179068883 ], [ -73.881655799515826, 40.666822948400501 ] ], [ [ -73.899565589596151, 40.658956575722783 ], [ -73.899316528967759, 40.659067390731806 ] ], [ [ -73.900186875733269, 40.658675533721429 ], [ -73.899969707500702, 40.658773771856076 ] ], [ [ -73.888925415628393, 40.663687772465394 ], [ -73.888108174361903, 40.664047412449293 ] ], [ [ -73.895501379298338, 40.660771603824145 ], [ -73.894949513203329, 40.661016069066982 ] ], [ [ -73.898456536529707, 40.659451102403935 ], [ -73.897599442456169, 40.659833188875638 ] ], [ [ -73.904529917389553, 40.656684115590267 ], [ -73.903643359685773, 40.65713729088224 ] ], [ [ -73.901887241032426, 40.657920202018396 ], [ -73.90102928903508, 40.658301691655531 ] ], [ [ -73.902745480634522, 40.657537418913719 ], [ -73.901887241032426, 40.657920202018396 ] ], [ [ -73.884937436750505, 40.665407108346585 ], [ -73.884742474549597, 40.665494893546679 ] ], [ [ -73.887392173024736, 40.664353456759635 ], [ -73.887261312845411, 40.664413573229922 ] ], [ [ -73.883912645653609, 40.665851798450447 ], [ -73.883308834036981, 40.666112004537865 ] ], [ [ -73.896310059851018, 40.660412921026513 ], [ -73.895884926911549, 40.660599565337648 ] ], [ [ -73.897599442456169, 40.659833188875638 ], [ -73.896740457085656, 40.660216221066634 ] ], [ [ -73.896740457085656, 40.660216221066634 ], [ -73.896310059851018, 40.660412921026513 ] ], [ [ -73.899316528967759, 40.659067390731806 ], [ -73.899217608938329, 40.659111403692279 ] ], [ [ -73.893101279392269, 40.661835837418614 ], [ -73.892296855419019, 40.662192245679961 ] ], [ [ -73.881655799515826, 40.666822948400501 ], [ -73.881275616241794, 40.666987779808231 ] ], [ [ -73.881275616241794, 40.666987779808231 ], [ -73.880852201549402, 40.667172217816891 ] ] ] } },
{ "type": "Feature", "properties": { "corridor_id": 465, "rank": 28, "name": "ARCHER AVENUE (Queens)", "street": "ARCHER AVENUE", "borough": "Queens", "n_blocks": 22, "n_routes": 23, "routes": [ "Q111", "Q112", "Q113", "Q114", "Q115", "Q20", "Q24", "Q25", "Q30", "Q31", "Q4", "Q42", "Q43", "Q44+", "Q5", "Q65", "Q75", "Q83", "Q84", "Q85", "Q86", "Q87", "Q89" ], "peak_period": "md", "hourly_pax": [ 1604, 1854, 1117, 989, 953, 2228, 2416, 4358, 7780, 7979, 8112, 8137, 7545, 10909, 7621, 6949, 8479, 13921, 9963, 5155, 4260, 3315, 2964, 2882 ], "miles": 0.99, "pax_delay_min": 147151, "veh_delay_min": 32696, "riders_20d": 129255, "bus_trips_20d": 24975, "rider_block_crossings": 2843605, "bus_block_crossings": 549457, "min_per_bus": 3.03, "sec_per_rider": 182, "riders_per_delayed_bus_min": 4.5, "riders_per_bus": 5.2, "pax_delay_per_mile": 148102, "veh_delay_per_mile": 32907, "buses_per_day": 1249, "riders_per_day": 6463, "share_of_city_delay_pct": 0.737, "cum_share_pct": 40.07, "pax_am": 22533, "veh_am": 6056, "riders_am": 603768, "share_am_pct": 17.1, "pax_md": 42325, "veh_md": 7435, "riders_md": 573282, "share_md_pct": 32.2, "pax_pm": 39311, "veh_pm": 6920, "riders_pm": 560920, "share_pm_pct": 29.9, "pax_ev": 18576, "veh_ev": 5449, "riders_ev": 363503, "share_ev_pct": 14.1, "pax_night": 8746, "veh_night": 2435, "riders_night": 175923, "share_night_pct": 6.7 }, "geometry": { "type": "MultiLineString", "coordinates": [ [ [ -73.796090089534658, 40.70329413701549 ], [ -73.794545831782074, 40.703696145007399 ] ], [ [ -73.801896979011815, 40.701968860774819 ], [ -73.799950631030569, 40.702479443231091 ] ], [ [ -73.79712377493945, 40.703034598652863 ], [ -73.796090089534658, 40.70329413701549 ] ], [ [ -73.799179484792006, 40.702595870889297 ], [ -73.798415414905534, 40.702740562664083 ] ], [ [ -73.807742009480393, 40.70058168782581 ], [ -73.806753037862208, 40.700822187282192 ] ], [ [ -73.808674261750127, 40.700260992309737 ], [ -73.807742009480393, 40.70058168782581 ] ], [ [ -73.80240943864942, 40.701851720257537 ], [ -73.801896979011815, 40.701968860774819 ] ], [ [ -73.794545831782074, 40.703696145007399 ], [ -73.793791665905431, 40.704032363355367 ] ], [ [ -73.792848490480864, 40.704423861222843 ], [ -73.791654005901194, 40.704856671644222 ] ], [ [ -73.799950631030569, 40.702479443231091 ], [ -73.799179484792006, 40.702595870889297 ] ], [ [ -73.798415414905534, 40.702740562664083 ], [ -73.79712377493945, 40.703034598652863 ] ], [ [ -73.806753037862208, 40.700822187282192 ], [ -73.806044301784965, 40.700938729441511 ] ], [ [ -73.806044301784965, 40.700938729441511 ], [ -73.80526193921294, 40.701159538481072 ] ], [ [ -73.80526193921294, 40.701159538481072 ], [ -73.80412928734431, 40.701460144322667 ] ], [ [ -73.793791665905431, 40.704032363355367 ], [ -73.792848490480864, 40.704423861222843 ] ], [ [ -73.802536623140668, 40.701704936725449 ], [ -73.80240943864942, 40.701851720257537 ] ], [ [ -73.802995807624114, 40.701478580998987 ], [ -73.802604065452229, 40.701616101731545 ] ], [ [ -73.802604065452229, 40.701616101731545 ], [ -73.802536623140668, 40.701704936725449 ] ], [ [ -73.80412928734431, 40.701460144322667 ], [ -73.80394525970479, 40.701499987032904 ] ], [ [ -73.80394525970479, 40.701499987032904 ], [ -73.803104201342279, 40.701682073993773 ] ], [ [ -73.803104201342279, 40.701682073993773 ], [ -73.802692819832828, 40.70178252538625 ] ], [ [ -73.802692819832828, 40.70178252538625 ], [ -73.80240943864942, 40.701851720257537 ] ] ] } },
{ "type": "Feature", "properties": { "corridor_id": 499, "rank": 29, "name": "CROSS BAY BOULEVARD (Queens)", "street": "CROSS BAY BOULEVARD", "borough": "Queens", "n_blocks": 52, "n_routes": 10, "routes": [ "BM5", "Q07", "Q11", "Q112", "Q41", "Q52+", "Q53+", "QM15", "QM16", "QM17" ], "peak_period": "md", "hourly_pax": [ 911, 457, 114, 157, 176, 419, 2994, 5073, 5696, 5135, 7179, 8048, 8893, 8834, 8330, 8287, 6777, 9030, 10338, 4239, 3054, 2379, 1725, 1117 ], "miles": 1.68, "pax_delay_min": 146669, "veh_delay_min": 20277, "riders_20d": 38360, "bus_trips_20d": 5451, "rider_block_crossings": 1994700, "bus_block_crossings": 283447, "min_per_bus": 3.7, "sec_per_rider": 222, "riders_per_delayed_bus_min": 7.2, "riders_per_bus": 7.0, "pax_delay_per_mile": 87118, "veh_delay_per_mile": 12044, "buses_per_day": 273, "riders_per_day": 1918, "share_of_city_delay_pct": 0.735, "cum_share_pct": 40.81, "pax_am": 18898, "veh_am": 3027, "riders_am": 257431, "share_am_pct": 17.3, "pax_md": 41283, "veh_md": 4679, "riders_md": 395853, "share_md_pct": 37.8, "pax_pm": 34431, "veh_pm": 3594, "riders_pm": 626646, "share_pm_pct": 31.5, "pax_ev": 12514, "veh_ev": 2926, "riders_ev": 227766, "share_ev_pct": 11.4, "pax_night": 2233, "veh_night": 590, "riders_night": 47654, "share_night_pct": 2.0 }, "geometry": { "type": "MultiLineString", "coordinates": [ [ [ -73.844532200487208, 40.679573641238761 ], [ -73.844368041711604, 40.678774705402859 ] ], [ [ -73.842580491118682, 40.66928053322976 ], [ -73.842481263886782, 40.668950285299012 ] ], [ [ -73.841302025970904, 40.664531502257695 ], [ -73.841221160589598, 40.664178541132351 ] ], [ [ -73.839992524827565, 40.659156100562377 ], [ -73.83959691559744, 40.657481585337379 ] ], [ [ -73.843844489294483, 40.676764962879574 ], [ -73.843653946603865, 40.676043812639861 ] ], [ [ -73.842922011566259, 40.670591171334067 ], [ -73.842817200685744, 40.670189667649744 ] ], [ [ -73.842817200685744, 40.670189667649744 ], [ -73.842580491118682, 40.66928053322976 ] ], [ [ -73.841700116635494, 40.666112863584161 ], [ -73.841679444524246, 40.666028250000167 ] ], [ [ -73.84215531055483, 40.667935127360089 ], [ -73.842136667125757, 40.667872290741073 ] ], [ [ -73.844747712009223, 40.680288003706202 ], [ -73.844710715593195, 40.680175462915741 ] ], [ [ -73.843367418194987, 40.675036764172816 ], [ -73.843307784184418, 40.674608244309567 ] ], [ [ -73.844731830569287, 40.680717582221178 ], [ -73.84478139901745, 40.68062381558898 ] ], [ [ -73.840417883218905, 40.660830321858342 ], [ -73.839992524827565, 40.659156100562377 ] ], [ [ -73.841936955066387, 40.667048016783035 ], [ -73.841827327050922, 40.666663011964616 ] ], [ [ -73.84331088549915, 40.674446263721414 ], [ -73.8433645325469, 40.673737440873239 ] ], [ [ -73.843291445892206, 40.672148506189082 ], [ -73.843124067994609, 40.671418958895892 ] ], [ [ -73.844038920399271, 40.677336108721725 ], [ -73.843844489294483, 40.676764962879574 ] ], [ [ -73.8433645325469, 40.673737440873239 ], [ -73.843354902382501, 40.673138380096624 ] ], [ [ -73.844368041711604, 40.678774705402859 ], [ -73.844223957606843, 40.678015960771646 ] ], [ [ -73.841575607120646, 40.665651177596473 ], [ -73.841392958942905, 40.664947558613271 ] ], [ [ -73.841221160589598, 40.664178541132351 ], [ -73.840817763508966, 40.66250616354634 ] ], [ [ -73.842426340653446, 40.668780345989958 ], [ -73.842374717745543, 40.668624945340106 ] ], [ [ -73.843041227528545, 40.671063546403786 ], [ -73.84294109658623, 40.670662913847757 ] ], [ [ -73.841977886020217, 40.667217576755078 ], [ -73.841936955066387, 40.667048016783035 ] ], [ [ -73.841679444524246, 40.666028250000167 ], [ -73.841659977485492, 40.665968996291767 ] ], [ [ -73.843307784184418, 40.674608244309567 ], [ -73.84331088549915, 40.674446263721414 ] ], [ [ -73.844223957606843, 40.678015960771646 ], [ -73.844038920399271, 40.677336108721725 ] ], [ [ -73.843124067994609, 40.671418958895892 ], [ -73.843041227528545, 40.671063546403786 ] ], [ [ -73.840817763508966, 40.66250616354634 ], [ -73.840417883218905, 40.660830321858342 ] ], [ [ -73.84342757313614, 40.675294240477612 ], [ -73.843367418194987, 40.675036764172816 ] ], [ [ -73.84294109658623, 40.670662913847757 ], [ -73.842922011566259, 40.670591171334067 ] ], [ [ -73.842136667125757, 40.667872290741073 ], [ -73.842115761735656, 40.667790738189588 ] ], [ [ -73.842282193563832, 40.668321596470001 ], [ -73.84215531055483, 40.667935127360089 ] ], [ [ -73.842115761735656, 40.667790738189588 ], [ -73.842038709842541, 40.667456937205962 ] ], [ [ -73.843354902382501, 40.673138380096624 ], [ -73.843291445892206, 40.672148506189082 ] ], [ [ -73.842481263886782, 40.668950285299012 ], [ -73.842426340653446, 40.668780345989958 ] ], [ [ -73.842038709842541, 40.667456937205962 ], [ -73.841977886020217, 40.667217576755078 ] ], [ [ -73.841392958942905, 40.664947558613271 ], [ -73.841302025970904, 40.664531502257695 ] ], [ [ -73.84478139901745, 40.68062381558898 ], [ -73.844754757135831, 40.680358234502428 ] ], [ [ -73.844754757135831, 40.680358234502428 ], [ -73.844747712009223, 40.680288003706202 ] ], [ [ -73.843653946603865, 40.676043812639861 ], [ -73.84363697440287, 40.675985610690113 ] ], [ [ -73.84363697440287, 40.675985610690113 ], [ -73.84342757313614, 40.675294240477612 ] ], [ [ -73.844612818786857, 40.67962807368351 ], [ -73.844532200487208, 40.679573641238761 ] ], [ [ -73.844924556437391, 40.680274687373917 ], [ -73.844612818786857, 40.67962807368351 ] ], [ [ -73.844710715593195, 40.680175462915741 ], [ -73.844551863693795, 40.679640162792055 ] ], [ [ -73.844551863693795, 40.679640162792055 ], [ -73.844532200487208, 40.679573641238761 ] ], [ [ -73.842374717745543, 40.668624945340106 ], [ -73.842331550751155, 40.668483420145051 ] ], [ [ -73.842331550751155, 40.668483420145051 ], [ -73.842282193563832, 40.668321596470001 ] ], [ [ -73.841659977485492, 40.665968996291767 ], [ -73.841597339494541, 40.665733043763545 ] ], [ [ -73.841597339494541, 40.665733043763545 ], [ -73.841575607120646, 40.665651177596473 ] ], [ [ -73.841827327050922, 40.666663011964616 ], [ -73.841753633327954, 40.666344308642479 ] ], [ [ -73.841753633327954, 40.666344308642479 ], [ -73.841700116635494, 40.666112863584161 ] ] ] } },
{ "type": "Feature", "properties": { "corridor_id": 143, "rank": 30, "name": "HUNTS POINT AVENUE (Bronx)", "street": "HUNTS POINT AVENUE", "borough": "Bronx", "n_blocks": 17, "n_routes": 3, "routes": [ "BX5", "BX6", "BX6+" ], "peak_period": "pm", "hourly_pax": [ 1009, 621, 230, 333, 854, 1362, 3017, 4291, 5581, 4839, 5493, 6235, 7750, 8627, 7458, 9266, 10406, 11586, 8746, 4342, 3578, 2237, 1557, 928 ], "miles": 0.23, "pax_delay_min": 129567, "veh_delay_min": 15435, "riders_20d": 61320, "bus_trips_20d": 7499, "rider_block_crossings": 1042435, "bus_block_crossings": 127484, "min_per_bus": 1.89, "sec_per_rider": 113, "riders_per_delayed_bus_min": 8.4, "riders_per_bus": 8.2, "pax_delay_per_mile": 566436, "veh_delay_per_mile": 67480, "buses_per_day": 375, "riders_per_day": 3066, "share_of_city_delay_pct": 0.649, "cum_share_pct": 41.46, "pax_am": 17728, "veh_am": 2252, "riders_am": 182173, "share_am_pct": 16.1, "pax_md": 35563, "veh_md": 3865, "riders_md": 214715, "share_md_pct": 32.2, "pax_pm": 40003, "veh_pm": 3451, "riders_pm": 258397, "share_pm_pct": 36.3, "pax_ev": 12642, "veh_ev": 1706, "riders_ev": 139329, "share_ev_pct": 11.5, "pax_night": 4410, "veh_night": 614, "riders_night": 58143, "share_night_pct": 4.0 }, "geometry": { "type": "MultiLineString", "coordinates": [ [ [ -73.89073456037876, 40.820235416271998 ], [ -73.890823779915564, 40.820306482540346 ] ], [ [ -73.889159725556695, 40.818604414266048 ], [ -73.889713209191754, 40.819432744556451 ] ], [ [ -73.890667984078917, 40.820182028740057 ], [ -73.89073456037876, 40.820235416271998 ] ], [ [ -73.89038875152842, 40.819958056856692 ], [ -73.89042127455825, 40.819983336451237 ] ], [ [ -73.89042127455825, 40.819983336451237 ], [ -73.890455926335534, 40.820011489036347 ] ], [ [ -73.890455926335534, 40.820011489036347 ], [ -73.890502508836818, 40.820049317101393 ] ], [ [ -73.890823779915564, 40.820306482540346 ], [ -73.891327007596644, 40.820738190214854 ] ], [ [ -73.891327007596644, 40.820738190214854 ], [ -73.891618587358792, 40.821012848806795 ] ], [ [ -73.889145965082079, 40.818478021454503 ], [ -73.889159725556695, 40.818604414266048 ] ], [ [ -73.889082631066685, 40.818373723176002 ], [ -73.889145965082079, 40.818478021454503 ] ], [ [ -73.890087031969841, 40.819711625313005 ], [ -73.890341796242581, 40.819918728126325 ] ], [ [ -73.890341796242581, 40.819918728126325 ], [ -73.89038875152842, 40.819958056856692 ] ], [ [ -73.889713209191754, 40.819432744556451 ], [ -73.889960814163018, 40.819617464217714 ] ], [ [ -73.889960814163018, 40.819617464217714 ], [ -73.890087031969841, 40.819711625313005 ] ], [ [ -73.890560175837649, 40.82009556878495 ], [ -73.890606550672004, 40.820132761481972 ] ], [ [ -73.890502508836818, 40.820049317101393 ], [ -73.890560175837649, 40.82009556878495 ] ], [ [ -73.890606550672004, 40.820132761481972 ], [ -73.890667984078917, 40.820182028740057 ] ] ] } },
{ "type": "Feature", "properties": { "corridor_id": 475, "rank": 31, "name": "108 STREET (Queens)", "street": "108 STREET", "borough": "Queens", "n_blocks": 33, "n_routes": 2, "routes": [ "Q23", "Q58" ], "peak_period": "pm", "hourly_pax": [ 1121, 634, 452, 885, 846, 1608, 5607, 6503, 6456, 7538, 6397, 6864, 7790, 7060, 6839, 4909, 7474, 11159, 13706, 7022, 5232, 3947, 2441, 2320 ], "miles": 1.51, "pax_delay_min": 127231, "veh_delay_min": 18608, "riders_20d": 46164, "bus_trips_20d": 5276, "rider_block_crossings": 1523407, "bus_block_crossings": 174094, "min_per_bus": 3.18, "sec_per_rider": 191, "riders_per_delayed_bus_min": 6.8, "riders_per_bus": 8.8, "pax_delay_per_mile": 84339, "veh_delay_per_mile": 12335, "buses_per_day": 264, "riders_per_day": 2308, "share_of_city_delay_pct": 0.637, "cum_share_pct": 42.1, "pax_am": 26104, "veh_am": 2700, "riders_am": 308698, "share_am_pct": 20.9, "pax_md": 34951, "veh_md": 3807, "riders_md": 303308, "share_md_pct": 28.0, "pax_pm": 37249, "veh_pm": 5074, "riders_pm": 323859, "share_pm_pct": 29.8, "pax_ev": 20963, "veh_ev": 3849, "riders_ev": 168152, "share_ev_pct": 16.8, "pax_night": 5547, "veh_night": 969, "riders_night": 60209, "share_night_pct": 4.4 }, "geometry": { "type": "MultiLineString", "coordinates": [ [ [ -73.858763249841061, 40.750716971260907 ], [ -73.858401241615525, 40.750020191651991 ] ], [ [ -73.861397037195886, 40.760028227480291 ], [ -73.861386395422656, 40.759963180085634 ] ], [ [ -73.860711808723053, 40.756251399261863 ], [ -73.860557005313822, 40.755438153654467 ] ], [ [ -73.860422460110001, 40.754645139681358 ], [ -73.860290016813551, 40.753935488525961 ] ], [ [ -73.857347652617349, 40.747971435486882 ], [ -73.857301798480876, 40.747880967370868 ] ], [ [ -73.86071852089178, 40.756286643913711 ], [ -73.860711808723053, 40.756251399261863 ] ], [ [ -73.855267915972917, 40.743938222005539 ], [ -73.854950346335414, 40.743333555009151 ] ], [ [ -73.854950346335414, 40.743333555009151 ], [ -73.854621172166134, 40.742683314996341 ] ], [ [ -73.854316519724335, 40.742089306044413 ], [ -73.853812986337914, 40.741103818379123 ] ], [ [ -73.859178417840752, 40.751527287593312 ], [ -73.858763249841061, 40.750716971260907 ] ], [ [ -73.855950578854277, 40.745266975928182 ], [ -73.855611324946281, 40.744603903400474 ] ], [ [ -73.860726528754213, 40.756330580555066 ], [ -73.86071852089178, 40.756286643913711 ] ], [ [ -73.860220223612558, 40.753561774786583 ], [ -73.859994305171242, 40.753112255661172 ] ], [ [ -73.857301798480876, 40.747880967370868 ], [ -73.856981415855174, 40.74726741454279 ] ], [ [ -73.853812986337914, 40.741103818379123 ], [ -73.853622573299475, 40.740742220722389 ] ], [ [ -73.859586086141675, 40.752321482319161 ], [ -73.859178417840752, 40.751527287593312 ] ], [ [ -73.861386395422656, 40.759963180085634 ], [ -73.860998824279093, 40.75782499350337 ] ], [ [ -73.861443509000068, 40.760429210248532 ], [ -73.861397037195886, 40.760028227480291 ] ], [ [ -73.860998824279093, 40.75782499350337 ], [ -73.860726528754213, 40.756330580555066 ] ], [ [ -73.85629147287959, 40.745930067547548 ], [ -73.855950578854277, 40.745266975928182 ] ], [ [ -73.860557005313822, 40.755438153654467 ], [ -73.860422460110001, 40.754645139681358 ] ], [ [ -73.853341574870996, 40.740194246110754 ], [ -73.85306504523858, 40.739656920080719 ] ], [ [ -73.854621172166134, 40.742683314996341 ], [ -73.854316519724335, 40.742089306044413 ] ], [ [ -73.855611324946281, 40.744603903400474 ], [ -73.855267915972917, 40.743938222005539 ] ], [ [ -73.858401241615525, 40.750020191651991 ], [ -73.858058703483493, 40.749353250509699 ] ], [ [ -73.857716246265369, 40.748690162557168 ], [ -73.85739612371087, 40.748067849486375 ] ], [ [ -73.860290016813551, 40.753935488525961 ], [ -73.860220223612558, 40.753561774786583 ] ], [ [ -73.853622573299475, 40.740742220722389 ], [ -73.853341574870996, 40.740194246110754 ] ], [ [ -73.858058703483493, 40.749353250509699 ], [ -73.857716246265369, 40.748690162557168 ] ], [ [ -73.859994305171242, 40.753112255661172 ], [ -73.859586086141675, 40.752321482319161 ] ], [ [ -73.856981415855174, 40.74726741454279 ], [ -73.856636845834657, 40.746594883249685 ] ], [ [ -73.856636845834657, 40.746594883249685 ], [ -73.85629147287959, 40.745930067547548 ] ], [ [ -73.85739612371087, 40.748067849486375 ], [ -73.857347652617349, 40.747971435486882 ] ] ] } },
{ "type": "Feature", "properties": { "corridor_id": 264, "rank": 32, "name": "EASTERN PARKWAY (Brooklyn)", "street": "EASTERN PARKWAY", "borough": "Brooklyn", "n_blocks": 6, "n_routes": 2, "routes": [ "B14", "B17" ], "peak_period": "am", "hourly_pax": [ 1008, 570, 141, 144, 109, 3570, 5329, 8240, 10841, 11215, 8494, 7294, 8385, 6449, 3566, 10715, 5135, 4378, 7212, 5199, 3063, 1305, 1864, 2289 ], "miles": 0.74, "pax_delay_min": 124990, "veh_delay_min": 19889, "riders_20d": 11722, "bus_trips_20d": 1799, "rider_block_crossings": 70331, "bus_block_crossings": 10797, "min_per_bus": 6.02, "sec_per_rider": 361, "riders_per_delayed_bus_min": 6.3, "riders_per_bus": 6.5, "pax_delay_per_mile": 169230, "veh_delay_per_mile": 26929, "buses_per_day": 90, "riders_per_day": 586, "share_of_city_delay_pct": 0.626, "cum_share_pct": 42.72, "pax_am": 35626, "veh_am": 4088, "riders_am": 15542, "share_am_pct": 30.6, "pax_md": 34188, "veh_md": 3775, "riders_md": 19827, "share_md_pct": 29.3, "pax_pm": 27440, "veh_pm": 3855, "riders_pm": 14178, "share_pm_pct": 23.5, "pax_ev": 13721, "veh_ev": 3157, "riders_ev": 6008, "share_ev_pct": 11.8, "pax_night": 5542, "veh_night": 1229, "riders_night": 2701, "share_night_pct": 4.8 }, "geometry": { "type": "MultiLineString", "coordinates": [ [ [ -73.936677173467089, 40.668888410603728 ], [ -73.933908433541589, 40.668735692893854 ] ], [ [ -73.928369874922296, 40.668434820153635 ], [ -73.925635782459352, 40.668287271710057 ] ], [ [ -73.925635782459352, 40.668287271710057 ], [ -73.925327410060078, 40.668270505029824 ] ], [ [ -73.931139545811263, 40.668589265904764 ], [ -73.928369874922296, 40.668434820153635 ] ], [ [ -73.925327410060078, 40.668270505029824 ], [ -73.922655300480528, 40.668127115036995 ] ], [ [ -73.933908433541589, 40.668735692893854 ], [ -73.931139545811263, 40.668589265904764 ] ] ] } },
{ "type": "Feature", "properties": { "corridor_id": 61, "rank": 33, "name": "EAST FORDHAM ROAD (Bronx)", "street": "EAST FORDHAM ROAD", "borough": "Bronx", "n_blocks": 26, "n_routes": 6, "routes": [ "BX12", "BX12+", "BX17", "BX19", "BX22", "BX9" ], "peak_period": "md", "hourly_pax": [ 1451, 780, 344, 664, 847, 1735, 3960, 4372, 7584, 8748, 8110, 7133, 9315, 8152, 8379, 12621, 9955, 9694, 6296, 4093, 3833, 4130, 2892, 2114 ], "miles": 0.84, "pax_delay_min": 124043, "veh_delay_min": 9900, "riders_20d": 131707, "bus_trips_20d": 14422, "rider_block_crossings": 3424378, "bus_block_crossings": 374960, "min_per_bus": 0.33, "sec_per_rider": 20, "riders_per_delayed_bus_min": 12.5, "riders_per_bus": 9.1, "pax_delay_per_mile": 147201, "veh_delay_per_mile": 11748, "buses_per_day": 721, "riders_per_day": 6585, "share_of_city_delay_pct": 0.621, "cum_share_pct": 43.34, "pax_am": 24664, "veh_am": 1696, "riders_am": 637042, "share_am_pct": 19.4, "pax_md": 41089, "veh_md": 3468, "riders_md": 678395, "share_md_pct": 32.3, "pax_pm": 38566, "veh_pm": 2440, "riders_pm": 791608, "share_pm_pct": 30.3, "pax_ev": 17063, "veh_ev": 1682, "riders_ev": 433444, "share_ev_pct": 13.4, "pax_night": 5819, "veh_night": 582, "riders_night": 102181, "share_night_pct": 4.6 }, "geometry": { "type": "MultiLineString", "coordinates": [ [ [ -73.878353855993893, 40.855779260212095 ], [ -73.877367732546418, 40.855474436750455 ] ], [ [ -73.890386592123235, 40.86112644092232 ], [ -73.890275555556656, 40.861109072858113 ] ], [ [ -73.887456882230396, 40.859625528290117 ], [ -73.887264371561244, 40.859528834430947 ] ], [ [ -73.887264371561244, 40.859528834430947 ], [ -73.886733720993121, 40.85925544795662 ] ], [ [ -73.886733720993121, 40.85925544795662 ], [ -73.885951135888618, 40.858850455396365 ] ], [ [ -73.890275555556656, 40.861109072858113 ], [ -73.888886516364508, 40.860380390554361 ] ], [ [ -73.880806433232266, 40.857454059649626 ], [ -73.880715775238599, 40.857387401685124 ] ], [ [ -73.880882250888533, 40.857509544727954 ], [ -73.880806433232266, 40.857454059649626 ] ], [ [ -73.883388365719213, 40.858174992999004 ], [ -73.882498041184604, 40.857956800894236 ] ], [ [ -73.879194612681999, 40.856427398630203 ], [ -73.878579466304416, 40.855915940409751 ] ], [ [ -73.884228808091194, 40.858231417431746 ], [ -73.883388365719213, 40.858174992999004 ] ], [ [ -73.880715775238599, 40.857387401685124 ], [ -73.879194612681999, 40.856427398630203 ] ], [ [ -73.885951135888618, 40.858850455396365 ], [ -73.885135826713466, 40.858417033162539 ] ], [ [ -73.882498041184604, 40.857956800894236 ], [ -73.881661612026193, 40.857780728554758 ] ], [ [ -73.884345498639092, 40.858192696372996 ], [ -73.884228808091194, 40.858231417431746 ] ], [ [ -73.878579466304416, 40.855915940409751 ], [ -73.878443596430287, 40.855820137534913 ] ], [ [ -73.878443596430287, 40.855820137534913 ], [ -73.878353855993893, 40.855779260212095 ] ], [ [ -73.888886516364508, 40.860380390554361 ], [ -73.887456882230396, 40.859625528290117 ] ], [ [ -73.880978085846792, 40.8575998642226 ], [ -73.880882250888533, 40.857509544727954 ] ], [ [ -73.881661612026193, 40.857780728554758 ], [ -73.880978085846792, 40.8575998642226 ] ], [ [ -73.885135826713466, 40.858417033162539 ], [ -73.884756900371869, 40.858309474652089 ] ], [ [ -73.884756900371869, 40.858309474652089 ], [ -73.884605408657819, 40.858266473483937 ] ], [ [ -73.884605408657819, 40.858266473483937 ], [ -73.884345498639092, 40.858192696372996 ] ], [ [ -73.89070340478213, 40.86127934794176 ], [ -73.890565773490351, 40.861212921427807 ] ], [ [ -73.890565773490351, 40.861212921427807 ], [ -73.890386592123235, 40.86112644092232 ] ], [ [ -73.877367732546418, 40.855474436750455 ], [ -73.877028014989008, 40.855466598570601 ] ] ] } },
{ "type": "Feature", "properties": { "corridor_id": 444, "rank": 34, "name": "108 STREET (Queens)", "street": "108 STREET", "borough": "Queens", "n_blocks": 21, "n_routes": 3, "routes": [ "Q23", "Q64", "Q74" ], "peak_period": "am", "hourly_pax": [ 1097, 557, 512, 432, 280, 1558, 7775, 10858, 15059, 15484, 9367, 8582, 8958, 7820, 6603, 8399, 8179, 14507, 11800, 6879, 5079, 4297, 3507, 1532 ], "miles": 0.96, "pax_delay_min": 123502, "veh_delay_min": 20317, "riders_20d": 68846, "bus_trips_20d": 4883, "rider_block_crossings": 1445758, "bus_block_crossings": 102538, "min_per_bus": 2.55, "sec_per_rider": 153, "riders_per_delayed_bus_min": 6.1, "riders_per_bus": 14.1, "pax_delay_per_mile": 128726, "veh_delay_per_mile": 21176, "buses_per_day": 244, "riders_per_day": 3442, "share_of_city_delay_pct": 0.619, "cum_share_pct": 43.96, "pax_am": 49176, "veh_am": 3928, "riders_am": 310017, "share_am_pct": 30.9, "pax_md": 41330, "veh_md": 4211, "riders_md": 308589, "share_md_pct": 26.0, "pax_pm": 42885, "veh_pm": 5316, "riders_pm": 311355, "share_pm_pct": 27.0, "pax_ev": 21293, "veh_ev": 4593, "riders_ev": 152722, "share_ev_pct": 13.4, "pax_night": 4436, "veh_night": 878, "riders_night": 50514, "share_night_pct": 2.8 }, "geometry": { "type": "MultiLineString", "coordinates": [ [ [ -73.845503642996491, 40.724965413540822 ], [ -73.845159985799526, 40.724300069038406 ] ], [ [ -73.849944649526407, 40.733607050817845 ], [ -73.849604051695977, 40.732941841397825 ] ], [ [ -73.848578458666353, 40.730948678273244 ], [ -73.848237156888331, 40.730282589947862 ] ], [ [ -73.847553960423696, 40.728954201153492 ], [ -73.847212109203085, 40.728288667411789 ] ], [ [ -73.85030407090666, 40.734295975832438 ], [ -73.849944649526407, 40.733607050817845 ] ], [ [ -73.848919206681572, 40.731611846562608 ], [ -73.848578458666353, 40.730948678273244 ] ], [ [ -73.844134467839538, 40.72230778212203 ], [ -73.843947979031157, 40.721932899030207 ] ], [ [ -73.845844139943353, 40.725628636506187 ], [ -73.845503642996491, 40.724965413540822 ] ], [ [ -73.844818950969582, 40.723635078030462 ], [ -73.844475885186355, 40.722970605253799 ] ], [ [ -73.849604051695977, 40.732941841397825 ], [ -73.84926369480543, 40.732278080997332 ] ], [ [ -73.84789525255978, 40.729618859414956 ], [ -73.847553960423696, 40.728954201153492 ] ], [ [ -73.846873265610725, 40.727620434642944 ], [ -73.846529700915994, 40.726959443976796 ] ], [ [ -73.845159985799526, 40.724300069038406 ], [ -73.844818950969582, 40.723635078030462 ] ], [ [ -73.84926369480543, 40.732278080997332 ], [ -73.848919206681572, 40.731611846562608 ] ], [ [ -73.843947979031157, 40.721932899030207 ], [ -73.84386132505378, 40.72162591430601 ] ], [ [ -73.844475885186355, 40.722970605253799 ], [ -73.844134467839538, 40.72230778212203 ] ], [ [ -73.843947979031157, 40.721932899030207 ], [ -73.843730042709481, 40.721664854556693 ] ], [ [ -73.848237156888331, 40.730282589947862 ], [ -73.84789525255978, 40.729618859414956 ] ], [ [ -73.847212109203085, 40.728288667411789 ], [ -73.846873265610725, 40.727620434642944 ] ], [ [ -73.846529700915994, 40.726959443976796 ], [ -73.84618699281576, 40.726294491023985 ] ], [ [ -73.84618699281576, 40.726294491023985 ], [ -73.845844139943353, 40.725628636506187 ] ] ] } },
{ "type": "Feature", "properties": { "corridor_id": 182, "rank": 35, "name": "AVENUE J (Brooklyn)", "street": "AVENUE J", "borough": "Brooklyn", "n_blocks": 25, "n_routes": 2, "routes": [ "B11", "B6" ], "peak_period": "md", "hourly_pax": [ 838, 294, 91, 168, 474, 1048, 5141, 6332, 8608, 11961, 9082, 8648, 11033, 9347, 9159, 10791, 10056, 9811, 8068, 4228, 2212, 2253, 1921, 1072 ], "miles": 1.11, "pax_delay_min": 120833, "veh_delay_min": 12608, "riders_20d": 82855, "bus_trips_20d": 10368, "rider_block_crossings": 2071382, "bus_block_crossings": 259201, "min_per_bus": 1.26, "sec_per_rider": 76, "riders_per_delayed_bus_min": 9.6, "riders_per_bus": 8.0, "pax_delay_per_mile": 109221, "veh_delay_per_mile": 11396, "buses_per_day": 518, "riders_per_day": 4143, "share_of_city_delay_pct": 0.605, "cum_share_pct": 44.57, "pax_am": 32042, "veh_am": 2760, "riders_am": 483083, "share_am_pct": 24.2, "pax_md": 47268, "veh_md": 4593, "riders_md": 464656, "share_md_pct": 35.6, "pax_pm": 38726, "veh_pm": 3793, "riders_pm": 394756, "share_pm_pct": 29.2, "pax_ev": 11686, "veh_ev": 2511, "riders_ev": 195721, "share_ev_pct": 8.8, "pax_night": 2912, "veh_night": 762, "riders_night": 67528, "share_night_pct": 2.2 }, "geometry": { "type": "MultiLineString", "coordinates": [ [ [ -73.965172589631024, 40.624765483901555 ], [ -73.964172502772513, 40.624876975762419 ] ], [ [ -73.953506107902271, 40.626047282378124 ], [ -73.95257913775292, 40.626149283910863 ] ], [ [ -73.972444444177199, 40.62396395827944 ], [ -73.971843353485809, 40.624029704086638 ] ], [ [ -73.957595268345003, 40.625597468244273 ], [ -73.956393274202497, 40.625729971886372 ] ], [ [ -73.963248024388065, 40.624977380439617 ], [ -73.962318814889258, 40.625078730221404 ] ], [ [ -73.960465716753106, 40.625282768852955 ], [ -73.959503048526429, 40.625389397731603 ] ], [ [ -73.962318814889258, 40.625078730221404 ], [ -73.961393196194578, 40.625179065262493 ] ], [ [ -73.960841147017874, 40.625239375389931 ], [ -73.960465716753106, 40.625282768852955 ] ], [ [ -73.969097244580809, 40.624332825125499 ], [ -73.968022851461868, 40.624450886691712 ] ], [ [ -73.956393274202497, 40.625729971886372 ], [ -73.955363692037295, 40.625844068567787 ] ], [ [ -73.964172502772513, 40.624876975762419 ], [ -73.963248024388065, 40.624977380439617 ] ], [ [ -73.968022851461868, 40.624450886691712 ], [ -73.967096953052177, 40.624553059377902 ] ], [ [ -73.966169598679983, 40.62465579180121 ], [ -73.965172589631024, 40.624765483901555 ] ], [ [ -73.95853833326818, 40.625494180448229 ], [ -73.957595268345003, 40.625597468244273 ] ], [ [ -73.95257913775292, 40.626149283910863 ], [ -73.951617414611405, 40.626253811613417 ] ], [ [ -73.959503048526429, 40.625389397731603 ], [ -73.95853833326818, 40.625494180448229 ] ], [ [ -73.961393196194578, 40.625179065262493 ], [ -73.960841147017874, 40.625239375389931 ] ], [ [ -73.955363692037295, 40.625844068567787 ], [ -73.95443415139566, 40.625944562072604 ] ], [ [ -73.967096953052177, 40.624553059377902 ], [ -73.966169598679983, 40.62465579180121 ] ], [ [ -73.970471719248522, 40.624170029958002 ], [ -73.970192770464465, 40.624203250091085 ] ], [ [ -73.971843353485809, 40.624029704086638 ], [ -73.970739780343422, 40.624142605571791 ] ], [ [ -73.95443415139566, 40.625944562072604 ], [ -73.953506107902271, 40.626047282378124 ] ], [ [ -73.970192770464465, 40.624203250091085 ], [ -73.969097244580809, 40.624332825125499 ] ], [ [ -73.970739780343422, 40.624142605571791 ], [ -73.970618328730296, 40.624155031006765 ] ], [ [ -73.970618328730296, 40.624155031006765 ], [ -73.970471719248522, 40.624170029958002 ] ] ] } },
{ "type": "Feature", "properties": { "corridor_id": 393, "rank": 36, "name": "WEST 207 STREET (Manhattan)", "street": "WEST 207 STREET", "borough": "Manhattan", "n_blocks": 6, "n_routes": 2, "routes": [ "BX12", "BX12+" ], "peak_period": "am", "hourly_pax": [ 2951, 920, 1005, 263, 539, 433, 4349, 12072, 13273, 9083, 2658, 2625, 2859, 2960, 3319, 5863, 7188, 6955, 6881, 2056, 1344, 1179, 2317, 2340 ], "miles": 0.37, "pax_delay_min": 118154, "veh_delay_min": 24737, "riders_20d": 36836, "bus_trips_20d": 6812, "rider_block_crossings": 221018, "bus_block_crossings": 40872, "min_per_bus": 4.58, "sec_per_rider": 275, "riders_per_delayed_bus_min": 4.8, "riders_per_bus": 5.4, "pax_delay_per_mile": 321799, "veh_delay_per_mile": 67373, "buses_per_day": 341, "riders_per_day": 1842, "share_of_city_delay_pct": 0.592, "cum_share_pct": 45.16, "pax_am": 38776, "veh_am": 5787, "riders_am": 45430, "share_am_pct": 40.6, "pax_md": 14419, "veh_md": 3024, "riders_md": 39159, "share_md_pct": 15.1, "pax_pm": 26887, "veh_pm": 3309, "riders_pm": 58744, "share_pm_pct": 28.2, "pax_ev": 9236, "veh_ev": 2505, "riders_ev": 24310, "share_ev_pct": 9.7, "pax_night": 6112, "veh_night": 850, "riders_night": 9653, "share_night_pct": 6.4 }, "geometry": { "type": "MultiLineString", "coordinates": [ [ [ -73.918942256257083, 40.864462911826728 ], [ -73.919134810133428, 40.864525171536847 ] ], [ [ -73.919995916212301, 40.865796831057018 ], [ -73.92061165651937, 40.866759591198729 ] ], [ [ -73.92061165651937, 40.866759591198729 ], [ -73.921213144037225, 40.867692784074329 ] ], [ [ -73.917063466785507, 40.86369061332914 ], [ -73.918942256257083, 40.864462911826728 ] ], [ [ -73.919361897285441, 40.864809345258386 ], [ -73.919995916212301, 40.865796831057018 ] ], [ [ -73.919134810133428, 40.864525171536847 ], [ -73.919361897285441, 40.864809345258386 ] ] ] } },
{ "type": "Feature", "properties": { "corridor_id": 443, "rank": 37, "name": "57 AVENUE (Queens)", "street": "57 AVENUE", "borough": "Queens", "n_blocks": 16, "n_routes": 9, "routes": [ "Q11", "Q14", "Q29", "Q52+", "Q88", "Q98", "QM10", "QM11", "QM40" ], "peak_period": "md", "hourly_pax": [ 238, 228, 157, 186, 92, 546, 4468, 5661, 7306, 7025, 10935, 7724, 6306, 5972, 6900, 5051, 6841, 7008, 5220, 2000, 1979, 1672, 1171, 460 ], "miles": 0.79, "pax_delay_min": 115681, "veh_delay_min": 20854, "riders_20d": 40372, "bus_trips_20d": 3970, "rider_block_crossings": 645947, "bus_block_crossings": 63527, "min_per_bus": 4.42, "sec_per_rider": 265, "riders_per_delayed_bus_min": 5.5, "riders_per_bus": 10.2, "pax_delay_per_mile": 147192, "veh_delay_per_mile": 26534, "buses_per_day": 199, "riders_per_day": 2019, "share_of_city_delay_pct": 0.579, "cum_share_pct": 45.74, "pax_am": 24460, "veh_am": 3848, "riders_am": 167693, "share_am_pct": 25.7, "pax_md": 37838, "veh_md": 4130, "riders_md": 112676, "share_md_pct": 39.8, "pax_pm": 24121, "veh_pm": 3572, "riders_pm": 137632, "share_pm_pct": 25.4, "pax_ev": 7282, "veh_ev": 3389, "riders_ev": 65245, "share_ev_pct": 7.7, "pax_night": 1445, "veh_night": 518, "riders_night": 22921, "share_night_pct": 1.5 }, "geometry": { "type": "MultiLineString", "coordinates": [ [ [ -73.873063259803914, 40.734486457189938 ], [ -73.872256957608315, 40.734737240014582 ] ], [ [ -73.869701797049558, 40.735497612280568 ], [ -73.867545804030343, 40.736154207945241 ] ], [ [ -73.873599585164357, 40.734316500022118 ], [ -73.873418002610322, 40.734376121442715 ] ], [ [ -73.862299544048085, 40.737681881787694 ], [ -73.861431671449282, 40.737955172024463 ] ], [ [ -73.864735224540027, 40.736953960622159 ], [ -73.864047392596646, 40.737163095689738 ] ], [ [ -73.861431671449282, 40.737955172024463 ], [ -73.860071555351354, 40.738372903104072 ] ], [ [ -73.864047392596646, 40.737163095689738 ], [ -73.863172945349262, 40.737422090836795 ] ], [ [ -73.863172945349262, 40.737422090836795 ], [ -73.862299544048085, 40.737681881787694 ] ], [ [ -73.872256957608315, 40.734737240014582 ], [ -73.869701797049558, 40.735497612280568 ] ], [ [ -73.873995821546842, 40.734186405160528 ], [ -73.873787705745627, 40.73425473304269 ] ], [ [ -73.873311454936612, 40.734409259747508 ], [ -73.873063259803914, 40.734486457189938 ] ], [ [ -73.873787705745627, 40.73425473304269 ], [ -73.873599585164357, 40.734316500022118 ] ], [ [ -73.867545804030343, 40.736154207945241 ], [ -73.865829560469138, 40.736643223498852 ] ], [ [ -73.873418002610322, 40.734376121442715 ], [ -73.873311454936612, 40.734409259747508 ] ], [ [ -73.864929712486429, 40.736894827506433 ], [ -73.864735224540027, 40.736953960622159 ] ], [ [ -73.865829560469138, 40.736643223498852 ], [ -73.864929712486429, 40.736894827506433 ] ] ] } },
{ "type": "Feature", "properties": { "corridor_id": 445, "rank": 38, "name": "ROCKAWAY BEACH BOULEVARD (Queens)", "street": "ROCKAWAY BEACH BOULEVARD", "borough": "Queens", "n_blocks": 34, "n_routes": 7, "routes": [ "Q11", "Q22", "Q52+", "Q53+", "QM15", "QM16", "QM17" ], "peak_period": "md", "hourly_pax": [ 694, 222, 40, 15, 16, 449, 2937, 1819, 2615, 3685, 8446, 7488, 9098, 9010, 8976, 3184, 3406, 6459, 6098, 2561, 2460, 1478, 789, 613 ], "miles": 1.23, "pax_delay_min": 111090, "veh_delay_min": 10682, "riders_20d": 72202, "bus_trips_20d": 7311, "rider_block_crossings": 2454880, "bus_block_crossings": 248588, "min_per_bus": 1.4, "sec_per_rider": 84, "riders_per_delayed_bus_min": 10.4, "riders_per_bus": 9.9, "pax_delay_per_mile": 90559, "veh_delay_per_mile": 8708, "buses_per_day": 366, "riders_per_day": 3610, "share_of_city_delay_pct": 0.556, "cum_share_pct": 46.29, "pax_am": 11057, "veh_am": 1179, "riders_am": 460438, "share_am_pct": 13.4, "pax_md": 43018, "veh_md": 2759, "riders_md": 790422, "share_md_pct": 52.1, "pax_pm": 19148, "veh_pm": 1903, "riders_pm": 438636, "share_pm_pct": 23.2, "pax_ev": 7902, "veh_ev": 1228, "riders_ev": 187354, "share_ev_pct": 9.6, "pax_night": 1436, "veh_night": 280, "riders_night": 48632, "share_night_pct": 1.7 }, "geometry": { "type": "MultiLineString", "coordinates": [ [ [ -73.809865423285601, 40.587742163117916 ], [ -73.811252234975058, 40.587566794131462 ] ], [ [ -73.807283120002282, 40.588001426764706 ], [ -73.809865423285601, 40.587742163117916 ] ], [ [ -73.802021733610431, 40.588860423449255 ], [ -73.802788680812881, 40.58865813745485 ] ], [ [ -73.817659825938094, 40.585486162529563 ], [ -73.818045181242283, 40.58530679806524 ] ], [ [ -73.819574377693755, 40.584586934106092 ], [ -73.82033879012053, 40.584221338941134 ] ], [ [ -73.821109119760678, 40.583856801361435 ], [ -73.82148089227465, 40.583679345903811 ] ], [ [ -73.818045181242283, 40.58530679806524 ], [ -73.818804264027506, 40.584948336775021 ] ], [ [ -73.816700913526219, 40.585932858849645 ], [ -73.816932894573853, 40.585823310695311 ] ], [ [ -73.82033879012053, 40.584221338941134 ], [ -73.821109119760678, 40.583856801361435 ] ], [ [ -73.82148089227465, 40.583679345903811 ], [ -73.82172941250235, 40.58356270855478 ] ], [ [ -73.806345923421858, 40.588080340339175 ], [ -73.807283120002282, 40.588001426764706 ] ], [ [ -73.803554345305841, 40.588477356306349 ], [ -73.80430462538115, 40.588327272527415 ] ], [ [ -73.802788680812881, 40.58865813745485 ], [ -73.803554345305841, 40.588477356306349 ] ], [ [ -73.814643167570381, 40.586777105309331 ], [ -73.815434724206, 40.586460115837561 ] ], [ [ -73.816587247843216, 40.585984206002287 ], [ -73.816700913526219, 40.585932858849645 ] ], [ [ -73.816932894573853, 40.585823310695311 ], [ -73.817188758523528, 40.585705055667503 ] ], [ [ -73.805143800297714, 40.58821462943439 ], [ -73.806345923421858, 40.588080340339175 ] ], [ [ -73.817188758523528, 40.585705055667503 ], [ -73.817281664050469, 40.58566001513811 ] ], [ [ -73.8225991797066, 40.583153982197345 ], [ -73.822662373247738, 40.583131026663416 ] ], [ [ -73.815434724206, 40.586460115837561 ], [ -73.816587247843216, 40.585984206002287 ] ], [ [ -73.812157220271189, 40.58744510340626 ], [ -73.813048236325187, 40.58733758391223 ] ], [ [ -73.822523689259427, 40.5831774144145 ], [ -73.8225991797066, 40.583153982197345 ] ], [ [ -73.811252234975058, 40.587566794131462 ], [ -73.812157220271189, 40.58744510340626 ] ], [ [ -73.82172941250235, 40.58356270855478 ], [ -73.822523689259427, 40.5831774144145 ] ], [ [ -73.813871404157609, 40.587085756870337 ], [ -73.814643167570381, 40.586777105309331 ] ], [ [ -73.80107985696732, 40.589090595192189 ], [ -73.802021733610431, 40.588860423449255 ] ], [ [ -73.817281664050469, 40.58566001513811 ], [ -73.817381941983726, 40.585613177972363 ] ], [ [ -73.817381941983726, 40.585613177972363 ], [ -73.817659825938094, 40.585486162529563 ] ], [ [ -73.818804264027506, 40.584948336775021 ], [ -73.819184759284909, 40.584769777405072 ] ], [ [ -73.819184759284909, 40.584769777405072 ], [ -73.819574377693755, 40.584586934106092 ] ], [ [ -73.80430462538115, 40.588327272527415 ], [ -73.804730742970108, 40.588270075447944 ] ], [ [ -73.804730742970108, 40.588270075447944 ], [ -73.805143800297714, 40.58821462943439 ] ], [ [ -73.813048236325187, 40.58733758391223 ], [ -73.813511062224265, 40.587195995271493 ] ], [ [ -73.813511062224265, 40.587195995271493 ], [ -73.813871404157609, 40.587085756870337 ] ] ] } },
{ "type": "Feature", "properties": { "corridor_id": 73, "rank": 39, "name": "BAY STREET (Staten Island)", "street": "BAY STREET", "borough": "Staten Island", "n_blocks": 18, "n_routes": 20, "routes": [ "S42", "S44", "S46", "S48", "S51", "S52", "S61", "S62", "S66", "S74", "S76", "S78", "S81", "S84", "S86", "S91", "S92", "S94", "S96", "S98" ], "peak_period": "am", "hourly_pax": [ 2167, 1117, 796, 646, 872, 1816, 4942, 6894, 8529, 5742, 5790, 4651, 4301, 4595, 6584, 5164, 6066, 4738, 5374, 2909, 2097, 2218, 1657, 1982 ], "miles": 0.6, "pax_delay_min": 109582, "veh_delay_min": 18183, "riders_20d": 90134, "bus_trips_20d": 14672, "rider_block_crossings": 1622413, "bus_block_crossings": 264095, "min_per_bus": 1.07, "sec_per_rider": 64, "riders_per_delayed_bus_min": 6.0, "riders_per_bus": 6.1, "pax_delay_per_mile": 182925, "veh_delay_per_mile": 30354, "buses_per_day": 734, "riders_per_day": 4507, "share_of_city_delay_pct": 0.549, "cum_share_pct": 46.84, "pax_am": 26108, "veh_am": 4508, "riders_am": 292066, "share_am_pct": 28.5, "pax_md": 25921, "veh_md": 3108, "riders_md": 408434, "share_md_pct": 28.3, "pax_pm": 21343, "veh_pm": 3669, "riders_pm": 303397, "share_pm_pct": 23.3, "pax_ev": 10865, "veh_ev": 2226, "riders_ev": 181705, "share_ev_pct": 11.9, "pax_night": 7413, "veh_night": 1399, "riders_night": 122244, "share_night_pct": 8.1 }, "geometry": { "type": "MultiLineString", "coordinates": [ [ [ -74.075194007957492, 40.642244477438965 ], [ -74.075190800797742, 40.642188665401981 ] ], [ [ -74.075426764666219, 40.639781865335863 ], [ -74.075503352648411, 40.639653698289386 ] ], [ [ -74.075571719611375, 40.639771414082574 ], [ -74.075503352648411, 40.639653698289386 ] ], [ [ -74.075892302895056, 40.641233393786223 ], [ -74.07580535244513, 40.640764181523771 ] ], [ [ -74.075847505373901, 40.635935588964401 ], [ -74.075855007618713, 40.635858967640395 ] ], [ [ -74.076291471292109, 40.636752092904807 ], [ -74.076179487177157, 40.63656179770242 ] ], [ [ -74.075647528580106, 40.640780720140377 ], [ -74.075426764666219, 40.639781865335863 ] ], [ [ -74.076179487177157, 40.63656179770242 ], [ -74.075847505373901, 40.635935588964401 ] ], [ [ -74.07541811993724, 40.642027575990035 ], [ -74.075892302895056, 40.641233393786223 ] ], [ [ -74.07580535244513, 40.640764181523771 ], [ -74.075571719611375, 40.639771414082574 ] ], [ [ -74.075238401845255, 40.64212059101213 ], [ -74.07541811993724, 40.642027575990035 ] ], [ [ -74.075847505373901, 40.635935588964401 ], [ -74.075746976997621, 40.635889989638855 ] ], [ [ -74.075855007618713, 40.635858967640395 ], [ -74.075549599787038, 40.635175449591493 ] ], [ [ -74.075190800797742, 40.642188665401981 ], [ -74.075238401845255, 40.64212059101213 ] ], [ [ -74.076013102020482, 40.637771693697232 ], [ -74.076065002865136, 40.637564766328417 ] ], [ [ -74.076065002865136, 40.637564766328417 ], [ -74.076291471292109, 40.636752092904807 ] ], [ [ -74.075503352648411, 40.639653698289386 ], [ -74.075811577581206, 40.638511927991956 ] ], [ [ -74.075811577581206, 40.638511927991956 ], [ -74.076013102020482, 40.637771693697232 ] ] ] } },
{ "type": "Feature", "properties": { "corridor_id": 467, "rank": 40, "name": "153 STREET (Queens)", "street": "153 STREET", "borough": "Queens", "n_blocks": 6, "n_routes": 8, "routes": [ "Q110", "Q111", "Q112", "Q113", "Q114", "Q115", "Q24", "Q83" ], "peak_period": "am", "hourly_pax": [ 391, 447, 1648, 1084, 493, 1277, 3356, 7322, 11265, 8797, 3954, 3351, 2286, 4648, 3179, 5433, 3293, 5708, 3358, 1829, 2325, 1332, 1252, 684 ], "miles": 0.39, "pax_delay_min": 109065, "veh_delay_min": 54645, "riders_20d": 24308, "bus_trips_20d": 11521, "rider_block_crossings": 145847, "bus_block_crossings": 69128, "min_per_bus": 4.65, "sec_per_rider": 279, "riders_per_delayed_bus_min": 2.0, "riders_per_bus": 2.1, "pax_delay_per_mile": 281182, "veh_delay_per_mile": 140881, "buses_per_day": 576, "riders_per_day": 1215, "share_of_city_delay_pct": 0.546, "cum_share_pct": 47.39, "pax_am": 30740, "veh_am": 10039, "riders_am": 41156, "share_am_pct": 39.1, "pax_md": 17419, "veh_md": 8375, "riders_md": 28416, "share_md_pct": 22.1, "pax_pm": 17791, "veh_pm": 9504, "riders_pm": 23503, "share_pm_pct": 22.6, "pax_ev": 7422, "veh_ev": 7097, "riders_ev": 10404, "share_ev_pct": 9.4, "pax_night": 5341, "veh_night": 3839, "riders_night": 8146, "share_night_pct": 6.8 }, "geometry": { "type": "MultiLineString", "coordinates": [ [ [ -73.80357251651688, 40.705233231430853 ], [ -73.803140321336215, 40.704304180552931 ] ], [ [ -73.803140321336215, 40.704304180552931 ], [ -73.802560275175864, 40.703219742617762 ] ], [ [ -73.802285550424358, 40.702737973558442 ], [ -73.801896979011815, 40.701968860774819 ] ], [ [ -73.802560275175864, 40.703219742617762 ], [ -73.802285550424358, 40.702737973558442 ] ], [ [ -73.804499874670839, 40.707227790974628 ], [ -73.804048364765649, 40.70625471203018 ] ], [ [ -73.804048364765649, 40.70625471203018 ], [ -73.80357251651688, 40.705233231430853 ] ] ] } },
{ "type": "Feature", "properties": { "corridor_id": 205, "rank": 41, "name": "KINGS HIGHWAY (Brooklyn)", "street": "KINGS HIGHWAY", "borough": "Brooklyn", "n_blocks": 28, "n_routes": 4, "routes": [ "B100", "B7", "B82", "B82+" ], "peak_period": "pm", "hourly_pax": [ 848, 657, 298, 125, 288, 1286, 6445, 6957, 9113, 7863, 4941, 7068, 5786, 7312, 8106, 8448, 13000, 12115, 10106, 3115, 3982, 3489, 2587, 1368 ], "miles": 1.23, "pax_delay_min": 107978, "veh_delay_min": 8775, "riders_20d": 93382, "bus_trips_20d": 7020, "rider_block_crossings": 2614710, "bus_block_crossings": 196555, "min_per_bus": 1.22, "sec_per_rider": 73, "riders_per_delayed_bus_min": 12.3, "riders_per_bus": 13.3, "pax_delay_per_mile": 87947, "veh_delay_per_mile": 7147, "buses_per_day": 351, "riders_per_day": 4669, "share_of_city_delay_pct": 0.541, "cum_share_pct": 47.93, "pax_am": 30379, "veh_am": 1596, "riders_am": 655046, "share_am_pct": 24.2, "pax_md": 33212, "veh_md": 2447, "riders_md": 565545, "share_md_pct": 26.5, "pax_pm": 43668, "veh_pm": 3644, "riders_pm": 595537, "share_pm_pct": 34.9, "pax_ev": 14541, "veh_ev": 1829, "riders_ev": 229857, "share_ev_pct": 11.6, "pax_night": 3503, "veh_night": 430, "riders_night": 74470, "share_night_pct": 2.8 }, "geometry": { "type": "MultiLineString", "coordinates": [ [ [ -73.96672676495858, 40.605754398069088 ], [ -73.965645330231581, 40.606122384333077 ] ], [ [ -73.959157303193109, 40.608383525288595 ], [ -73.958280569680483, 40.608747354184189 ] ], [ [ -73.95157331361996, 40.611285390362411 ], [ -73.950866572128248, 40.611510963989744 ] ], [ [ -73.964617532776984, 40.606478427192677 ], [ -73.963724145612957, 40.606758120623944 ] ], [ [ -73.965645330231581, 40.606122384333077 ], [ -73.964617532776984, 40.606478427192677 ] ], [ [ -73.950769380884168, 40.611590244227862 ], [ -73.949962967026323, 40.612315727319583 ] ], [ [ -73.955597260601664, 40.609942079450548 ], [ -73.954695594364054, 40.610266059169703 ] ], [ [ -73.949119702143477, 40.613053217188749 ], [ -73.948248344205069, 40.613635357530285 ] ], [ [ -73.953543356270387, 40.610653733017394 ], [ -73.953092483839526, 40.610817769337842 ] ], [ [ -73.962885289932331, 40.607020345867689 ], [ -73.961885679669933, 40.607336300178886 ] ], [ [ -73.957406012764324, 40.609130907875858 ], [ -73.956501887999437, 40.60953951412688 ] ], [ [ -73.956501887999437, 40.60953951412688 ], [ -73.955597260601664, 40.609942079450548 ] ], [ [ -73.968219423126499, 40.60493705677036 ], [ -73.967217107280277, 40.605584151363786 ] ], [ [ -73.961885679669933, 40.607336300178886 ], [ -73.960909773272434, 40.607693101079711 ] ], [ [ -73.950866572128248, 40.611510963989744 ], [ -73.950769380884168, 40.611590244227862 ] ], [ [ -73.966962486743327, 40.60567418462405 ], [ -73.96672676495858, 40.605754398069088 ] ], [ [ -73.954695594364054, 40.610266059169703 ], [ -73.953543356270387, 40.610653733017394 ] ], [ [ -73.960036725927665, 40.608030208138395 ], [ -73.959157303193109, 40.608383525288595 ] ], [ [ -73.952587869353223, 40.611112239637706 ], [ -73.951667768640306, 40.61131318603266 ] ], [ [ -73.960909773272434, 40.607693101079711 ], [ -73.960036725927665, 40.608030208138395 ] ], [ [ -73.957797411415882, 40.608957440652873 ], [ -73.957406012764324, 40.609130907875858 ] ], [ [ -73.953092483839526, 40.610817769337842 ], [ -73.952587869353223, 40.611112239637706 ] ], [ [ -73.963724145612957, 40.606758120623944 ], [ -73.962885289932331, 40.607020345867689 ] ], [ [ -73.949962967026323, 40.612315727319583 ], [ -73.949119702143477, 40.613053217188749 ] ], [ [ -73.958280569680483, 40.608747354184189 ], [ -73.957797411415882, 40.608957440652873 ] ], [ [ -73.951667768640306, 40.61131318603266 ], [ -73.95157331361996, 40.611285390362411 ] ], [ [ -73.967217107280277, 40.605584151363786 ], [ -73.967098584133268, 40.605626061275245 ] ], [ [ -73.967098584133268, 40.605626061275245 ], [ -73.966962486743327, 40.60567418462405 ] ] ] } },
{ "type": "Feature", "properties": { "corridor_id": 69, "rank": 42, "name": "EAST 149 STREET (Bronx)", "street": "EAST 149 STREET", "borough": "Bronx", "n_blocks": 14, "n_routes": 2, "routes": [ "BX17", "BX19" ], "peak_period": "md", "hourly_pax": [ 1790, 741, 595, 327, 572, 1530, 3388, 3152, 3148, 3249, 5700, 5215, 6187, 6027, 5962, 4616, 5133, 4410, 4778, 3430, 2802, 2736, 2638, 2464 ], "miles": 0.4, "pax_delay_min": 107036, "veh_delay_min": 12789, "riders_20d": 60277, "bus_trips_20d": 7557, "rider_block_crossings": 843872, "bus_block_crossings": 105794, "min_per_bus": 1.93, "sec_per_rider": 116, "riders_per_delayed_bus_min": 8.4, "riders_per_bus": 8.0, "pax_delay_per_mile": 270325, "veh_delay_per_mile": 32299, "buses_per_day": 378, "riders_per_day": 3014, "share_of_city_delay_pct": 0.536, "cum_share_pct": 48.47, "pax_am": 12937, "veh_am": 1636, "riders_am": 137421, "share_am_pct": 16.1, "pax_md": 29091, "veh_md": 2985, "riders_md": 184073, "share_md_pct": 36.1, "pax_pm": 18937, "veh_pm": 1760, "riders_pm": 192000, "share_pm_pct": 23.5, "pax_ev": 14070, "veh_ev": 2068, "riders_ev": 94039, "share_ev_pct": 17.5, "pax_night": 5554, "veh_night": 781, "riders_night": 42907, "share_night_pct": 6.9 }, "geometry": { "type": "MultiLineString", "coordinates": [ [ [ -73.905413598976679, 40.812476195147653 ], [ -73.904465514639881, 40.812281959312251 ] ], [ [ -73.904180365136114, 40.812124820020031 ], [ -73.903417203807408, 40.811506882833001 ] ], [ [ -73.906329918208954, 40.812667074062468 ], [ -73.905413598976679, 40.812476195147653 ] ], [ [ -73.904465514639881, 40.812281959312251 ], [ -73.904180365136114, 40.812124820020031 ] ], [ [ -73.907245036726295, 40.812855162667304 ], [ -73.906329918208954, 40.812667074062468 ] ], [ [ -73.908159177335492, 40.813043576429067 ], [ -73.907245036726295, 40.812855162667304 ] ], [ [ -73.909074518121145, 40.813233072985419 ], [ -73.908159177335492, 40.813043576429067 ] ], [ [ -73.910296155452571, 40.813488565083219 ], [ -73.9101334219352, 40.813455511017217 ] ], [ [ -73.910336645274086, 40.813496789575417 ], [ -73.910296155452571, 40.813488565083219 ] ], [ [ -73.9101334219352, 40.813455511017217 ], [ -73.910018403706331, 40.813432148257448 ] ], [ [ -73.909496848213152, 40.813322148198282 ], [ -73.909074518121145, 40.813233072985419 ] ], [ [ -73.909523677765876, 40.813327806366964 ], [ -73.909496848213152, 40.813322148198282 ] ], [ [ -73.910018403706331, 40.813432148257448 ], [ -73.909798785672365, 40.813385829627343 ] ], [ [ -73.909798785672365, 40.813385829627343 ], [ -73.909523677765876, 40.813327806366964 ] ] ] } },
{ "type": "Feature", "properties": { "corridor_id": 440, "rank": 43, "name": "NORTHERN BOULEVARD (Queens)", "street": "NORTHERN BOULEVARD", "borough": "Queens", "n_blocks": 31, "n_routes": 6, "routes": [ "Q63", "Q66", "Q90", "QM2", "QM20", "QM32" ], "peak_period": "md", "hourly_pax": [ 1492, 1542, 1465, 1146, 1273, 1266, 3532, 5142, 7488, 3573, 5728, 5966, 6223, 6461, 5768, 5895, 6030, 6063, 4546, 1930, 3300, 3372, 3154, 2131 ], "miles": 1.34, "pax_delay_min": 106821, "veh_delay_min": 12778, "riders_20d": 52419, "bus_trips_20d": 6018, "rider_block_crossings": 1624998, "bus_block_crossings": 186551, "min_per_bus": 2.2, "sec_per_rider": 132, "riders_per_delayed_bus_min": 8.4, "riders_per_bus": 8.7, "pax_delay_per_mile": 79777, "veh_delay_per_mile": 9543, "buses_per_day": 301, "riders_per_day": 2621, "share_of_city_delay_pct": 0.535, "cum_share_pct": 49.0, "pax_am": 19734, "veh_am": 2584, "riders_am": 258460, "share_am_pct": 20.9, "pax_md": 30146, "veh_md": 2567, "riders_md": 322608, "share_md_pct": 31.9, "pax_pm": 22535, "veh_pm": 2112, "riders_pm": 437155, "share_pm_pct": 23.9, "pax_ev": 13886, "veh_ev": 2413, "riders_ev": 193505, "share_ev_pct": 14.7, "pax_night": 8184, "veh_night": 1307, "riders_night": 82901, "share_night_pct": 8.7 }, "geometry": { "type": "MultiLineString", "coordinates": [ [ [ -73.867463364476464, 40.757441540180778 ], [ -73.86656997601952, 40.757535521329153 ] ], [ [ -73.880719285052436, 40.756049096255964 ], [ -73.879789098362778, 40.7561467799555 ] ], [ [ -73.859513324428974, 40.757878590105491 ], [ -73.858889324189562, 40.757899476086102 ] ], [ [ -73.86656997601952, 40.757535521329153 ], [ -73.865674370029041, 40.757629582992678 ] ], [ [ -73.87513874288436, 40.756633815617079 ], [ -73.874208031062153, 40.756731561833377 ] ], [ [ -73.873110547827196, 40.756850881706249 ], [ -73.872218563829961, 40.756943224295441 ] ], [ [ -73.872218563829961, 40.756943224295441 ], [ -73.87132395893255, 40.75703634040287 ] ], [ [ -73.873657217907436, 40.75680348571089 ], [ -73.873110547827196, 40.756850881706249 ] ], [ [ -73.87793030996815, 40.756339010118438 ], [ -73.876997896108634, 40.756438965179946 ] ], [ [ -73.858889324189562, 40.757899476086102 ], [ -73.85856139016542, 40.757912436727146 ] ], [ [ -73.85856139016542, 40.757912436727146 ], [ -73.857753512324123, 40.758027274487816 ] ], [ [ -73.87132395893255, 40.75703634040287 ], [ -73.870413714256316, 40.75713241221947 ] ], [ [ -73.860998824279093, 40.75782499350337 ], [ -73.86046162280627, 40.757843731851708 ] ], [ [ -73.876067877549161, 40.756536231458334 ], [ -73.87513874288436, 40.756633815617079 ] ], [ [ -73.868483748854459, 40.75733493710301 ], [ -73.867463364476464, 40.757441540180778 ] ], [ [ -73.856951868526366, 40.758133126922075 ], [ -73.855608198767683, 40.758305410255588 ] ], [ [ -73.865674370029041, 40.757629582992678 ], [ -73.864619566490617, 40.757693716037366 ] ], [ [ -73.869503148046633, 40.757228018108073 ], [ -73.868483748854459, 40.75733493710301 ] ], [ [ -73.876997896108634, 40.756438965179946 ], [ -73.876067877549161, 40.756536231458334 ] ], [ [ -73.861906172450659, 40.757794863526357 ], [ -73.860998824279093, 40.75782499350337 ] ], [ [ -73.863714999500118, 40.757725670954173 ], [ -73.862807042318735, 40.757758983811797 ] ], [ [ -73.879789098362778, 40.7561467799555 ], [ -73.878860524939114, 40.756241467713529 ] ], [ [ -73.859927461923959, 40.757864101223937 ], [ -73.859513324428974, 40.757878590105491 ] ], [ [ -73.874208031062153, 40.756731561833377 ], [ -73.873657217907436, 40.75680348571089 ] ], [ [ -73.855608198767683, 40.758305410255588 ], [ -73.855403661478363, 40.758340309537587 ] ], [ [ -73.857753512324123, 40.758027274487816 ], [ -73.856951868526366, 40.758133126922075 ] ], [ [ -73.86046162280627, 40.757843731851708 ], [ -73.859927461923959, 40.757864101223937 ] ], [ [ -73.862807042318735, 40.757758983811797 ], [ -73.861906172450659, 40.757794863526357 ] ], [ [ -73.870413714256316, 40.75713241221947 ], [ -73.869503148046633, 40.757228018108073 ] ], [ [ -73.878860524939114, 40.756241467713529 ], [ -73.87793030996815, 40.756339010118438 ] ], [ [ -73.864619566490617, 40.757693716037366 ], [ -73.863714999500118, 40.757725670954173 ] ] ] } },
{ "type": "Feature", "properties": { "corridor_id": 330, "rank": 44, "name": "1 AVENUE (Manhattan)", "street": "1 AVENUE", "borough": "Manhattan", "n_blocks": 53, "n_routes": 22, "routes": [ "BM5", "M15", "M15+", "M23+", "M42", "M9", "QM1", "QM11", "QM15", "QM18", "QM2", "QM20", "QM21", "QM25", "QM31", "QM34", "QM35", "QM40", "QM5", "QM65", "QM7", "QM8" ], "peak_period": "md", "hourly_pax": [ 214, 173, 35, 21, 76, 348, 4727, 4487, 5935, 8827, 4527, 6357, 8848, 7154, 5078, 5266, 4402, 5934, 5829, 4457, 3187, 3963, 3807, 1042 ], "miles": 1.59, "pax_delay_min": 106185, "veh_delay_min": 11670, "riders_20d": 67571, "bus_trips_20d": 5666, "rider_block_crossings": 3581266, "bus_block_crossings": 300278, "min_per_bus": 2.03, "sec_per_rider": 122, "riders_per_delayed_bus_min": 9.1, "riders_per_bus": 11.9, "pax_delay_per_mile": 66716, "veh_delay_per_mile": 7332, "buses_per_day": 283, "riders_per_day": 3379, "share_of_city_delay_pct": 0.532, "cum_share_pct": 49.53, "pax_am": 23976, "veh_am": 1926, "riders_am": 1016829, "share_am_pct": 25.3, "pax_md": 31965, "veh_md": 3385, "riders_md": 681187, "share_md_pct": 33.8, "pax_pm": 21432, "veh_pm": 2447, "riders_pm": 682756, "share_pm_pct": 22.6, "pax_ev": 16456, "veh_ev": 2127, "riders_ev": 390632, "share_ev_pct": 17.4, "pax_night": 867, "veh_night": 375, "riders_night": 45302, "share_night_pct": 0.9 }, "geometry": { "type": "MultiLineString", "coordinates": [ [ [ -73.977147648089812, 40.738795460405306 ], [ -73.976700058688365, 40.739409732984484 ] ], [ [ -73.974010548388875, 40.743098507553086 ], [ -73.973508349415994, 40.743782033629877 ] ], [ [ -73.976700058688365, 40.739409732984484 ], [ -73.976251268265827, 40.740023326669395 ] ], [ [ -73.973508349415994, 40.743782033629877 ], [ -73.973026703926905, 40.74445004125559 ] ], [ [ -73.969544606481094, 40.749205044841176 ], [ -73.969320314337139, 40.749516974261766 ] ], [ [ -73.980753978765904, 40.733834970208299 ], [ -73.980488891764182, 40.734186586783991 ] ], [ [ -73.970780317798429, 40.747543471543757 ], [ -73.97036560417807, 40.748094511427816 ] ], [ [ -73.97866516208417, 40.736707870338783 ], [ -73.978540946450892, 40.736887659323422 ] ], [ [ -73.977602702029216, 40.738171795493209 ], [ -73.977147648089812, 40.738795460405306 ] ], [ [ -73.971228061912328, 40.746919170321284 ], [ -73.970780317798429, 40.747543471543757 ] ], [ [ -73.973026703926905, 40.74445004125559 ], [ -73.972575983232474, 40.745067853796449 ] ], [ [ -73.972575983232474, 40.745067853796449 ], [ -73.972124742438979, 40.745681337572137 ] ], [ [ -73.982074432820198, 40.732030312934796 ], [ -73.981813432271323, 40.732377652012843 ] ], [ [ -73.969320314337139, 40.749516974261766 ], [ -73.968907972311086, 40.750112443281068 ] ], [ [ -73.969522006048606, 40.749118590270648 ], [ -73.969544606481094, 40.749205044841176 ] ], [ [ -73.982484695697664, 40.731451475417707 ], [ -73.982441282066119, 40.73151292826244 ] ], [ [ -73.969690902224102, 40.74873336219067 ], [ -73.969666389806093, 40.748789277242984 ] ], [ [ -73.971657406236091, 40.746303693735257 ], [ -73.971228061912328, 40.746919170321284 ] ], [ [ -73.979464826194516, 40.735600004656234 ], [ -73.978997153619559, 40.736215687336575 ] ], [ [ -73.97036560417807, 40.748094511427816 ], [ -73.970189515110647, 40.748108171616337 ] ], [ [ -73.979879320293136, 40.734994332939941 ], [ -73.979647041180172, 40.7353337541931 ] ], [ [ -73.978540946450892, 40.736887659323422 ], [ -73.978052264964631, 40.737553953696086 ] ], [ [ -73.982441282066119, 40.73151292826244 ], [ -73.982074432820198, 40.732030312934796 ] ], [ [ -73.971961199883935, 40.745902899625712 ], [ -73.971847391334464, 40.746057459450931 ] ], [ [ -73.978052264964631, 40.737553953696086 ], [ -73.977602702029216, 40.738171795493209 ] ], [ [ -73.969666389806093, 40.748789277242984 ], [ -73.969522006048606, 40.749118590270648 ] ], [ [ -73.983069469541093, 40.730655225690107 ], [ -73.982556292856671, 40.731350134010029 ] ], [ [ -73.980488891764182, 40.734186586783991 ], [ -73.980314642841734, 40.73442849291748 ] ], [ [ -73.975798234553665, 40.740644616690744 ], [ -73.975342635638867, 40.74127467957284 ] ], [ [ -73.983535925231607, 40.730007728391726 ], [ -73.983069469541093, 40.730655225690107 ] ], [ [ -73.981813432271323, 40.732377652012843 ], [ -73.981603290144022, 40.732662308425169 ] ], [ [ -73.978997153619559, 40.736215687336575 ], [ -73.97866516208417, 40.736707870338783 ] ], [ [ -73.982556292856671, 40.731350134010029 ], [ -73.982484695697664, 40.731451475417707 ] ], [ [ -73.975342635638867, 40.74127467957284 ], [ -73.974867748861797, 40.74192583007769 ] ], [ [ -73.971847391334464, 40.746057459450931 ], [ -73.97174810736233, 40.746186138638947 ] ], [ [ -73.97174810736233, 40.746186138638947 ], [ -73.971657406236091, 40.746303693735257 ] ], [ [ -73.974867748861797, 40.74192583007769 ], [ -73.974173848692701, 40.742890276998182 ] ], [ [ -73.974173848692701, 40.742890276998182 ], [ -73.974010548388875, 40.743098507553086 ] ], [ [ -73.981603290144022, 40.732662308425169 ], [ -73.981479875579325, 40.73283659153492 ] ], [ [ -73.981479875579325, 40.73283659153492 ], [ -73.981180670528843, 40.733261453517891 ] ], [ [ -73.981180670528843, 40.733261453517891 ], [ -73.980897769785173, 40.733641701974342 ] ], [ [ -73.980897769785173, 40.733641701974342 ], [ -73.980753978765904, 40.733834970208299 ] ], [ [ -73.980314642841734, 40.73442849291748 ], [ -73.980134127875573, 40.734663130413907 ] ], [ [ -73.980134127875573, 40.734663130413907 ], [ -73.979879320293136, 40.734994332939941 ] ], [ [ -73.976251268265827, 40.740023326669395 ], [ -73.976145703251149, 40.740170276428486 ] ], [ [ -73.976145703251149, 40.740170276428486 ], [ -73.975798234553665, 40.740644616690744 ] ], [ [ -73.972124742438979, 40.745681337572137 ], [ -73.972087241985648, 40.745736730437955 ] ], [ [ -73.972087241985648, 40.745736730437955 ], [ -73.971961199883935, 40.745902899625712 ] ], [ [ -73.979548607392843, 40.735477584621087 ], [ -73.979464826194516, 40.735600004656234 ] ], [ [ -73.979647041180172, 40.7353337541931 ], [ -73.97958584695202, 40.735423170451462 ] ], [ [ -73.97958584695202, 40.735423170451462 ], [ -73.979548607392843, 40.735477584621087 ] ], [ [ -73.970189515110647, 40.748108171616337 ], [ -73.969765320711559, 40.748640053164159 ] ], [ [ -73.969765320711559, 40.748640053164159 ], [ -73.969690902224102, 40.74873336219067 ] ] ] } },
{ "type": "Feature", "properties": { "corridor_id": 466, "rank": 45, "name": "ROOSEVELT AVENUE (Queens)", "street": "ROOSEVELT AVENUE", "borough": "Queens", "n_blocks": 33, "n_routes": 4, "routes": [ "Q32", "Q33", "Q53+", "Q70+" ], "peak_period": "am", "hourly_pax": [ 2179, 2008, 1172, 1061, 1409, 1978, 7245, 7101, 7002, 6980, 7188, 4101, 3591, 3821, 4325, 3936, 6407, 5896, 5055, 4173, 3058, 3112, 4675, 2782 ], "miles": 1.14, "pax_delay_min": 105849, "veh_delay_min": 14946, "riders_20d": 42139, "bus_trips_20d": 8411, "rider_block_crossings": 1390587, "bus_block_crossings": 277555, "min_per_bus": 1.88, "sec_per_rider": 113, "riders_per_delayed_bus_min": 7.1, "riders_per_bus": 5.0, "pax_delay_per_mile": 93142, "veh_delay_per_mile": 13152, "buses_per_day": 421, "riders_per_day": 2107, "share_of_city_delay_pct": 0.53, "cum_share_pct": 50.06, "pax_am": 28328, "veh_am": 3410, "riders_am": 200324, "share_am_pct": 28.3, "pax_md": 23026, "veh_md": 4003, "riders_md": 289579, "share_md_pct": 23.0, "pax_pm": 21294, "veh_pm": 3486, "riders_pm": 318439, "share_pm_pct": 21.2, "pax_ev": 17801, "veh_ev": 3817, "riders_ev": 159219, "share_ev_pct": 17.8, "pax_night": 9806, "veh_night": 1918, "riders_night": 63090, "share_night_pct": 9.8 }, "geometry": { "type": "MultiLineString", "coordinates": [ [ [ -73.898109852221992, 40.746144299795958 ], [ -73.897224178967178, 40.746237768747527 ] ], [ [ -73.896324821699992, 40.746334676959457 ], [ -73.895420576775052, 40.746428322554273 ] ], [ [ -73.899029841028153, 40.746048314678816 ], [ -73.898460311986554, 40.746107733285051 ] ], [ [ -73.889571283735336, 40.747039053336515 ], [ -73.888677662159864, 40.747134276962782 ] ], [ [ -73.888677662159864, 40.747134276962782 ], [ -73.88778326882327, 40.747228925839522 ] ], [ [ -73.887646637277584, 40.747244839280263 ], [ -73.886716562479151, 40.747341462455914 ] ], [ [ -73.901096164581801, 40.745830113581661 ], [ -73.900054536788758, 40.745940454240703 ] ], [ [ -73.90211693394393, 40.745730857904306 ], [ -73.901096164581801, 40.745830113581661 ] ], [ [ -73.90338892042449, 40.745595235308841 ], [ -73.902704423043588, 40.745683872311083 ] ], [ [ -73.892320905122716, 40.74675274697433 ], [ -73.891750488473775, 40.746811726726357 ] ], [ [ -73.902704423043588, 40.745683872311083 ], [ -73.90211693394393, 40.745730857904306 ] ], [ [ -73.885787405298686, 40.747439753605128 ], [ -73.884855385383972, 40.747534810962641 ] ], [ [ -73.886716562479151, 40.747341462455914 ], [ -73.885787405298686, 40.747439753605128 ] ], [ [ -73.891431286363797, 40.74684473603682 ], [ -73.890501292113925, 40.746941938795182 ] ], [ [ -73.900054536788758, 40.745940454240703 ], [ -73.899029841028153, 40.746048314678816 ] ], [ [ -73.904448689624743, 40.745475415099015 ], [ -73.90338892042449, 40.745595235308841 ] ], [ [ -73.890501292113925, 40.746941938795182 ], [ -73.889571283735336, 40.747039053336515 ] ], [ [ -73.88778326882327, 40.747228925839522 ], [ -73.887646637277584, 40.747244839280263 ] ], [ [ -73.883935794545209, 40.747630241924988 ], [ -73.882999182824136, 40.74773440181842 ] ], [ [ -73.894825646746696, 40.746492519358249 ], [ -73.894739812724481, 40.746503284086899 ] ], [ [ -73.891750488473775, 40.746811726726357 ], [ -73.891431286363797, 40.74684473603682 ] ], [ [ -73.897224178967178, 40.746237768747527 ], [ -73.896324821699992, 40.746334676959457 ] ], [ [ -73.898460311986554, 40.746107733285051 ], [ -73.898109852221992, 40.746144299795958 ] ], [ [ -73.893588189470407, 40.746620460422662 ], [ -73.892320905122716, 40.74675274697433 ] ], [ [ -73.884855385383972, 40.747534810962641 ], [ -73.883935794545209, 40.747630241924988 ] ], [ [ -73.89502451953129, 40.746470275071104 ], [ -73.894925674054434, 40.74648224263111 ] ], [ [ -73.894925674054434, 40.74648224263111 ], [ -73.894825646746696, 40.746492519358249 ] ], [ [ -73.895420576775052, 40.746428322554273 ], [ -73.895200365598228, 40.746451649031208 ] ], [ [ -73.895200365598228, 40.746451649031208 ], [ -73.89502451953129, 40.746470275071104 ] ], [ [ -73.894739812724481, 40.746503284086899 ], [ -73.894668053245823, 40.746511120348472 ] ], [ [ -73.894668053245823, 40.746511120348472 ], [ -73.894446888177427, 40.746535270408309 ] ], [ [ -73.894446888177427, 40.746535270408309 ], [ -73.894165074564228, 40.746563229214935 ] ], [ [ -73.894165074564228, 40.746563229214935 ], [ -73.893588189470407, 40.746620460422662 ] ] ] } },
{ "type": "Feature", "properties": { "corridor_id": 189, "rank": 46, "name": "AVENUE Z (Brooklyn)", "street": "AVENUE Z", "borough": "Brooklyn", "n_blocks": 34, "n_routes": 3, "routes": [ "B36", "B4", "B49" ], "peak_period": "md", "hourly_pax": [ 868, 620, 157, 156, 219, 773, 3742, 6225, 7554, 6492, 8320, 7217, 8159, 8297, 7851, 7697, 9420, 10577, 7447, 3106, 2148, 1548, 1074, 1113 ], "miles": 1.41, "pax_delay_min": 104511, "veh_delay_min": 10682, "riders_20d": 53696, "bus_trips_20d": 5021, "rider_block_crossings": 1825666, "bus_block_crossings": 170710, "min_per_bus": 1.66, "sec_per_rider": 100, "riders_per_delayed_bus_min": 9.8, "riders_per_bus": 10.7, "pax_delay_per_mile": 74105, "veh_delay_per_mile": 7574, "buses_per_day": 251, "riders_per_day": 2685, "share_of_city_delay_pct": 0.523, "cum_share_pct": 50.59, "pax_am": 24012, "veh_am": 2154, "riders_am": 417472, "share_am_pct": 21.7, "pax_md": 39844, "veh_md": 3054, "riders_md": 435318, "share_md_pct": 36.0, "pax_pm": 35141, "veh_pm": 2863, "riders_pm": 432988, "share_pm_pct": 31.7, "pax_ev": 8989, "veh_ev": 1607, "riders_ev": 143719, "share_ev_pct": 8.1, "pax_night": 2794, "veh_night": 533, "riders_night": 66587, "share_night_pct": 2.5 }, "geometry": { "type": "MultiLineString", "coordinates": [ [ [ -73.963860272335154, 40.586919506851359 ], [ -73.962968992504031, 40.587017929405128 ] ], [ [ -73.959780302696075, 40.587369475508531 ], [ -73.959347367826453, 40.587417537228916 ] ], [ [ -73.96034953567252, 40.58730628546212 ], [ -73.959780302696075, 40.587369475508531 ] ], [ [ -73.966150228250839, 40.5866688233207 ], [ -73.965856289168286, 40.58670623445196 ] ], [ [ -73.94645886557862, 40.588829615353355 ], [ -73.945827820091822, 40.588901298139419 ] ], [ [ -73.94360983113009, 40.589147046849206 ], [ -73.942688355482431, 40.589240229270466 ] ], [ [ -73.951008403126565, 40.588331800480269 ], [ -73.950538774724492, 40.588383523782838 ] ], [ [ -73.955264849413226, 40.587861545432737 ], [ -73.95434109039094, 40.587967173662442 ] ], [ [ -73.950538774724492, 40.588383523782838 ], [ -73.95010000336336, 40.588431466902612 ] ], [ [ -73.948313662504063, 40.588628126157616 ], [ -73.947380635318936, 40.588730839119229 ] ], [ [ -73.947380635318936, 40.588730839119229 ], [ -73.94645886557862, 40.588829615353355 ] ], [ [ -73.955641039721215, 40.587820374887038 ], [ -73.955264849413226, 40.587861545432737 ] ], [ [ -73.945533910210884, 40.588934685844244 ], [ -73.944569225888443, 40.589040621242567 ] ], [ [ -73.957125663889371, 40.587660960460539 ], [ -73.95619424560455, 40.587761826972205 ] ], [ [ -73.959347367826453, 40.587417537228916 ], [ -73.958195431676941, 40.587544331703718 ] ], [ [ -73.951493375212593, 40.588278389292363 ], [ -73.951008403126565, 40.588331800480269 ] ], [ [ -73.965856289168286, 40.58670623445196 ], [ -73.963860272335154, 40.586919506851359 ] ], [ [ -73.95619424560455, 40.587761826972205 ], [ -73.955641039721215, 40.587820374887038 ] ], [ [ -73.958195431676941, 40.587544331703718 ], [ -73.957125663889371, 40.587660960460539 ] ], [ [ -73.939874989467768, 40.58955678227435 ], [ -73.939796037935508, 40.589565592918305 ] ], [ [ -73.945827820091822, 40.588901298139419 ], [ -73.945533910210884, 40.588934685844244 ] ], [ [ -73.954083505536886, 40.587993104906289 ], [ -73.953416742217783, 40.588067750929433 ] ], [ [ -73.962044845221811, 40.587121503202496 ], [ -73.96034953567252, 40.58730628546212 ] ], [ [ -73.944569225888443, 40.589040621242567 ], [ -73.94360983113009, 40.589147046849206 ] ], [ [ -73.941754190085916, 40.589348882939646 ], [ -73.940834610202856, 40.589449676788149 ] ], [ [ -73.962968992504031, 40.587017929405128 ], [ -73.962044845221811, 40.587121503202496 ] ], [ [ -73.949345518063211, 40.588513894716016 ], [ -73.948313662504063, 40.588628126157616 ] ], [ [ -73.95010000336336, 40.588431466902612 ], [ -73.949345518063211, 40.588513894716016 ] ], [ [ -73.952453276289305, 40.588173492254299 ], [ -73.951493375212593, 40.588278389292363 ] ], [ [ -73.953416742217783, 40.588067750929433 ], [ -73.952453276289305, 40.588173492254299 ] ], [ [ -73.95434109039094, 40.587967173662442 ], [ -73.954083505536886, 40.587993104906289 ] ], [ [ -73.942688355482431, 40.589240229270466 ], [ -73.941754190085916, 40.589348882939646 ] ], [ [ -73.940834610202856, 40.589449676788149 ], [ -73.939874989467768, 40.58955678227435 ] ], [ [ -73.96633095870223, 40.586645458875836 ], [ -73.966150228250839, 40.5866688233207 ] ] ] } },
{ "type": "Feature", "properties": { "corridor_id": 484, "rank": 47, "name": "WOODHAVEN BOULEVARD (Queens)", "street": "WOODHAVEN BOULEVARD", "borough": "Queens", "n_blocks": 29, "n_routes": 7, "routes": [ "BM5", "Q11", "Q52+", "Q53+", "QM15", "QM16", "QM17" ], "peak_period": "pm", "hourly_pax": [ 1410, 554, 471, 390, 347, 735, 3426, 4563, 4610, 3554, 3689, 4060, 4905, 4689, 4583, 4437, 4679, 6631, 6595, 3608, 3578, 2769, 1787, 1465 ], "miles": 1.06, "pax_delay_min": 104474, "veh_delay_min": 10563, "riders_20d": 43213, "bus_trips_20d": 4230, "rider_block_crossings": 1253179, "bus_block_crossings": 122664, "min_per_bus": 2.24, "sec_per_rider": 135, "riders_per_delayed_bus_min": 9.9, "riders_per_bus": 10.2, "pax_delay_per_mile": 98167, "veh_delay_per_mile": 9925, "buses_per_day": 211, "riders_per_day": 2161, "share_of_city_delay_pct": 0.523, "cum_share_pct": 51.11, "pax_am": 16153, "veh_am": 1740, "riders_am": 158502, "share_am_pct": 20.8, "pax_md": 21926, "veh_md": 2042, "riders_md": 201525, "share_md_pct": 28.3, "pax_pm": 22343, "veh_pm": 1761, "riders_pm": 396525, "share_pm_pct": 28.8, "pax_ev": 13205, "veh_ev": 1679, "riders_ev": 175184, "share_ev_pct": 17.0, "pax_night": 3906, "veh_night": 510, "riders_night": 41575, "share_night_pct": 5.0 }, "geometry": { "type": "MultiLineString", "coordinates": [ [ [ -73.848957049777709, 40.688192988125017 ], [ -73.848905787008732, 40.688131371178876 ] ], [ [ -73.850144727621441, 40.689815854895322 ], [ -73.84972959064946, 40.689169022999671 ] ], [ [ -73.84520200286444, 40.682250668149827 ], [ -73.844893408056066, 40.681609175335801 ] ], [ [ -73.847773497791451, 40.687021173760421 ], [ -73.847306505663198, 40.686461506371089 ] ], [ [ -73.848416965897513, 40.687575650872809 ], [ -73.847773497791451, 40.687021173760421 ] ], [ [ -73.847306505663198, 40.686461506371089 ], [ -73.846983805501083, 40.685902749227012 ] ], [ [ -73.852650346173036, 40.694771432231434 ], [ -73.852468335205813, 40.694102819553329 ] ], [ [ -73.848905787008732, 40.688131371178876 ], [ -73.848845970385497, 40.688059998474927 ] ], [ [ -73.844893408056066, 40.681609175335801 ], [ -73.844731830569287, 40.680717582221178 ] ], [ [ -73.850541149523877, 40.690506599813531 ], [ -73.850144727621441, 40.689815854895322 ] ], [ [ -73.851241531674034, 40.691800093592313 ], [ -73.85093946579893, 40.691230145243722 ] ], [ [ -73.852468335205813, 40.694102819553329 ], [ -73.852261542677184, 40.693625479878293 ] ], [ [ -73.852261542677184, 40.693625479878293 ], [ -73.851567747680491, 40.692407956706852 ] ], [ [ -73.84972959064946, 40.689169022999671 ], [ -73.849294010338753, 40.688583686618543 ] ], [ [ -73.849294010338753, 40.688583686618543 ], [ -73.849208016505955, 40.688485606927721 ] ], [ [ -73.849208016505955, 40.688485606927721 ], [ -73.848957049777709, 40.688192988125017 ] ], [ [ -73.848845970385497, 40.688059998474927 ], [ -73.848625679514868, 40.68779233189295 ] ], [ [ -73.848625679514868, 40.68779233189295 ], [ -73.848416965897513, 40.687575650872809 ] ], [ [ -73.851567747680491, 40.692407956706852 ], [ -73.851419550515857, 40.692131810923492 ] ], [ [ -73.851419550515857, 40.692131810923492 ], [ -73.851241531674034, 40.691800093592313 ] ], [ [ -73.850715288530949, 40.69081871118275 ], [ -73.850541149523877, 40.690506599813531 ] ], [ [ -73.85093946579893, 40.691230145243722 ], [ -73.850795701513263, 40.690966294349273 ] ], [ [ -73.850795701513263, 40.690966294349273 ], [ -73.850715288530949, 40.69081871118275 ] ], [ [ -73.846164481447886, 40.68422092681611 ], [ -73.846027546558602, 40.683950070582512 ] ], [ [ -73.846027546558602, 40.683950070582512 ], [ -73.845914307054201, 40.68372608002629 ] ], [ [ -73.845914307054201, 40.68372608002629 ], [ -73.84520200286444, 40.682250668149827 ] ], [ [ -73.846632721594176, 40.685202091766513 ], [ -73.846164481447886, 40.68422092681611 ] ], [ [ -73.846983805501083, 40.685902749227012 ], [ -73.846733121137817, 40.685410726934997 ] ], [ [ -73.846733121137817, 40.685410726934997 ], [ -73.846632721594176, 40.685202091766513 ] ] ] } },
{ "type": "Feature", "properties": { "corridor_id": 489, "rank": 48, "name": "QUEENS BOULEVARD (Queens)", "street": "QUEENS BOULEVARD", "borough": "Queens", "n_blocks": 54, "n_routes": 22, "routes": [ "Q11", "Q29", "Q52+", "Q53+", "Q59", "Q60", "Q98", "QM1", "QM11", "QM12", "QM18", "QM21", "QM31", "QM35", "QM36", "QM42", "QM44", "QM5", "QM6", "QM65", "QM7", "QM8" ], "peak_period": "md", "hourly_pax": [ 553, 624, 497, 580, 298, 710, 2492, 2964, 3245, 3925, 11929, 8052, 9490, 6991, 7737, 6660, 7127, 6556, 6194, 2992, 3288, 2541, 2074, 1327 ], "miles": 1.39, "pax_delay_min": 103267, "veh_delay_min": 11062, "riders_20d": 48867, "bus_trips_20d": 4249, "rider_block_crossings": 2638840, "bus_block_crossings": 229461, "min_per_bus": 2.04, "sec_per_rider": 122, "riders_per_delayed_bus_min": 9.3, "riders_per_bus": 11.5, "pax_delay_per_mile": 74469, "veh_delay_per_mile": 7977, "buses_per_day": 212, "riders_per_day": 2443, "share_of_city_delay_pct": 0.517, "cum_share_pct": 51.63, "pax_am": 12625, "veh_am": 1718, "riders_am": 655465, "share_am_pct": 12.8, "pax_md": 44200, "veh_md": 3092, "riders_md": 576651, "share_md_pct": 44.7, "pax_pm": 26537, "veh_pm": 2311, "riders_pm": 484947, "share_pm_pct": 26.8, "pax_ev": 12222, "veh_ev": 2635, "riders_ev": 199223, "share_ev_pct": 12.4, "pax_night": 3262, "veh_night": 606, "riders_night": 114000, "share_night_pct": 3.3 }, "geometry": { "type": "MultiLineString", "coordinates": [ [ [ -73.880315529808456, 40.737520850052178 ], [ -73.879710988838937, 40.737410943794778 ] ], [ [ -73.866970572272891, 40.732202489829064 ], [ -73.866736634969371, 40.732070456687055 ] ], [ [ -73.867423033222209, 40.73245584774768 ], [ -73.866970572272891, 40.732202489829064 ] ], [ [ -73.858787087042998, 40.729025923380952 ], [ -73.858296132631935, 40.728853691806577 ] ], [ [ -73.86279891264445, 40.730487005045525 ], [ -73.862597938226273, 40.7304159583203 ] ], [ [ -73.867964190699084, 40.732755825407942 ], [ -73.867865455088364, 40.732699250295646 ] ], [ [ -73.868501011871089, 40.733018001891956 ], [ -73.868219631418626, 40.732881478226695 ] ], [ [ -73.874423876713692, 40.734904587346378 ], [ -73.874217455085798, 40.734833348352701 ] ], [ [ -73.861256288966274, 40.729939078669979 ], [ -73.860526779436654, 40.729678778938499 ] ], [ [ -73.861656037919175, 40.730077419269193 ], [ -73.861256288966274, 40.729939078669979 ] ], [ [ -73.86607351118441, 40.73169441800939 ], [ -73.865746011469597, 40.731538986909641 ] ], [ [ -73.86810582294568, 40.732826254608 ], [ -73.867964190699084, 40.732755825407942 ] ], [ [ -73.866736634969371, 40.732070456687055 ], [ -73.866502699314566, 40.731938423068193 ] ], [ [ -73.859382184547513, 40.729239369951507 ], [ -73.858787087042998, 40.729025923380952 ] ], [ [ -73.879381955452686, 40.737343493670281 ], [ -73.878383460773463, 40.73716728587992 ] ], [ [ -73.878383460773463, 40.73716728587992 ], [ -73.877550288372689, 40.736919690371778 ] ], [ [ -73.876601915921142, 40.736294633431555 ], [ -73.875862681588174, 40.735747483738614 ] ], [ [ -73.872658994980853, 40.734380300400268 ], [ -73.872082962123571, 40.734229033569953 ] ], [ [ -73.870132049514439, 40.733647543731671 ], [ -73.869924259372397, 40.733578186340317 ] ], [ [ -73.880515062610954, 40.737560031672743 ], [ -73.880315529808456, 40.737520850052178 ] ], [ [ -73.88133832568974, 40.737725090611967 ], [ -73.880515062610954, 40.737560031672743 ] ], [ [ -73.863927889739699, 40.730891719341876 ], [ -73.86279891264445, 40.730487005045525 ] ], [ [ -73.86780898276939, 40.732671954192845 ], [ -73.867651251462462, 40.732583631163699 ] ], [ [ -73.868557402718423, 40.733044820521563 ], [ -73.868501011871089, 40.733018001891956 ] ], [ [ -73.879710988838937, 40.737410943794778 ], [ -73.879381955452686, 40.737343493670281 ] ], [ [ -73.865746011469597, 40.731538986909641 ], [ -73.864918124020008, 40.731247325758275 ] ], [ [ -73.874827950748696, 40.735121636032844 ], [ -73.874423876713692, 40.734904587346378 ] ], [ [ -73.873836187051239, 40.734709219060811 ], [ -73.873063259803914, 40.734486457189938 ] ], [ [ -73.86882139274185, 40.733170364280525 ], [ -73.868557402718423, 40.733044820521563 ] ], [ [ -73.874217455085798, 40.734833348352701 ], [ -73.873836187051239, 40.734709219060811 ] ], [ [ -73.862188090730044, 40.730276142117518 ], [ -73.861656037919175, 40.730077419269193 ] ], [ [ -73.866502699314566, 40.731938423068193 ], [ -73.86607351118441, 40.73169441800939 ] ], [ [ -73.864918124020008, 40.731247325758275 ], [ -73.864479076211992, 40.731089301376386 ] ], [ [ -73.868219631418626, 40.732881478226695 ], [ -73.86810582294568, 40.732826254608 ] ], [ [ -73.875172954368921, 40.735306947534681 ], [ -73.874827950748696, 40.735121636032844 ] ], [ [ -73.870262548097415, 40.733689332088026 ], [ -73.870132049514439, 40.733647543731671 ] ], [ [ -73.871753049488746, 40.734133005812573 ], [ -73.870378490038235, 40.733723842382453 ] ], [ [ -73.869253211144908, 40.733350668821011 ], [ -73.86882139274185, 40.733170364280525 ] ], [ [ -73.864479076211992, 40.731089301376386 ], [ -73.863927889739699, 40.730891719341876 ] ], [ [ -73.862597938226273, 40.7304159583203 ], [ -73.862188090730044, 40.730276142117518 ] ], [ [ -73.860115046415061, 40.729522023099307 ], [ -73.859382184547513, 40.729239369951507 ] ], [ [ -73.872082962123571, 40.734229033569953 ], [ -73.871753049488746, 40.734133005812573 ] ], [ [ -73.870378490038235, 40.733723842382453 ], [ -73.870262548097415, 40.733689332088026 ] ], [ [ -73.875441035740096, 40.73547801078081 ], [ -73.875172954368921, 40.735306947534681 ] ], [ [ -73.860526779436654, 40.729678778938499 ], [ -73.860115046415061, 40.729522023099307 ] ], [ [ -73.867651251462462, 40.732583631163699 ], [ -73.867423033222209, 40.73245584774768 ] ], [ [ -73.867865455088364, 40.732699250295646 ], [ -73.86780898276939, 40.732671954192845 ] ], [ [ -73.881653000600934, 40.737780020770145 ], [ -73.88133832568974, 40.737725090611967 ] ], [ [ -73.869924259372397, 40.733578186340317 ], [ -73.869253211144908, 40.733350668821011 ] ], [ [ -73.875862681588174, 40.735747483738614 ], [ -73.875441035740096, 40.73547801078081 ] ], [ [ -73.873063259803914, 40.734486457189938 ], [ -73.872658994980853, 40.734380300400268 ] ], [ [ -73.876712257502859, 40.736373192892174 ], [ -73.876601915921142, 40.736294633431555 ] ], [ [ -73.877550288372689, 40.736919690371778 ], [ -73.876932691054989, 40.736525995372126 ] ], [ [ -73.876932691054989, 40.736525995372126 ], [ -73.876712257502859, 40.736373192892174 ] ] ] } },
{ "type": "Feature", "properties": { "corridor_id": 338, "rank": 49, "name": "EAST 14 STREET (Manhattan)", "street": "EAST 14 STREET", "borough": "Manhattan", "n_blocks": 25, "n_routes": 2, "routes": [ "M14A+", "M14D+" ], "peak_period": "pm", "hourly_pax": [ 1484, 893, 325, 216, 633, 1004, 2758, 5658, 5171, 4844, 4328, 5267, 5761, 6055, 6441, 7060, 7599, 8338, 7685, 5734, 2859, 2262, 2630, 2327 ], "miles": 1.07, "pax_delay_min": 103142, "veh_delay_min": 14221, "riders_20d": 78174, "bus_trips_20d": 9391, "rider_block_crossings": 1954342, "bus_block_crossings": 234786, "min_per_bus": 1.26, "sec_per_rider": 76, "riders_per_delayed_bus_min": 7.3, "riders_per_bus": 8.3, "pax_delay_per_mile": 96256, "veh_delay_per_mile": 13271, "buses_per_day": 470, "riders_per_day": 3909, "share_of_city_delay_pct": 0.517, "cum_share_pct": 52.14, "pax_am": 18431, "veh_am": 2579, "riders_am": 369532, "share_am_pct": 18.9, "pax_md": 27852, "veh_md": 3035, "riders_md": 440480, "share_md_pct": 28.6, "pax_pm": 30683, "veh_pm": 2871, "riders_pm": 433268, "share_pm_pct": 31.5, "pax_ev": 15813, "veh_ev": 3289, "riders_ev": 176802, "share_ev_pct": 16.2, "pax_night": 4555, "veh_night": 1029, "riders_night": 72420, "share_night_pct": 4.7 }, "geometry": { "type": "MultiLineString", "coordinates": [ [ [ -73.991198993929842, 40.735012368111555 ], [ -73.990753968026311, 40.734839154105806 ] ], [ [ -73.991714987609456, 40.735215300771735 ], [ -73.991198993929842, 40.735012368111555 ] ], [ [ -73.977684195503983, 40.72923102976042 ], [ -73.976936050425223, 40.72892155630192 ] ], [ [ -73.987180496755713, 40.733292147256272 ], [ -73.984945505960354, 40.732349672260064 ] ], [ [ -73.993616884117202, 40.736004491563207 ], [ -73.991714987609456, 40.735215300771735 ] ], [ [ -73.982556292856671, 40.731350134010029 ], [ -73.982487252200031, 40.731273895643788 ] ], [ [ -73.979074693348721, 40.729827228100653 ], [ -73.978055429476015, 40.729383086199441 ] ], [ [ -73.990753968026311, 40.734839154105806 ], [ -73.98990296023986, 40.734434789734593 ] ], [ [ -73.978055429476015, 40.729383086199441 ], [ -73.977684195503983, 40.72923102976042 ] ], [ [ -73.976936050425223, 40.72892155630192 ], [ -73.976188599535476, 40.728619381358726 ] ], [ [ -73.981757689870932, 40.730969918769063 ], [ -73.980373803659432, 40.730393290127999 ] ], [ [ -73.976188599535476, 40.728619381358726 ], [ -73.975791000757638, 40.728460295276257 ] ], [ [ -73.982487252200031, 40.731273895643788 ], [ -73.981941365442196, 40.731046448439464 ] ], [ [ -73.981941365442196, 40.731046448439464 ], [ -73.981757689870932, 40.730969918769063 ] ], [ [ -73.982964406634565, 40.731520842568159 ], [ -73.982556292856671, 40.731350134010029 ] ], [ [ -73.983214672047652, 40.731624168292775 ], [ -73.982964406634565, 40.731520842568159 ] ], [ [ -73.984945505960354, 40.732349672260064 ], [ -73.983560521091619, 40.731770224326851 ] ], [ [ -73.983560521091619, 40.731770224326851 ], [ -73.983466441953468, 40.731731080533599 ] ], [ [ -73.983466441953468, 40.731731080533599 ], [ -73.983214672047652, 40.731624168292775 ] ], [ [ -73.980373803659432, 40.730393290127999 ], [ -73.980027256184414, 40.730242291222694 ] ], [ [ -73.980027256184414, 40.730242291222694 ], [ -73.979074693348721, 40.729827228100653 ] ], [ [ -73.98990296023986, 40.734434789734593 ], [ -73.988839351465757, 40.733990478939944 ] ], [ [ -73.988839351465757, 40.733990478939944 ], [ -73.988779316959224, 40.733965399228858 ] ], [ [ -73.988779316959224, 40.733965399228858 ], [ -73.987571952559335, 40.733456990155993 ] ], [ [ -73.987571952559335, 40.733456990155993 ], [ -73.987180496755713, 40.733292147256272 ] ] ] } },
{ "type": "Feature", "properties": { "corridor_id": 201, "rank": 50, "name": "SURF AVENUE (Brooklyn)", "street": "SURF AVENUE", "borough": "Brooklyn", "n_blocks": 47, "n_routes": 3, "routes": [ "B36", "X28", "X38" ], "peak_period": "md", "hourly_pax": [ 929, 571, 293, 237, 495, 1130, 3683, 5696, 6651, 4752, 5208, 5572, 5686, 7253, 9056, 8418, 5805, 3662, 4228, 3511, 2849, 1710, 1492, 1021 ], "miles": 1.4, "pax_delay_min": 102198, "veh_delay_min": 10737, "riders_20d": 44506, "bus_trips_20d": 4314, "rider_block_crossings": 2091805, "bus_block_crossings": 202767, "min_per_bus": 2.75, "sec_per_rider": 165, "riders_per_delayed_bus_min": 9.5, "riders_per_bus": 10.3, "pax_delay_per_mile": 72891, "veh_delay_per_mile": 7658, "buses_per_day": 216, "riders_per_day": 2225, "share_of_city_delay_pct": 0.512, "cum_share_pct": 52.65, "pax_am": 20781, "veh_am": 2019, "riders_am": 489471, "share_am_pct": 23.1, "pax_md": 32775, "veh_md": 2400, "riders_md": 493251, "share_md_pct": 36.5, "pax_pm": 22113, "veh_pm": 2102, "riders_pm": 433145, "share_pm_pct": 24.6, "pax_ev": 10583, "veh_ev": 1923, "riders_ev": 176226, "share_ev_pct": 11.8, "pax_night": 3656, "veh_night": 606, "riders_night": 92803, "share_night_pct": 4.1 }, "geometry": { "type": "MultiLineString", "coordinates": [ [ [ -73.987634743529469, 40.574594281835161 ], [ -73.988686389624306, 40.574294677369267 ] ], [ [ -73.985722422936064, 40.575116805541512 ], [ -73.986607748602751, 40.574893095627132 ] ], [ [ -73.996449462226124, 40.572770971913236 ], [ -73.996784035718875, 40.572759488721353 ] ], [ [ -73.985573089756016, 40.575149961958225 ], [ -73.985722422936064, 40.575116805541512 ] ], [ [ -73.990948315389232, 40.573646505145973 ], [ -73.991743403941129, 40.573430010959498 ] ], [ [ -73.978779639300896, 40.575496042768201 ], [ -73.979638503693039, 40.575536730173845 ] ], [ [ -74.001421898356298, 40.57310184212939 ], [ -74.002548291089184, 40.573327043748115 ] ], [ [ -73.99277259012959, 40.573198231359122 ], [ -73.993827509173599, 40.57301290193098 ] ], [ [ -73.977867989156437, 40.575430464821814 ], [ -73.978779639300896, 40.575496042768201 ] ], [ [ -73.982917116134274, 40.575469094539613 ], [ -73.983423134052671, 40.575414786419486 ] ], [ [ -73.9817329303051, 40.575549914804121 ], [ -73.982396066091695, 40.575513475113205 ] ], [ [ -73.976684228086626, 40.575312167867473 ], [ -73.977867989156437, 40.575430464821814 ] ], [ [ -73.980643596051749, 40.575552701363527 ], [ -73.981218125756541, 40.575568931784844 ] ], [ [ -73.997501517331173, 40.572751508206274 ], [ -73.998087583914668, 40.572752727995294 ] ], [ [ -74.000309979506284, 40.572932920697284 ], [ -74.001421898356298, 40.57310184212939 ] ], [ [ -73.998087583914668, 40.572752727995294 ], [ -73.999152610860691, 40.572812311006295 ] ], [ [ -73.982396066091695, 40.575513475113205 ], [ -73.982917116134274, 40.575469094539613 ] ], [ [ -73.987029863583174, 40.574770279494871 ], [ -73.987634743529469, 40.574594281835161 ] ], [ [ -73.994904443680042, 40.572873040261186 ], [ -73.995685234805819, 40.572809995535778 ] ], [ [ -73.983423134052671, 40.575414786419486 ], [ -73.984519030643966, 40.575303751161748 ] ], [ [ -73.993827509173599, 40.57301290193098 ], [ -73.994904443680042, 40.572873040261186 ] ], [ [ -73.979638503693039, 40.575536730173845 ], [ -73.980643596051749, 40.575552701363527 ] ], [ [ -73.999477062789566, 40.572846123443306 ], [ -74.000309979506284, 40.572932920697284 ] ], [ [ -73.984519030643966, 40.575303751161748 ], [ -73.985573089756016, 40.575149961958225 ] ], [ [ -73.991743403941129, 40.573430010959498 ], [ -73.99277259012959, 40.573198231359122 ] ], [ [ -73.989924991175357, 40.573936371199537 ], [ -73.990717121845378, 40.573709455526817 ] ], [ [ -73.981218125756541, 40.575568931784844 ], [ -73.9817329303051, 40.575549914804121 ] ], [ [ -73.997044333778561, 40.5727505539638 ], [ -73.997146011872942, 40.572750766512421 ] ], [ [ -73.997146011872942, 40.572750766512421 ], [ -73.997409793876955, 40.572751316508771 ] ], [ [ -73.997409793876955, 40.572751316508771 ], [ -73.997501517331173, 40.572751508206274 ] ], [ [ -73.999152610860691, 40.572812311006295 ], [ -73.999390566960173, 40.572837109353507 ] ], [ [ -73.999390566960173, 40.572837109353507 ], [ -73.999477062789566, 40.572846123443306 ] ], [ [ -73.989686978920673, 40.574004551053349 ], [ -73.989821217501856, 40.573966097613862 ] ], [ [ -73.989821217501856, 40.573966097613862 ], [ -73.989924991175357, 40.573936371199537 ] ], [ [ -73.990717121845378, 40.573709455526817 ], [ -73.990864196823168, 40.573669409643216 ] ], [ [ -73.990864196823168, 40.573669409643216 ], [ -73.990948315389232, 40.573646505145973 ] ], [ [ -73.986607748602751, 40.574893095627132 ], [ -73.986939637245783, 40.574796531557858 ] ], [ [ -73.986939637245783, 40.574796531557858 ], [ -73.987029863583174, 40.574770279494871 ] ], [ [ -73.995791404382103, 40.572801422509272 ], [ -73.995960845567112, 40.572787739702868 ] ], [ [ -73.995685234805819, 40.572809995535778 ], [ -73.995791404382103, 40.572801422509272 ] ], [ [ -73.995960845567112, 40.572787739702868 ], [ -73.996360297514357, 40.572774031775673 ] ], [ [ -73.996360297514357, 40.572774031775673 ], [ -73.996449462226124, 40.572770971913236 ] ], [ [ -73.99686813037242, 40.572756602138057 ], [ -73.997044333778561, 40.5727505539638 ] ], [ [ -73.996784035718875, 40.572759488721353 ], [ -73.99686813037242, 40.572756602138057 ] ], [ [ -73.976525494567994, 40.575296554387585 ], [ -73.976591817824371, 40.5753030780469 ] ], [ [ -73.976591817824371, 40.5753030780469 ], [ -73.976684228086626, 40.575312167867473 ] ], [ [ -73.988686389624306, 40.574294677369267 ], [ -73.989686978920673, 40.574004551053349 ] ] ] } },
{ "type": "Feature", "properties": { "corridor_id": 449, "rank": 51, "name": "MOTT AVENUE (Queens)", "street": "MOTT AVENUE", "borough": "Queens", "n_blocks": 25, "n_routes": 4, "routes": [ "Q113", "Q114", "Q22", "QM17" ], "peak_period": "md", "hourly_pax": [ 681, 709, 974, 552, 635, 987, 4284, 3214, 3348, 4131, 4842, 4518, 5277, 5709, 4999, 4894, 5956, 5124, 5575, 2838, 1884, 2083, 1510, 826 ], "miles": 0.93, "pax_delay_min": 99647, "veh_delay_min": 8992, "riders_20d": 21133, "bus_trips_20d": 2041, "rider_block_crossings": 528314, "bus_block_crossings": 51013, "min_per_bus": 2.66, "sec_per_rider": 160, "riders_per_delayed_bus_min": 11.1, "riders_per_bus": 10.4, "pax_delay_per_mile": 107104, "veh_delay_per_mile": 9665, "buses_per_day": 102, "riders_per_day": 1057, "share_of_city_delay_pct": 0.499, "cum_share_pct": 53.15, "pax_am": 14977, "veh_am": 1212, "riders_am": 83359, "share_am_pct": 19.8, "pax_md": 25346, "veh_md": 1783, "riders_md": 109633, "share_md_pct": 33.5, "pax_pm": 21550, "veh_pm": 1804, "riders_pm": 96758, "share_pm_pct": 28.5, "pax_ev": 9140, "veh_ev": 1191, "riders_ev": 59024, "share_ev_pct": 12.1, "pax_night": 4537, "veh_night": 447, "riders_night": 37239, "share_night_pct": 6.0 }, "geometry": { "type": "MultiLineString", "coordinates": [ [ [ -73.763289451168973, 40.607719968120982 ], [ -73.763989870232678, 40.608144907245716 ] ], [ [ -73.754419061386287, 40.604977800006949 ], [ -73.755273846488194, 40.605334438978922 ] ], [ [ -73.751746382958601, 40.603602773049275 ], [ -73.752104673816817, 40.603800217363649 ] ], [ [ -73.750354769620941, 40.602892819154121 ], [ -73.751050802309635, 40.603273306209857 ] ], [ [ -73.7566509149285, 40.605619029488601 ], [ -73.757594291152643, 40.605800110680839 ] ], [ [ -73.761932627460553, 40.60691892850992 ], [ -73.762433713675819, 40.607208010173991 ] ], [ [ -73.751050802309635, 40.603273306209857 ], [ -73.751746382958601, 40.603602773049275 ] ], [ [ -73.755273846488194, 40.605334438978922 ], [ -73.7566509149285, 40.605619029488601 ] ], [ [ -73.760800052390422, 40.606423812980125 ], [ -73.760970224839497, 40.606458908847273 ] ], [ [ -73.761345125729704, 40.606540924567192 ], [ -73.761932627460553, 40.60691892850992 ] ], [ [ -73.749833839666692, 40.602560166866269 ], [ -73.749881916516841, 40.602629170853156 ] ], [ [ -73.749881916516841, 40.602629170853156 ], [ -73.750354769620941, 40.602892819154121 ] ], [ [ -73.763989870232678, 40.608144907245716 ], [ -73.765145742233599, 40.608832925258504 ] ], [ [ -73.752104673816817, 40.603800217363649 ], [ -73.752849728648016, 40.604259896286301 ] ], [ [ -73.759102548699389, 40.606089549769806 ], [ -73.759775952717504, 40.60622764069376 ] ], [ [ -73.757594291152643, 40.605800110680839 ], [ -73.757783813052455, 40.605832433441343 ] ], [ [ -73.762433713675819, 40.607208010173991 ], [ -73.763289451168973, 40.607719968120982 ] ], [ [ -73.758772571805892, 40.606028549341559 ], [ -73.759102548699389, 40.606089549769806 ] ], [ [ -73.759775952717504, 40.60622764069376 ], [ -73.760800052390422, 40.606423812980125 ] ], [ [ -73.757783813052455, 40.605832433441343 ], [ -73.758772571805892, 40.606028549341559 ] ], [ [ -73.760970224839497, 40.606458908847273 ], [ -73.761345125729704, 40.606540924567192 ] ], [ [ -73.752849728648016, 40.604259896286301 ], [ -73.753537877325172, 40.604568966465052 ] ], [ [ -73.753998885307212, 40.604783852013966 ], [ -73.754419061386287, 40.604977800006949 ] ], [ [ -73.753537877325172, 40.604568966465052 ], [ -73.753775033744887, 40.604679510808644 ] ], [ [ -73.753775033744887, 40.604679510808644 ], [ -73.753998885307212, 40.604783852013966 ] ] ] } },
{ "type": "Feature", "properties": { "corridor_id": 54, "rank": 52, "name": "WEST 231 STREET (Bronx)", "street": "WEST 231 STREET", "borough": "Bronx", "n_blocks": 12, "n_routes": 5, "routes": [ "BX1", "BX10", "BX2", "BX20", "BX7" ], "peak_period": "md", "hourly_pax": [ 497, 311, 149, 123, 123, 413, 1147, 1477, 3251, 3607, 6688, 4754, 6042, 6568, 8086, 6605, 5569, 8338, 7233, 2816, 2104, 1691, 925, 735 ], "miles": 0.43, "pax_delay_min": 96696, "veh_delay_min": 15327, "riders_20d": 48363, "bus_trips_20d": 8788, "rider_block_crossings": 580356, "bus_block_crossings": 105454, "min_per_bus": 1.58, "sec_per_rider": 95, "riders_per_delayed_bus_min": 6.3, "riders_per_bus": 5.5, "pax_delay_per_mile": 225756, "veh_delay_per_mile": 35785, "buses_per_day": 439, "riders_per_day": 2418, "share_of_city_delay_pct": 0.484, "cum_share_pct": 53.64, "pax_am": 9482, "veh_am": 1606, "riders_am": 115781, "share_am_pct": 12.0, "pax_md": 32138, "veh_md": 4317, "riders_md": 131628, "share_md_pct": 40.6, "pax_pm": 27745, "veh_pm": 3742, "riders_pm": 130320, "share_pm_pct": 35.0, "pax_ev": 8271, "veh_ev": 1951, "riders_ev": 65581, "share_ev_pct": 10.4, "pax_night": 1617, "veh_night": 363, "riders_night": 24858, "share_night_pct": 2.0 }, "geometry": { "type": "MultiLineString", "coordinates": [ [ [ -73.902405345482265, 40.878021718810928 ], [ -73.903624957673031, 40.878474707232321 ] ], [ [ -73.908399903855099, 40.880819115678172 ], [ -73.909306794685264, 40.881321603027054 ] ], [ [ -73.904787406686538, 40.878923637650928 ], [ -73.905793225867029, 40.879418521540742 ] ], [ [ -73.907638514051953, 40.880397035806268 ], [ -73.908399903855099, 40.880819115678172 ] ], [ [ -73.905793225867029, 40.879418521540742 ], [ -73.906575271124268, 40.879807297225653 ] ], [ [ -73.906575271124268, 40.879807297225653 ], [ -73.907638514051953, 40.880397035806268 ] ], [ [ -73.903694547737302, 40.878501618292397 ], [ -73.903765704211679, 40.878528637933961 ] ], [ [ -73.903624957673031, 40.878474707232321 ], [ -73.903694547737302, 40.878501618292397 ] ], [ [ -73.90393819125498, 40.878596111396789 ], [ -73.904127180709665, 40.878669002334505 ] ], [ [ -73.904127180709665, 40.878669002334505 ], [ -73.904787406686538, 40.878923637650928 ] ], [ [ -73.903765704211679, 40.878528637933961 ], [ -73.903838617822217, 40.878557160342041 ] ], [ [ -73.903838617822217, 40.878557160342041 ], [ -73.90393819125498, 40.878596111396789 ] ] ] } },
{ "type": "Feature", "properties": { "corridor_id": 236, "rank": 53, "name": "LINDEN BOULEVARD (Brooklyn)", "street": "LINDEN BOULEVARD", "borough": "Brooklyn", "n_blocks": 51, "n_routes": 6, "routes": [ "B13", "B14", "B15", "B20", "BM5", "Q08" ], "peak_period": "pm", "hourly_pax": [ 1667, 1051, 462, 822, 1031, 1469, 1599, 2148, 2493, 1906, 2021, 3668, 3838, 4279, 4279, 5296, 6891, 6957, 6959, 2733, 3018, 3053, 3129, 2130 ], "miles": 1.09, "pax_delay_min": 95678, "veh_delay_min": 10083, "riders_20d": 38204, "bus_trips_20d": 3873, "rider_block_crossings": 1948409, "bus_block_crossings": 197523, "min_per_bus": 2.62, "sec_per_rider": 157, "riders_per_delayed_bus_min": 9.5, "riders_per_bus": 9.9, "pax_delay_per_mile": 87492, "veh_delay_per_mile": 9220, "buses_per_day": 194, "riders_per_day": 1910, "share_of_city_delay_pct": 0.479, "cum_share_pct": 54.12, "pax_am": 8147, "veh_am": 973, "riders_am": 302308, "share_am_pct": 11.2, "pax_md": 18084, "veh_md": 1721, "riders_md": 383583, "share_md_pct": 24.8, "pax_pm": 26102, "veh_pm": 2165, "riders_pm": 419348, "share_pm_pct": 35.8, "pax_ev": 14063, "veh_ev": 2107, "riders_ev": 220179, "share_ev_pct": 19.3, "pax_night": 6503, "veh_night": 747, "riders_night": 129678, "share_night_pct": 8.9 }, "geometry": { "type": "MultiLineString", "coordinates": [ [ [ -73.866527710875204, 40.669086021818146 ], [ -73.866002290812844, 40.669157416495423 ] ], [ [ -73.864369218741317, 40.669393553166145 ], [ -73.864195673311229, 40.669419140035352 ] ], [ [ -73.858830251719553, 40.670200615469248 ], [ -73.858230773591956, 40.670282302950632 ] ], [ [ -73.869286698875072, 40.668671403967508 ], [ -73.86886588818534, 40.668747369938046 ] ], [ [ -73.862864609699585, 40.669606831781991 ], [ -73.862155769304579, 40.669710796270856 ] ], [ [ -73.861906253671336, 40.669748483145533 ], [ -73.861004932770172, 40.669889091500593 ] ], [ [ -73.857980378751165, 40.670319113428377 ], [ -73.857719810966472, 40.670356829184094 ] ], [ [ -73.859602836694776, 40.670091752126368 ], [ -73.85915402062173, 40.670152447810835 ] ], [ [ -73.85915402062173, 40.670152447810835 ], [ -73.858830251719553, 40.670200615469248 ] ], [ [ -73.857719810966472, 40.670356829184094 ], [ -73.857309478161127, 40.670416232396605 ] ], [ [ -73.86973902388948, 40.668414751427598 ], [ -73.869286698875072, 40.668671403967508 ] ], [ [ -73.867450767342291, 40.668957892236698 ], [ -73.867051343953861, 40.669011033053486 ] ], [ [ -73.866905011207663, 40.669030501107379 ], [ -73.866527710875204, 40.669086021818146 ] ], [ [ -73.864058120279893, 40.669439419602448 ], [ -73.863238319298731, 40.669554413826681 ] ], [ [ -73.862155769304579, 40.669710796270856 ], [ -73.861906253671336, 40.669748483145533 ] ], [ [ -73.860085295768073, 40.670027331420727 ], [ -73.859602836694776, 40.670091752126368 ] ], [ [ -73.868354449775026, 40.66882294249676 ], [ -73.867792949786846, 40.668906793904817 ] ], [ [ -73.871879260959105, 40.666885318223692 ], [ -73.870916380205415, 40.66756087194603 ] ], [ [ -73.861004932770172, 40.669889091500593 ], [ -73.860085295768073, 40.670027331420727 ] ], [ [ -73.870811292126504, 40.667636162981189 ], [ -73.870673021056263, 40.667735227041923 ] ], [ [ -73.86886588818534, 40.668747369938046 ], [ -73.868354449775026, 40.66882294249676 ] ], [ [ -73.858230773591956, 40.670282302950632 ], [ -73.857980378751165, 40.670319113428377 ] ], [ [ -73.866002290812844, 40.669157416495423 ], [ -73.865599025154339, 40.669212210583666 ] ], [ [ -73.865599025154339, 40.669212210583666 ], [ -73.865201827077343, 40.669270782245327 ] ], [ [ -73.865201827077343, 40.669270782245327 ], [ -73.865051801941789, 40.669292904955036 ] ], [ [ -73.865051801941789, 40.669292904955036 ], [ -73.864547102634475, 40.669367325571116 ] ], [ [ -73.864195673311229, 40.669419140035352 ], [ -73.864058120279893, 40.669439419602448 ] ], [ [ -73.863238319298731, 40.669554413826681 ], [ -73.862864609699585, 40.669606831781991 ] ], [ [ -73.867051343953861, 40.669011033053486 ], [ -73.866905011207663, 40.669030501107379 ] ], [ [ -73.870302800902834, 40.667997940266979 ], [ -73.870112445281592, 40.668136847437651 ] ], [ [ -73.870432021496754, 40.667903762050379 ], [ -73.870302800902834, 40.667997940266979 ] ], [ [ -73.870475799585506, 40.667869504338711 ], [ -73.870432021496754, 40.667903762050379 ] ], [ [ -73.870622454543636, 40.667771455083518 ], [ -73.870475799585506, 40.667869504338711 ] ], [ [ -73.870673021056263, 40.667735227041923 ], [ -73.870622454543636, 40.667771455083518 ] ], [ [ -73.87088335209566, 40.667584534962494 ], [ -73.870811292126504, 40.667636162981189 ] ], [ [ -73.870916380205415, 40.66756087194603 ], [ -73.87088335209566, 40.667584534962494 ] ], [ [ -73.864547102634475, 40.669367325571116 ], [ -73.864527971276857, 40.669370146636432 ] ], [ [ -73.864527971276857, 40.669370146636432 ], [ -73.864369218741317, 40.669393553166145 ] ], [ [ -73.867792949786846, 40.668906793904817 ], [ -73.867647862541176, 40.668928460158789 ] ], [ [ -73.867647862541176, 40.668928460158789 ], [ -73.867450767342291, 40.668957892236698 ] ], [ [ -73.870057614538126, 40.66831255904917 ], [ -73.86985919695681, 40.668364063438325 ] ], [ [ -73.86985919695681, 40.668364063438325 ], [ -73.86973902388948, 40.668414751427598 ] ], [ [ -73.870112445281592, 40.668136847437651 ], [ -73.870030027862754, 40.668199497287098 ] ], [ [ -73.870030027862754, 40.668199497287098 ], [ -73.869849008489751, 40.668337099268442 ] ], [ [ -73.869849008489751, 40.668337099268442 ], [ -73.86973902388948, 40.668414751427598 ] ], [ [ -73.856333479078984, 40.670556056613449 ], [ -73.856066037296571, 40.670544240912584 ] ], [ [ -73.857309478161127, 40.670416232396605 ], [ -73.856333479078984, 40.670556056613449 ] ], [ [ -73.855408102104064, 40.670654259719441 ], [ -73.854389018952347, 40.670978889877254 ] ], [ [ -73.856066037296571, 40.670544240912584 ], [ -73.855408102104064, 40.670654259719441 ] ], [ [ -73.854389018952347, 40.670978889877254 ], [ -73.853163244606407, 40.671541658160706 ] ], [ [ -73.853163244606407, 40.671541658160706 ], [ -73.852898737574591, 40.671629805382707 ] ] ] } },
{ "type": "Feature", "properties": { "corridor_id": 451, "rank": 54, "name": "BEACH CHANNEL DRIVE (Queens)", "street": "BEACH CHANNEL DRIVE", "borough": "Queens", "n_blocks": 6, "n_routes": 2, "routes": [ "Q114", "Q22" ], "peak_period": "pm", "hourly_pax": [ 1106, 1058, 898, 605, 775, 1338, 2608, 4071, 3722, 3715, 2488, 3158, 3239, 4026, 2885, 3855, 4945, 6015, 8220, 3593, 2081, 2769, 2210, 1481 ], "miles": 0.37, "pax_delay_min": 93640, "veh_delay_min": 5765, "riders_20d": 59716, "bus_trips_20d": 4522, "rider_block_crossings": 358294, "bus_block_crossings": 27133, "min_per_bus": 1.26, "sec_per_rider": 75, "riders_per_delayed_bus_min": 16.2, "riders_per_bus": 13.2, "pax_delay_per_mile": 251386, "veh_delay_per_mile": 15476, "buses_per_day": 226, "riders_per_day": 2986, "share_of_city_delay_pct": 0.469, "cum_share_pct": 54.59, "pax_am": 14116, "veh_am": 695, "riders_am": 54642, "share_am_pct": 19.9, "pax_md": 15795, "veh_md": 946, "riders_md": 60680, "share_md_pct": 22.3, "pax_pm": 23035, "veh_pm": 1229, "riders_pm": 65208, "share_pm_pct": 32.5, "pax_ev": 12133, "veh_ev": 792, "riders_ev": 41637, "share_ev_pct": 17.1, "pax_night": 5780, "veh_night": 393, "riders_night": 31261, "share_night_pct": 8.2 }, "geometry": { "type": "MultiLineString", "coordinates": [ [ [ -73.753715746405092, 40.609536275096843 ], [ -73.753458361837033, 40.610519861838135 ] ], [ [ -73.754709797150085, 40.606380844731916 ], [ -73.75443550218651, 40.607201772443275 ] ], [ [ -73.754132260722287, 40.608107169323894 ], [ -73.753715746405092, 40.609536275096843 ] ], [ [ -73.755273846488194, 40.605334438978922 ], [ -73.75495671881923, 40.605663274586718 ] ], [ [ -73.75443550218651, 40.607201772443275 ], [ -73.754132260722287, 40.608107169323894 ] ], [ [ -73.75495671881923, 40.605663274586718 ], [ -73.754709797150085, 40.606380844731916 ] ] ] } },
{ "type": "Feature", "properties": { "corridor_id": 447, "rank": 55, "name": "ROCKAWAY BEACH BOULEVARD (Queens)", "street": "ROCKAWAY BEACH BOULEVARD", "borough": "Queens", "n_blocks": 29, "n_routes": 5, "routes": [ "Q11", "Q22", "Q35", "Q53+", "QM16" ], "peak_period": "md", "hourly_pax": [ 698, 635, 547, 481, 433, 535, 1750, 3118, 3381, 2392, 6354, 4505, 4966, 5177, 5520, 4036, 4098, 4001, 4991, 2587, 2437, 1787, 822, 994 ], "miles": 1.14, "pax_delay_min": 93208, "veh_delay_min": 20261, "riders_20d": 42672, "bus_trips_20d": 5425, "rider_block_crossings": 1237483, "bus_block_crossings": 157314, "min_per_bus": 3.01, "sec_per_rider": 181, "riders_per_delayed_bus_min": 4.6, "riders_per_bus": 7.9, "pax_delay_per_mile": 81838, "veh_delay_per_mile": 17790, "buses_per_day": 271, "riders_per_day": 2134, "share_of_city_delay_pct": 0.467, "cum_share_pct": 55.05, "pax_am": 10642, "veh_am": 3053, "riders_am": 175571, "share_am_pct": 16.1, "pax_md": 26522, "veh_md": 3292, "riders_md": 319733, "share_md_pct": 40.0, "pax_pm": 17126, "veh_pm": 3298, "riders_pm": 235182, "share_pm_pct": 25.9, "pax_ev": 8627, "veh_ev": 3225, "riders_ev": 89829, "share_ev_pct": 13.0, "pax_night": 3328, "veh_night": 892, "riders_night": 59664, "share_night_pct": 5.0 }, "geometry": { "type": "MultiLineString", "coordinates": [ [ [ -73.835424484965415, 40.580315792127649 ], [ -73.83626145216445, 40.580082364886216 ] ], [ [ -73.843873217560272, 40.577580513317194 ], [ -73.844693413792328, 40.577299481304117 ] ], [ [ -73.830203736676665, 40.581773719368542 ], [ -73.830766819728112, 40.581603639233897 ] ], [ [ -73.840574762911174, 40.578676542615135 ], [ -73.841383987748728, 40.578421751120594 ] ], [ [ -73.833726838665982, 40.58079278740589 ], [ -73.834577794474541, 40.580557618698002 ] ], [ [ -73.832882604724176, 40.581020422351038 ], [ -73.833726838665982, 40.58079278740589 ] ], [ [ -73.83626145216445, 40.580082364886216 ], [ -73.837135083347107, 40.579831144203872 ] ], [ [ -73.841383987748728, 40.578421751120594 ], [ -73.84222411442768, 40.578131831542798 ] ], [ [ -73.834577794474541, 40.580557618698002 ], [ -73.835424484965415, 40.580315792127649 ] ], [ [ -73.84222411442768, 40.578131831542798 ], [ -73.843049271949468, 40.577856049679959 ] ], [ [ -73.839753407798014, 40.578959056282869 ], [ -73.840574762911174, 40.578676542615135 ] ], [ [ -73.838104801255895, 40.579511288581671 ], [ -73.838929544785302, 40.579235176142596 ] ], [ [ -73.837135083347107, 40.579831144203872 ], [ -73.837200336773392, 40.579812379860435 ] ], [ [ -73.830766819728112, 40.581603639233897 ], [ -73.832025105282938, 40.581236621537798 ] ], [ [ -73.844693413792328, 40.577299481304117 ], [ -73.845512508912421, 40.576980565805954 ] ], [ [ -73.843049271949468, 40.577856049679959 ], [ -73.843873217560272, 40.577580513317194 ] ], [ [ -73.837284356896916, 40.579784411547458 ], [ -73.838104801255895, 40.579511288581671 ] ], [ [ -73.837200336773392, 40.579812379860435 ], [ -73.837284356896916, 40.579784411547458 ] ], [ [ -73.838929544785302, 40.579235176142596 ], [ -73.839753407798014, 40.578959056282869 ] ], [ [ -73.829887956908493, 40.581878001238515 ], [ -73.830203736676665, 40.581773719368542 ] ], [ [ -73.848830968511308, 40.575674629415715 ], [ -73.849617581937693, 40.575337861042584 ] ], [ [ -73.84802064169358, 40.576010575470576 ], [ -73.848830968511308, 40.575674629415715 ] ], [ [ -73.847187944677785, 40.576344718400307 ], [ -73.84802064169358, 40.576010575470576 ] ], [ [ -73.846364865677501, 40.57668490453942 ], [ -73.847187944677785, 40.576344718400307 ] ], [ [ -73.845632282969646, 40.576978261969927 ], [ -73.846364865677501, 40.57668490453942 ] ], [ [ -73.845512508912421, 40.576980565805954 ], [ -73.845632282969646, 40.576978261969927 ] ], [ [ -73.829801933319544, 40.581906407208706 ], [ -73.829887956908493, 40.581878001238515 ] ], [ [ -73.832025105282938, 40.581236621537798 ], [ -73.832276624762585, 40.5811732073538 ] ], [ [ -73.832276624762585, 40.5811732073538 ], [ -73.832882604724176, 40.581020422351038 ] ] ] } },
{ "type": "Feature", "properties": { "corridor_id": 528, "rank": 56, "name": "75 STREET (Queens)", "street": "75 STREET", "borough": "Queens", "n_blocks": 8, "n_routes": 4, "routes": [ "Q33", "Q47", "Q49", "Q70+" ], "peak_period": "pm", "hourly_pax": [ 1769, 693, 48, 95, 217, 1842, 3672, 2284, 3964, 7056, 3784, 3260, 2684, 4150, 3447, 4191, 5033, 5631, 6759, 4907, 2404, 1966, 1322, 2540 ], "miles": 0.49, "pax_delay_min": 92933, "veh_delay_min": 7610, "riders_20d": 34119, "bus_trips_20d": 3919, "rider_block_crossings": 272950, "bus_block_crossings": 31351, "min_per_bus": 1.77, "sec_per_rider": 106, "riders_per_delayed_bus_min": 12.2, "riders_per_bus": 8.7, "pax_delay_per_mile": 188707, "veh_delay_per_mile": 15452, "buses_per_day": 196, "riders_per_day": 1706, "share_of_city_delay_pct": 0.465, "cum_share_pct": 55.52, "pax_am": 16976, "veh_am": 1189, "riders_am": 79727, "share_am_pct": 23.0, "pax_md": 17324, "veh_md": 1420, "riders_md": 47976, "share_md_pct": 23.5, "pax_pm": 21614, "veh_pm": 1561, "riders_pm": 53471, "share_pm_pct": 29.3, "pax_ev": 13139, "veh_ev": 1362, "riders_ev": 33729, "share_ev_pct": 17.8, "pax_night": 4663, "veh_night": 500, "riders_night": 10776, "share_night_pct": 6.3 }, "geometry": { "type": "MultiLineString", "coordinates": [ [ [ -73.890151446304188, 40.745308139834975 ], [ -73.889744168148894, 40.743268290536712 ] ], [ [ -73.890365598075277, 40.746230805220094 ], [ -73.890395939856489, 40.746147330249663 ] ], [ [ -73.890501292113925, 40.746941938795182 ], [ -73.890365598075277, 40.746230805220094 ] ], [ [ -73.890395939856489, 40.746147330249663 ], [ -73.890221648551019, 40.745300273337904 ] ], [ [ -73.890221648551019, 40.745300273337904 ], [ -73.889838318209925, 40.74325444936256 ] ], [ [ -73.890298595038004, 40.74610052794263 ], [ -73.890151446304188, 40.745308139834975 ] ], [ [ -73.890575691041022, 40.747342599606966 ], [ -73.890501292113925, 40.746941938795182 ] ], [ [ -73.890365598075277, 40.746230805220094 ], [ -73.890298595038004, 40.74610052794263 ] ] ] } },
{ "type": "Feature", "properties": { "corridor_id": 504, "rank": 57, "name": "HOFFMAN DRIVE (Queens)", "street": "HOFFMAN DRIVE", "borough": "Queens", "n_blocks": 5, "n_routes": 13, "routes": [ "Q11", "Q14", "Q29", "Q52+", "Q53+", "Q59", "Q98", "QM10", "QM11", "QM40", "QM63", "QM64", "QM68" ], "peak_period": "md", "hourly_pax": [ 638, 560, 430, 518, 231, 705, 5766, 4158, 3850, 3483, 13085, 8443, 2748, 2307, 3606, 3833, 4014, 6730, 3892, 1972, 3073, 2388, 2110, 905 ], "miles": 0.22, "pax_delay_min": 92353, "veh_delay_min": 27304, "riders_20d": 56766, "bus_trips_20d": 7378, "rider_block_crossings": 283828, "bus_block_crossings": 36888, "min_per_bus": 3.23, "sec_per_rider": 194, "riders_per_delayed_bus_min": 3.4, "riders_per_bus": 7.7, "pax_delay_per_mile": 427550, "veh_delay_per_mile": 126404, "buses_per_day": 369, "riders_per_day": 2838, "share_of_city_delay_pct": 0.463, "cum_share_pct": 55.98, "pax_am": 17257, "veh_am": 4358, "riders_am": 68329, "share_am_pct": 21.7, "pax_md": 30189, "veh_md": 4327, "riders_md": 52255, "share_md_pct": 38.0, "pax_pm": 18470, "veh_pm": 4197, "riders_pm": 60388, "share_pm_pct": 23.2, "pax_ev": 10447, "veh_ev": 5760, "riders_ev": 29283, "share_ev_pct": 13.2, "pax_night": 3081, "veh_night": 1288, "riders_night": 11115, "share_night_pct": 3.9 }, "geometry": { "type": "MultiLineString", "coordinates": [ [ [ -73.874131601701933, 40.734376876180185 ], [ -73.873995821546842, 40.734186405160528 ] ], [ [ -73.873050965397837, 40.733402438127975 ], [ -73.872798169376594, 40.733318123484082 ] ], [ [ -73.873995821546842, 40.734186405160528 ], [ -73.87345579111836, 40.733596907284799 ] ], [ [ -73.87345579111836, 40.733596907284799 ], [ -73.873050965397837, 40.733402438127975 ] ], [ [ -73.872798169376594, 40.733318123484082 ], [ -73.870679032549063, 40.733147070929007 ] ] ] } },
{ "type": "Feature", "properties": { "corridor_id": 441, "rank": 58, "name": "LEFFERTS BOULEVARD (Queens)", "street": "LEFFERTS BOULEVARD", "borough": "Queens", "n_blocks": 18, "n_routes": 3, "routes": [ "Q10", "Q80", "QM18" ], "peak_period": "am", "hourly_pax": [ 1482, 1668, 1503, 1620, 1102, 1453, 5208, 7415, 7583, 6558, 5083, 4655, 5125, 4483, 3990, 4285, 6121, 6186, 3590, 2606, 3023, 1594, 729, 1134 ], "miles": 0.84, "pax_delay_min": 91623, "veh_delay_min": 8246, "riders_20d": 73585, "bus_trips_20d": 7542, "rider_block_crossings": 1324531, "bus_block_crossings": 135761, "min_per_bus": 1.76, "sec_per_rider": 106, "riders_per_delayed_bus_min": 11.1, "riders_per_bus": 9.8, "pax_delay_per_mile": 109290, "veh_delay_per_mile": 9835, "buses_per_day": 377, "riders_per_day": 3679, "share_of_city_delay_pct": 0.459, "cum_share_pct": 56.44, "pax_am": 26764, "veh_am": 1515, "riders_am": 272108, "share_am_pct": 30.3, "pax_md": 23336, "veh_md": 1816, "riders_md": 254273, "share_md_pct": 26.5, "pax_pm": 20181, "veh_pm": 1996, "riders_pm": 258613, "share_pm_pct": 22.9, "pax_ev": 9086, "veh_ev": 1268, "riders_ev": 137764, "share_ev_pct": 10.3, "pax_night": 8828, "veh_night": 1286, "riders_night": 95005, "share_night_pct": 10.0 }, "geometry": { "type": "MultiLineString", "coordinates": [ [ [ -73.82896283784919, 40.709812101275006 ], [ -73.829686851707251, 40.709348176966763 ] ], [ [ -73.831764010139793, 40.706141678071056 ], [ -73.831852831310158, 40.705456337363344 ] ], [ [ -73.831521095988933, 40.701389628761625 ], [ -73.831037071589535, 40.700252984674563 ] ], [ [ -73.831656956142183, 40.707031227784171 ], [ -73.831764010139793, 40.706141678071056 ] ], [ [ -73.827721578744502, 40.710603439996575 ], [ -73.82896283784919, 40.709812101275006 ] ], [ [ -73.830765269643791, 40.708290296174823 ], [ -73.831164868717138, 40.707654914012444 ] ], [ [ -73.830661222504148, 40.708604413123886 ], [ -73.830765269643791, 40.708290296174823 ] ], [ [ -73.832053128004262, 40.705265099209569 ], [ -73.832826582773762, 40.704658685175865 ] ], [ [ -73.832824747750976, 40.704371013612104 ], [ -73.832132041516289, 40.702794079711389 ] ], [ [ -73.830626941680649, 40.708738944178315 ], [ -73.830661222504148, 40.708604413123886 ] ], [ [ -73.831164868717138, 40.707654914012444 ], [ -73.831656956142183, 40.707031227784171 ] ], [ [ -73.832826582773762, 40.704658685175865 ], [ -73.832824747750976, 40.704371013612104 ] ], [ [ -73.832132041516289, 40.702794079711389 ], [ -73.831521095988933, 40.701389628761625 ] ], [ [ -73.831852831310158, 40.705456337363344 ], [ -73.832053128004262, 40.705265099209569 ] ], [ [ -73.830193517340163, 40.709023227970434 ], [ -73.830333894215116, 40.708931154747098 ] ], [ [ -73.830333894215116, 40.708931154747098 ], [ -73.830626941680649, 40.708738944178315 ] ], [ [ -73.829686851707251, 40.709348176966763 ], [ -73.830050086284061, 40.709115217463605 ] ], [ [ -73.830050086284061, 40.709115217463605 ], [ -73.830193517340163, 40.709023227970434 ] ] ] } },
{ "type": "Feature", "properties": { "corridor_id": 486, "rank": 59, "name": "WOODHAVEN BOULEVARD (Queens)", "street": "WOODHAVEN BOULEVARD", "borough": "Queens", "n_blocks": 47, "n_routes": 7, "routes": [ "BM5", "Q11", "Q52+", "Q53+", "QM15", "QM16", "QM17" ], "peak_period": "md", "hourly_pax": [ 1125, 637, 322, 252, 996, 1246, 2974, 3224, 5080, 5112, 5307, 6795, 5855, 6655, 7764, 5063, 4676, 5283, 5855, 3202, 2106, 1846, 1185, 1588 ], "miles": 1.6, "pax_delay_min": 91598, "veh_delay_min": 8277, "riders_20d": 64039, "bus_trips_20d": 5090, "rider_block_crossings": 3009815, "bus_block_crossings": 239210, "min_per_bus": 1.56, "sec_per_rider": 94, "riders_per_delayed_bus_min": 11.1, "riders_per_bus": 12.6, "pax_delay_per_mile": 57135, "veh_delay_per_mile": 5163, "buses_per_day": 254, "riders_per_day": 3202, "share_of_city_delay_pct": 0.459, "cum_share_pct": 56.9, "pax_am": 16390, "veh_am": 1477, "riders_am": 1065356, "share_am_pct": 19.5, "pax_md": 32375, "veh_md": 2072, "riders_md": 564797, "share_md_pct": 38.5, "pax_pm": 20877, "veh_pm": 1703, "riders_pm": 452966, "share_pm_pct": 24.8, "pax_ev": 9927, "veh_ev": 1247, "riders_ev": 211557, "share_ev_pct": 11.8, "pax_night": 4578, "veh_night": 624, "riders_night": 119287, "share_night_pct": 5.4 }, "geometry": { "type": "MultiLineString", "coordinates": [ [ [ -73.851136964126056, 40.691829972474459 ], [ -73.850817476865117, 40.691263170934732 ] ], [ [ -73.854496139761721, 40.700640555556625 ], [ -73.854414279078668, 40.700543691212374 ] ], [ [ -73.854877354429433, 40.701039251634825 ], [ -73.854496139761721, 40.700640555556625 ] ], [ [ -73.848285437592494, 40.687618467853277 ], [ -73.847654649959381, 40.687054299624037 ] ], [ [ -73.852513549821609, 40.694788916047663 ], [ -73.852289456143907, 40.694125850405911 ] ], [ [ -73.852718808116464, 40.697305299614328 ], [ -73.852732205793004, 40.697192380947257 ] ], [ [ -73.852747095445693, 40.696964633381498 ], [ -73.8527579819973, 40.696851202613132 ] ], [ [ -73.848772636403325, 40.688169252028302 ], [ -73.848712556709842, 40.688099130526716 ] ], [ [ -73.848824037727226, 40.688226970263251 ], [ -73.848772636403325, 40.688169252028302 ] ], [ [ -73.845058378682083, 40.682284451338354 ], [ -73.844756532235962, 40.681641310497618 ] ], [ [ -73.850021322400281, 40.689853812455794 ], [ -73.849633755460843, 40.689225846668009 ] ], [ [ -73.852636721389928, 40.697667936918016 ], [ -73.852658721526055, 40.697572279067643 ] ], [ [ -73.844756532235962, 40.681641310497618 ], [ -73.844557201400747, 40.680687647401442 ] ], [ [ -73.855176669562312, 40.702006914838314 ], [ -73.854877354429433, 40.701039251634825 ] ], [ [ -73.852732205793004, 40.697192380947257 ], [ -73.852747095445693, 40.696964633381498 ] ], [ [ -73.847190958405022, 40.686500048284543 ], [ -73.846856785342453, 40.685940816623635 ] ], [ [ -73.852065175440103, 40.693698448281438 ], [ -73.851447348456091, 40.692438463764809 ] ], [ [ -73.852658721526055, 40.697572279067643 ], [ -73.852718808116464, 40.697305299614328 ] ], [ [ -73.852777062660763, 40.696146598050326 ], [ -73.852650379099316, 40.695468618921211 ] ], [ [ -73.852289456143907, 40.694125850405911 ], [ -73.852065175440103, 40.693698448281438 ] ], [ [ -73.8504256951489, 40.690549028937767 ], [ -73.850021322400281, 40.689853812455794 ] ], [ [ -73.849633755460843, 40.689225846668009 ], [ -73.849202504278708, 40.688667205787532 ] ], [ [ -73.847654649959381, 40.687054299624037 ], [ -73.847190958405022, 40.686500048284543 ] ], [ [ -73.852725200347123, 40.698428150826835 ], [ -73.852636721389928, 40.697667936918016 ] ], [ [ -73.853301830912216, 40.699288057561148 ], [ -73.852725200347123, 40.698428150826835 ] ], [ [ -73.853783385441403, 40.699885010406369 ], [ -73.853301830912216, 40.699288057561148 ] ], [ [ -73.85431367962498, 40.700441422792913 ], [ -73.853783385441403, 40.699885010406369 ] ], [ [ -73.854414279078668, 40.700543691212374 ], [ -73.85431367962498, 40.700441422792913 ] ], [ [ -73.849202504278708, 40.688667205787532 ], [ -73.849077405057187, 40.688521690883896 ] ], [ [ -73.849077405057187, 40.688521690883896 ], [ -73.848824037727226, 40.688226970263251 ] ], [ [ -73.848712556709842, 40.688099130526716 ], [ -73.848487357259899, 40.687839737664049 ] ], [ [ -73.848487357259899, 40.687839737664049 ], [ -73.848285437592494, 40.687618467853277 ] ], [ [ -73.8527579819973, 40.696851202613132 ], [ -73.852776860934767, 40.69659136058344 ] ], [ [ -73.852776860934767, 40.69659136058344 ], [ -73.852777062660763, 40.696146598050326 ] ], [ [ -73.852650379099316, 40.695468618921211 ], [ -73.852593177038628, 40.695184465613615 ] ], [ [ -73.852593177038628, 40.695184465613615 ], [ -73.852513549821609, 40.694788916047663 ] ], [ [ -73.851447348456091, 40.692438463764809 ], [ -73.851304323272885, 40.69215724338558 ] ], [ [ -73.851304323272885, 40.69215724338558 ], [ -73.851136964126056, 40.691829972474459 ] ], [ [ -73.850817476865117, 40.691263170934732 ], [ -73.850671093979557, 40.69099126716759 ] ], [ [ -73.850671093979557, 40.69099126716759 ], [ -73.85059391282536, 40.690847904082247 ] ], [ [ -73.85059391282536, 40.690847904082247 ], [ -73.8504256951489, 40.690549028937767 ] ], [ [ -73.846050373732936, 40.684252193388147 ], [ -73.845914074475445, 40.683981836596239 ] ], [ [ -73.845914074475445, 40.683981836596239 ], [ -73.845798863807246, 40.683753306995541 ] ], [ [ -73.845798863807246, 40.683753306995541 ], [ -73.845058378682083, 40.682284451338354 ] ], [ [ -73.846515368265628, 40.685225901582342 ], [ -73.846050373732936, 40.684252193388147 ] ], [ [ -73.846856785342453, 40.685940816623635 ], [ -73.846615488227314, 40.685435552047416 ] ], [ [ -73.846615488227314, 40.685435552047416 ], [ -73.846515368265628, 40.685225901582342 ] ] ] } },
{ "type": "Feature", "properties": { "corridor_id": 361, "rank": 60, "name": "EAST 42 STREET (Manhattan)", "street": "EAST 42 STREET", "borough": "Manhattan", "n_blocks": 21, "n_routes": 6, "routes": [ "M42", "SIM22", "SIM25", "SIM26", "SIM30", "SIM8" ], "peak_period": "am", "hourly_pax": [ 347, 247, 174, 74, 93, 586, 3123, 7057, 11527, 11272, 3551, 3075, 2707, 2876, 2962, 5546, 5346, 7591, 6237, 1311, 1412, 827, 547, 551 ], "miles": 0.74, "pax_delay_min": 89377, "veh_delay_min": 15286, "riders_20d": 25960, "bus_trips_20d": 4583, "rider_block_crossings": 545168, "bus_block_crossings": 96250, "min_per_bus": 3.77, "sec_per_rider": 226, "riders_per_delayed_bus_min": 5.8, "riders_per_bus": 5.7, "pax_delay_per_mile": 120317, "veh_delay_per_mile": 20577, "buses_per_day": 229, "riders_per_day": 1298, "share_of_city_delay_pct": 0.448, "cum_share_pct": 57.35, "pax_am": 32979, "veh_am": 3693, "riders_am": 175709, "share_am_pct": 41.7, "pax_md": 15171, "veh_md": 3363, "riders_md": 91202, "share_md_pct": 19.2, "pax_pm": 24720, "veh_pm": 3180, "riders_pm": 141476, "share_pm_pct": 31.3, "pax_ev": 4647, "veh_ev": 1709, "riders_ev": 38289, "share_ev_pct": 5.9, "pax_night": 1521, "veh_night": 593, "riders_night": 17956, "share_night_pct": 1.9 }, "geometry": { "type": "MultiLineString", "coordinates": [ [ [ -73.978348770506969, 40.752410129503744 ], [ -73.977791521449717, 40.752167595556699 ] ], [ [ -73.969845015303378, 40.748800652271839 ], [ -73.969790050341146, 40.748774964589629 ] ], [ [ -73.969690902224102, 40.74873336219067 ], [ -73.968541355308901, 40.748215820912876 ] ], [ [ -73.974444516239345, 40.750764692544948 ], [ -73.973485995711101, 40.75036171106818 ] ], [ [ -73.976048249319163, 40.751441393471261 ], [ -73.974444516239345, 40.750764692544948 ] ], [ [ -73.977791521449717, 40.752167595556699 ], [ -73.977676605396056, 40.752118937249044 ] ], [ [ -73.977676605396056, 40.752118937249044 ], [ -73.977542850658466, 40.752063556288732 ] ], [ [ -73.969899755565834, 40.748826907482837 ], [ -73.969845015303378, 40.748800652271839 ] ], [ [ -73.973485995711101, 40.75036171106818 ], [ -73.972203721543764, 40.749823005057578 ] ], [ [ -73.970411715832824, 40.749072445890668 ], [ -73.969986920933792, 40.748868713533767 ] ], [ [ -73.969790050341146, 40.748774964589629 ], [ -73.969690902224102, 40.74873336219067 ] ], [ [ -73.969986920933792, 40.748868713533767 ], [ -73.969899755565834, 40.748826907482837 ] ], [ [ -73.977542850658466, 40.752063556288732 ], [ -73.977107811345263, 40.751883406182678 ] ], [ [ -73.980887099036423, 40.753480988694065 ], [ -73.979286862329815, 40.752800496870513 ] ], [ [ -73.977107811345263, 40.751883406182678 ], [ -73.97685152382023, 40.75177649372143 ] ], [ [ -73.97685152382023, 40.75177649372143 ], [ -73.976515872006857, 40.751636472215168 ] ], [ [ -73.976515872006857, 40.751636472215168 ], [ -73.976048249319163, 40.751441393471261 ] ], [ [ -73.979286862329815, 40.752800496870513 ], [ -73.978771563663145, 40.752586067699561 ] ], [ [ -73.978771563663145, 40.752586067699561 ], [ -73.978348770506969, 40.752410129503744 ] ], [ [ -73.972203721543764, 40.749823005057578 ], [ -73.971088428518101, 40.74935588399282 ] ], [ [ -73.971088428518101, 40.74935588399282 ], [ -73.970411715832824, 40.749072445890668 ] ] ] } },
{ "type": "Feature", "properties": { "corridor_id": 368, "rank": 61, "name": "WEST 34 STREET (Manhattan)", "street": "WEST 34 STREET", "borough": "Manhattan", "n_blocks": 19, "n_routes": 15, "routes": [ "M34+", "M34A+", "QM1", "QM12", "QM15", "QM16", "QM17", "QM2", "QM20", "QM24", "QM4", "QM5", "QM6", "SIM23", "SIM24" ], "peak_period": "am", "hourly_pax": [ 274, 15, 0, 0, 0, 740, 970, 2936, 9106, 8624, 2619, 3350, 3714, 4381, 2924, 4156, 5174, 6531, 5068, 3219, 6113, 3809, 5200, 2726 ], "miles": 1.06, "pax_delay_min": 88736, "veh_delay_min": 18934, "riders_20d": 24753, "bus_trips_20d": 4385, "rider_block_crossings": 470304, "bus_block_crossings": 83315, "min_per_bus": 2.89, "sec_per_rider": 174, "riders_per_delayed_bus_min": 4.7, "riders_per_bus": 5.6, "pax_delay_per_mile": 83748, "veh_delay_per_mile": 17870, "buses_per_day": 219, "riders_per_day": 1238, "share_of_city_delay_pct": 0.444, "cum_share_pct": 57.79, "pax_am": 21637, "veh_am": 2386, "riders_am": 147571, "share_am_pct": 26.5, "pax_md": 16988, "veh_md": 4059, "riders_md": 84521, "share_md_pct": 20.8, "pax_pm": 20928, "veh_pm": 4095, "riders_pm": 108718, "share_pm_pct": 25.6, "pax_ev": 21066, "veh_ev": 4321, "riders_ev": 48475, "share_ev_pct": 25.8, "pax_night": 1029, "veh_night": 186, "riders_night": 13220, "share_night_pct": 1.3 }, "geometry": { "type": "MultiLineString", "coordinates": [ [ [ -73.996303012405846, 40.753388538189121 ], [ -73.997601998245429, 40.75392897468771 ] ], [ [ -73.98776905963436, 40.749787028949378 ], [ -73.987936875218097, 40.749854966531586 ] ], [ [ -73.998151327957927, 40.754166211581506 ], [ -73.998221967256669, 40.754192141212584 ] ], [ [ -73.998357530193317, 40.754243895139275 ], [ -73.999142920902202, 40.75458493369247 ] ], [ [ -73.993464177375728, 40.752190055132367 ], [ -73.996303012405846, 40.753388538189121 ] ], [ [ -73.997601998245429, 40.75392897468771 ], [ -73.998151327957927, 40.754166211581506 ] ], [ [ -73.998294754904023, 40.754218610449122 ], [ -73.998357530193317, 40.754243895139275 ] ], [ [ -73.992192647646505, 40.751653937021878 ], [ -73.993464177375728, 40.752190055132367 ] ], [ [ -73.990622200137821, 40.750991753885657 ], [ -73.991696684988796, 40.751444817376672 ] ], [ [ -73.991696684988796, 40.751444817376672 ], [ -73.992192647646505, 40.751653937021878 ] ], [ [ -73.999142920902202, 40.75458493369247 ], [ -74.000505724170566, 40.755158578876596 ] ], [ [ -74.000505724170566, 40.755158578876596 ], [ -74.001985075435925, 40.75578125015187 ] ], [ [ -73.984560771363547, 40.748438842400091 ], [ -73.986078924438772, 40.74907681851446 ] ], [ [ -73.986078924438772, 40.74907681851446 ], [ -73.98776905963436, 40.749787028949378 ] ], [ [ -73.987936875218097, 40.749854966531586 ], [ -73.988895116999217, 40.750260633973767 ] ], [ [ -73.988895116999217, 40.750260633973767 ], [ -73.990622200137821, 40.750991753885657 ] ], [ [ -74.001985075435925, 40.75578125015187 ], [ -74.002146338839992, 40.755852316955391 ] ], [ [ -74.002146338839992, 40.755852316955391 ], [ -74.002219527457115, 40.755884569621628 ] ], [ [ -73.998221967256669, 40.754192141212584 ], [ -73.998294754904023, 40.754218610449122 ] ] ] } },
{ "type": "Feature", "properties": { "corridor_id": 193, "rank": 62, "name": "BEDFORD AVENUE (Brooklyn)", "street": "BEDFORD AVENUE", "borough": "Brooklyn", "n_blocks": 21, "n_routes": 4, "routes": [ "B26", "B44", "B44+", "B49" ], "peak_period": "md", "hourly_pax": [ 348, 101, 66, 88, 44, 355, 2517, 2935, 7264, 10860, 8524, 6906, 5261, 5251, 4957, 5509, 3710, 3097, 4113, 2799, 1653, 790, 798, 327 ], "miles": 1.41, "pax_delay_min": 88464, "veh_delay_min": 9030, "riders_20d": 49089, "bus_trips_20d": 4574, "rider_block_crossings": 1030875, "bus_block_crossings": 96060, "min_per_bus": 2.02, "sec_per_rider": 121, "riders_per_delayed_bus_min": 9.8, "riders_per_bus": 10.7, "pax_delay_per_mile": 62879, "veh_delay_per_mile": 6418, "buses_per_day": 229, "riders_per_day": 2454, "share_of_city_delay_pct": 0.443, "cum_share_pct": 58.23, "pax_am": 23575, "veh_am": 1883, "riders_am": 238120, "share_am_pct": 30.1, "pax_md": 30899, "veh_md": 2792, "riders_md": 258272, "share_md_pct": 39.5, "pax_pm": 16429, "veh_pm": 1639, "riders_pm": 193320, "share_pm_pct": 21.0, "pax_ev": 6367, "veh_ev": 1116, "riders_ev": 98559, "share_ev_pct": 8.1, "pax_night": 1001, "veh_night": 267, "riders_night": 19298, "share_night_pct": 1.3 }, "geometry": { "type": "MultiLineString", "coordinates": [ [ [ -73.954246476916182, 40.685046247174824 ], [ -73.954100425831967, 40.684313107584664 ] ], [ [ -73.953954530996199, 40.683580778884277 ], [ -73.953808935324048, 40.682848007868628 ] ], [ [ -73.953808935324048, 40.682848007868628 ], [ -73.953662562134895, 40.682114903621844 ] ], [ [ -73.956581172226493, 40.69678454017906 ], [ -73.956142393446328, 40.694579018620381 ] ], [ [ -73.953206394035519, 40.679832401510758 ], [ -73.953005137114644, 40.678815080184428 ] ], [ [ -73.954828526625562, 40.687976947240699 ], [ -73.954684189172667, 40.687244853995743 ] ], [ [ -73.955410580190588, 40.690908291313747 ], [ -73.955265673960398, 40.690175136075815 ] ], [ [ -73.955265673960398, 40.690175136075815 ], [ -73.955121811846354, 40.689443719257241 ] ], [ [ -73.954537986763199, 40.686511174933983 ], [ -73.95439296871389, 40.685779719901817 ] ], [ [ -73.953281874334223, 40.680200030943155 ], [ -73.953206394035519, 40.679832401510758 ] ], [ [ -73.953662562134895, 40.682114903621844 ], [ -73.953516168530442, 40.681382600587078 ] ], [ [ -73.954100425831967, 40.684313107584664 ], [ -73.953954530996199, 40.683580778884277 ] ], [ [ -73.956142393446328, 40.694579018620381 ], [ -73.955826628399123, 40.692992382959488 ] ], [ [ -73.955121811846354, 40.689443719257241 ], [ -73.954975681235197, 40.688711193788109 ] ], [ [ -73.957019932022931, 40.698973913883869 ], [ -73.956581172226493, 40.69678454017906 ] ], [ [ -73.954684189172667, 40.687244853995743 ], [ -73.954537986763199, 40.686511174933983 ] ], [ [ -73.953516168530442, 40.681382600587078 ], [ -73.953370175090726, 40.680640508500922 ] ], [ [ -73.953370175090726, 40.680640508500922 ], [ -73.953281874334223, 40.680200030943155 ] ], [ [ -73.95439296871389, 40.685779719901817 ], [ -73.954246476916182, 40.685046247174824 ] ], [ [ -73.954975681235197, 40.688711193788109 ], [ -73.954828526625562, 40.687976947240699 ] ], [ [ -73.955826628399123, 40.692992382959488 ], [ -73.955410580190588, 40.690908291313747 ] ] ] } },
{ "type": "Feature", "properties": { "corridor_id": 240, "rank": 63, "name": "MYRTLE AVENUE (Queens)", "street": "MYRTLE AVENUE", "borough": "Queens", "n_blocks": 30, "n_routes": 5, "routes": [ "B52", "B54", "Q55", "Q58", "Q98" ], "peak_period": "am", "hourly_pax": [ 612, 751, 160, 131, 84, 2633, 12412, 13172, 10931, 8164, 6998, 4610, 6097, 6249, 5450, 3915, 3156, 3673, 4657, 1821, 3872, 4270, 6049, 1457 ], "miles": 1.44, "pax_delay_min": 88450, "veh_delay_min": 12336, "riders_20d": 33668, "bus_trips_20d": 4010, "rider_block_crossings": 1010028, "bus_block_crossings": 120288, "min_per_bus": 3.19, "sec_per_rider": 191, "riders_per_delayed_bus_min": 7.2, "riders_per_bus": 8.4, "pax_delay_per_mile": 61426, "veh_delay_per_mile": 8567, "buses_per_day": 200, "riders_per_day": 1683, "share_of_city_delay_pct": 0.443, "cum_share_pct": 58.68, "pax_am": 44680, "veh_am": 2820, "riders_am": 230784, "share_am_pct": 40.1, "pax_md": 29405, "veh_md": 2649, "riders_md": 195706, "share_md_pct": 26.4, "pax_pm": 15401, "veh_pm": 2144, "riders_pm": 217706, "share_pm_pct": 13.8, "pax_ev": 17470, "veh_ev": 3317, "riders_ev": 103112, "share_ev_pct": 15.7, "pax_night": 4370, "veh_night": 1033, "riders_night": 58567, "share_night_pct": 3.9 }, "geometry": { "type": "MultiLineString", "coordinates": [ [ [ -73.925162761550098, 40.698102265352588 ], [ -73.924049329853361, 40.69821408245587 ] ], [ [ -73.921756472812774, 40.69845331652337 ], [ -73.921434937316576, 40.698486542487487 ] ], [ [ -73.914912478588676, 40.699165952363899 ], [ -73.914681131842599, 40.699190149427665 ] ], [ [ -73.921434937316576, 40.698486542487487 ], [ -73.920131195040454, 40.698621946493802 ] ], [ [ -73.924049329853361, 40.69821408245587 ], [ -73.922743823028725, 40.698349631817159 ] ], [ [ -73.916223415713489, 40.69902792914452 ], [ -73.914912478588676, 40.699165952363899 ] ], [ [ -73.920131195040454, 40.698621946493802 ], [ -73.918849787498786, 40.698756226128118 ] ], [ [ -73.918366508292692, 40.698807456912661 ], [ -73.91752228636993, 40.698893241121517 ] ], [ [ -73.91360570505033, 40.699300623396056 ], [ -73.912311580750682, 40.699427923096898 ] ], [ [ -73.914681131842599, 40.699190149427665 ], [ -73.91360570505033, 40.699300623396056 ] ], [ [ -73.918849787498786, 40.698756226128118 ], [ -73.918366508292692, 40.698807456912661 ] ], [ [ -73.922743823028725, 40.698349631817159 ], [ -73.921756472812774, 40.69845331652337 ] ], [ [ -73.912311580750682, 40.699427923096898 ], [ -73.911069259441248, 40.69956349741215 ] ], [ [ -73.91752228636993, 40.698893241121517 ], [ -73.916223415713489, 40.69902792914452 ] ], [ [ -73.911069259441248, 40.69956349741215 ], [ -73.909702646547274, 40.699726505720761 ] ], [ [ -73.902490318777495, 40.700484165691861 ], [ -73.901414554841551, 40.700491354041731 ] ], [ [ -73.900200361589569, 40.700500501433659 ], [ -73.899759342362941, 40.700505233063723 ] ], [ [ -73.898349384049965, 40.700517928368306 ], [ -73.897961115731931, 40.700518508972003 ] ], [ [ -73.908682892220682, 40.699840561478723 ], [ -73.908298633736578, 40.699882255860558 ] ], [ [ -73.908298633736578, 40.699882255860558 ], [ -73.90697803579242, 40.700034021787502 ] ], [ [ -73.903674990988563, 40.700409060974849 ], [ -73.902490318777495, 40.700484165691861 ] ], [ [ -73.904879663311704, 40.700270861948802 ], [ -73.903674990988563, 40.700409060974849 ] ], [ [ -73.906210879517516, 40.700121919628025 ], [ -73.905604522228984, 40.700191808016108 ] ], [ [ -73.901326663889719, 40.700492035459142 ], [ -73.900200361589569, 40.700500501433659 ] ], [ [ -73.899759342362941, 40.700505233063723 ], [ -73.89917297534393, 40.700510921600049 ] ], [ [ -73.90697803579242, 40.700034021787502 ], [ -73.906210879517516, 40.700121919628025 ] ], [ [ -73.909702646547274, 40.699726505720761 ], [ -73.908682892220682, 40.699840561478723 ] ], [ [ -73.901414554841551, 40.700491354041731 ], [ -73.901326663889719, 40.700492035459142 ] ], [ [ -73.905604522228984, 40.700191808016108 ], [ -73.904879663311704, 40.700270861948802 ] ], [ [ -73.89917297534393, 40.700510921600049 ], [ -73.898349384049965, 40.700517928368306 ] ] ] } },
{ "type": "Feature", "properties": { "corridor_id": 196, "rank": 64, "name": "GLENWOOD ROAD (Brooklyn)", "street": "GLENWOOD ROAD", "borough": "Brooklyn", "n_blocks": 12, "n_routes": 1, "routes": [ "B6" ], "peak_period": "md", "hourly_pax": [ 955, 574, 205, 239, 550, 975, 3181, 4505, 5437, 6810, 4809, 4564, 5107, 4952, 5473, 4968, 4915, 4727, 6537, 3025, 1825, 1603, 1314, 1233 ], "miles": 0.61, "pax_delay_min": 87459, "veh_delay_min": 7680, "riders_20d": 117729, "bus_trips_20d": 8817, "rider_block_crossings": 1412745, "bus_block_crossings": 105803, "min_per_bus": 0.85, "sec_per_rider": 51, "riders_per_delayed_bus_min": 11.4, "riders_per_bus": 13.4, "pax_delay_per_mile": 144092, "veh_delay_per_mile": 12654, "buses_per_day": 441, "riders_per_day": 5886, "share_of_city_delay_pct": 0.438, "cum_share_pct": 59.11, "pax_am": 19932, "veh_am": 1416, "riders_am": 275257, "share_am_pct": 25.4, "pax_md": 24906, "veh_md": 1784, "riders_md": 311930, "share_md_pct": 31.7, "pax_pm": 21147, "veh_pm": 1806, "riders_pm": 291602, "share_pm_pct": 26.9, "pax_ev": 9000, "veh_ev": 1434, "riders_ev": 159537, "share_ev_pct": 11.5, "pax_night": 3498, "veh_night": 510, "riders_night": 50562, "share_night_pct": 4.5 }, "geometry": { "type": "MultiLineString", "coordinates": [ [ [ -73.943913106248544, 40.634236704653475 ], [ -73.942978444052557, 40.634295265027831 ] ], [ [ -73.945867735920743, 40.63411754820374 ], [ -73.944880428030274, 40.634176954517066 ] ], [ [ -73.940107563269734, 40.634474404324948 ], [ -73.939172457143599, 40.634532789705382 ] ], [ [ -73.938237846422126, 40.634590563894164 ], [ -73.937267001669071, 40.634650625129439 ] ], [ [ -73.948775067990454, 40.633933048675551 ], [ -73.947773304036843, 40.63399815619627 ] ], [ [ -73.939172457143599, 40.634532789705382 ], [ -73.938237846422126, 40.634590563894164 ] ], [ [ -73.941039428471896, 40.634417135590581 ], [ -73.940107563269734, 40.634474404324948 ] ], [ [ -73.947773304036843, 40.63399815619627 ], [ -73.946805159489614, 40.634058839361721 ] ], [ [ -73.942978444052557, 40.634295265027831 ], [ -73.942009499074075, 40.634354898984284 ] ], [ [ -73.942009499074075, 40.634354898984284 ], [ -73.941039428471896, 40.634417135590581 ] ], [ [ -73.946805159489614, 40.634058839361721 ], [ -73.945867735920743, 40.63411754820374 ] ], [ [ -73.944880428030274, 40.634176954517066 ], [ -73.943913106248544, 40.634236704653475 ] ] ] } },
{ "type": "Feature", "properties": { "corridor_id": 30, "rank": 65, "name": "EAST 149 STREET (Bronx)", "street": "EAST 149 STREET", "borough": "Bronx", "n_blocks": 27, "n_routes": 4, "routes": [ "BX17", "BX19", "BX2", "BX4" ], "peak_period": "md", "hourly_pax": [ 2719, 1160, 600, 371, 700, 1880, 3551, 3481, 4095, 4677, 7046, 6371, 8473, 7733, 8792, 7212, 7196, 6384, 4517, 3253, 2031, 2265, 2397, 2516 ], "miles": 1.07, "pax_delay_min": 87435, "veh_delay_min": 12229, "riders_20d": 60890, "bus_trips_20d": 6758, "rider_block_crossings": 1644040, "bus_block_crossings": 182459, "min_per_bus": 1.67, "sec_per_rider": 100, "riders_per_delayed_bus_min": 7.1, "riders_per_bus": 9.0, "pax_delay_per_mile": 81633, "veh_delay_per_mile": 11418, "buses_per_day": 338, "riders_per_day": 3045, "share_of_city_delay_pct": 0.438, "cum_share_pct": 59.55, "pax_am": 15804, "veh_am": 1926, "riders_am": 265507, "share_am_pct": 15.9, "pax_md": 38415, "veh_md": 4398, "riders_md": 330243, "share_md_pct": 38.6, "pax_pm": 25308, "veh_pm": 2632, "riders_pm": 364194, "share_pm_pct": 25.5, "pax_ev": 12462, "veh_ev": 1654, "riders_ev": 194499, "share_ev_pct": 12.5, "pax_night": 7431, "veh_night": 782, "riders_night": 95633, "share_night_pct": 7.5 }, "geometry": { "type": "MultiLineString", "coordinates": [ [ [ -73.927246627585816, 40.818542984641219 ], [ -73.926358591250761, 40.818320691448292 ] ], [ [ -73.925184865331914, 40.818012668283934 ], [ -73.922758822073206, 40.817388284987864 ] ], [ [ -73.917645029078955, 40.816065917068968 ], [ -73.916771177503833, 40.815698828954297 ] ], [ [ -73.910947789627798, 40.813620920666807 ], [ -73.910433077255789, 40.813516376212291 ] ], [ [ -73.916771177503833, 40.815698828954297 ], [ -73.91495493657014, 40.814936466129083 ] ], [ [ -73.922758822073206, 40.817388284987864 ], [ -73.922327264129763, 40.817277431699594 ] ], [ [ -73.922327264129763, 40.817277431699594 ], [ -73.919544952436127, 40.816555108200987 ] ], [ [ -73.911812107735216, 40.813883314601703 ], [ -73.910947789627798, 40.813620920666807 ] ], [ [ -73.91495493657014, 40.814936466129083 ], [ -73.91295450813584, 40.814269334790126 ] ], [ [ -73.925820706751836, 40.818180337398161 ], [ -73.925385385059727, 40.81806541395266 ] ], [ [ -73.927316531228342, 40.818559633732811 ], [ -73.927246627585816, 40.818542984641219 ] ], [ [ -73.910433077255789, 40.813516376212291 ], [ -73.910387422436131, 40.813507103098253 ] ], [ [ -73.929204983195874, 40.819096535129304 ], [ -73.928267592256915, 40.818844839190248 ] ], [ [ -73.928267592256915, 40.818844839190248 ], [ -73.928048723383725, 40.818789144755421 ] ], [ [ -73.928048723383725, 40.818789144755421 ], [ -73.927800094341947, 40.818725876706921 ] ], [ [ -73.927800094341947, 40.818725876706921 ], [ -73.927383196898987, 40.818619788393825 ] ], [ [ -73.929364521478547, 40.819136481358584 ], [ -73.929204983195874, 40.819096535129304 ] ], [ [ -73.927383196898987, 40.818619788393825 ], [ -73.927316531228342, 40.818559633732811 ] ], [ [ -73.919544952436127, 40.816555108200987 ], [ -73.91779032698166, 40.816101122997956 ] ], [ [ -73.91779032698166, 40.816101122997956 ], [ -73.917645029078955, 40.816065917068968 ] ], [ [ -73.926358591250761, 40.818320691448292 ], [ -73.926322806761476, 40.818311354106591 ] ], [ [ -73.926322806761476, 40.818311354106591 ], [ -73.925820706751836, 40.818180337398161 ] ], [ [ -73.925385385059727, 40.81806541395266 ], [ -73.925275486782539, 40.818035512067787 ] ], [ [ -73.925275486782539, 40.818035512067787 ], [ -73.925184865331914, 40.818012668283934 ] ], [ [ -73.91295450813584, 40.814269334790126 ], [ -73.912518901606035, 40.814122144346285 ] ], [ [ -73.912518901606035, 40.814122144346285 ], [ -73.912403223274154, 40.814083056210528 ] ], [ [ -73.912403223274154, 40.814083056210528 ], [ -73.911812107735216, 40.813883314601703 ] ] ] } },
{ "type": "Feature", "properties": { "corridor_id": 20, "rank": 66, "name": "VICTORY BOULEVARD (Staten Island)", "street": "VICTORY BOULEVARD", "borough": "Staten Island", "n_blocks": 16, "n_routes": 11, "routes": [ "S46", "S48", "S61", "S62", "S66", "S78", "S91", "S92", "S96", "S98", "SIM30" ], "peak_period": "md", "hourly_pax": [ 1522, 1250, 1022, 857, 908, 996, 2314, 2956, 5179, 3499, 4319, 4906, 5123, 5247, 5616, 4875, 4258, 4449, 4651, 2468, 2111, 1700, 1438, 1460 ], "miles": 0.82, "pax_delay_min": 87414, "veh_delay_min": 12252, "riders_20d": 91513, "bus_trips_20d": 13200, "rider_block_crossings": 1464206, "bus_block_crossings": 211195, "min_per_bus": 0.85, "sec_per_rider": 51, "riders_per_delayed_bus_min": 7.1, "riders_per_bus": 6.9, "pax_delay_per_mile": 106639, "veh_delay_per_mile": 14946, "buses_per_day": 660, "riders_per_day": 4576, "share_of_city_delay_pct": 0.438, "cum_share_pct": 59.99, "pax_am": 13949, "veh_am": 1862, "riders_am": 313594, "share_am_pct": 19.1, "pax_md": 25210, "veh_md": 2694, "riders_md": 346664, "share_md_pct": 34.5, "pax_pm": 18233, "veh_pm": 2790, "riders_pm": 255267, "share_pm_pct": 24.9, "pax_ev": 9177, "veh_ev": 1577, "riders_ev": 161363, "share_ev_pct": 12.6, "pax_night": 6555, "veh_night": 1067, "riders_night": 105898, "share_night_pct": 9.0 }, "geometry": { "type": "MultiLineString", "coordinates": [ [ [ -74.081779405185486, 40.636623013829883 ], [ -74.083020912046393, 40.636025070647463 ] ], [ [ -74.076839977940836, 40.637750259579533 ], [ -74.07693910841553, 40.637781614527121 ] ], [ [ -74.085749289816775, 40.6339555572225 ], [ -74.087141296602411, 40.632239515704605 ] ], [ [ -74.083020912046393, 40.636025070647463 ], [ -74.083733972867094, 40.63573714404388 ] ], [ [ -74.087141296602411, 40.632239515704605 ], [ -74.087617816902934, 40.631647511917983 ] ], [ [ -74.077929161302535, 40.638103918766461 ], [ -74.078545401270077, 40.638293380058414 ] ], [ [ -74.07693910841553, 40.637781614527121 ], [ -74.077929161302535, 40.638103918766461 ] ], [ [ -74.078545401270077, 40.638293380058414 ], [ -74.078788311157922, 40.638268558548987 ] ], [ [ -74.083946713779866, 40.635654105092868 ], [ -74.084436475747609, 40.635405248144941 ] ], [ [ -74.084436475747609, 40.635405248144941 ], [ -74.085749289816775, 40.6339555572225 ] ], [ [ -74.083733972867094, 40.63573714404388 ], [ -74.083946713779866, 40.635654105092868 ] ], [ [ -74.076013102020482, 40.637771693697232 ], [ -74.076839977940836, 40.637750259579533 ] ], [ [ -74.080551685476962, 40.637319999610028 ], [ -74.080869388132584, 40.637139640288794 ] ], [ [ -74.080869388132584, 40.637139640288794 ], [ -74.081779405185486, 40.636623013829883 ] ], [ [ -74.078788311157922, 40.638268558548987 ], [ -74.079023204355238, 40.638191761245551 ] ], [ [ -74.079023204355238, 40.638191761245551 ], [ -74.080551685476962, 40.637319999610028 ] ] ] } },
{ "type": "Feature", "properties": { "corridor_id": 498, "rank": 67, "name": "QUEENS BOULEVARD (Queens)", "street": "QUEENS BOULEVARD", "borough": "Queens", "n_blocks": 13, "n_routes": 7, "routes": [ "Q53+", "Q59", "Q60", "Q98", "QM63", "QM64", "QM68" ], "peak_period": "md", "hourly_pax": [ 450, 171, 146, 164, 180, 216, 766, 1228, 2198, 2224, 4856, 5935, 6203, 5307, 4636, 4244, 4766, 6434, 6765, 1588, 1663, 1486, 702, 626 ], "miles": 0.37, "pax_delay_min": 85289, "veh_delay_min": 7042, "riders_20d": 62726, "bus_trips_20d": 6220, "rider_block_crossings": 815435, "bus_block_crossings": 80864, "min_per_bus": 1.08, "sec_per_rider": 65, "riders_per_delayed_bus_min": 12.1, "riders_per_bus": 10.1, "pax_delay_per_mile": 233507, "veh_delay_per_mile": 19281, "buses_per_day": 311, "riders_per_day": 3136, "share_of_city_delay_pct": 0.427, "cum_share_pct": 60.42, "pax_am": 6415, "veh_am": 715, "riders_am": 92652, "share_am_pct": 10.2, "pax_md": 26936, "veh_md": 1773, "riders_md": 192791, "share_md_pct": 42.8, "pax_pm": 22208, "veh_pm": 1807, "riders_pm": 203717, "share_pm_pct": 35.3, "pax_ev": 6065, "veh_ev": 924, "riders_ev": 81618, "share_ev_pct": 9.6, "pax_night": 1327, "veh_night": 185, "riders_night": 31342, "share_night_pct": 2.1 }, "geometry": { "type": "MultiLineString", "coordinates": [ [ [ -73.875533230185042, 40.735035996647831 ], [ -73.875118379074635, 40.734814175223995 ] ], [ [ -73.872924418757222, 40.734003235101042 ], [ -73.872061149127276, 40.733751721907794 ] ], [ [ -73.876935208325065, 40.736034817965844 ], [ -73.876191361284299, 40.73550198976686 ] ], [ [ -73.875118379074635, 40.734814175223995 ], [ -73.874770219219144, 40.734628013353365 ] ], [ [ -73.874439398645222, 40.734495232888875 ], [ -73.874131601701933, 40.734376876180185 ] ], [ [ -73.874131601701933, 40.734376876180185 ], [ -73.873787705745627, 40.73425473304269 ] ], [ [ -73.876191361284299, 40.73550198976686 ], [ -73.875770006486547, 40.735183944090295 ] ], [ [ -73.875770006486547, 40.735183944090295 ], [ -73.875533230185042, 40.735035996647831 ] ], [ [ -73.874770219219144, 40.734628013353365 ], [ -73.874439398645222, 40.734495232888875 ] ], [ [ -73.873787705745627, 40.73425473304269 ], [ -73.872924418757222, 40.734003235101042 ] ], [ [ -73.87705165055894, 40.736103039736307 ], [ -73.876935208325065, 40.736034817965844 ] ], [ [ -73.877837522331632, 40.736585731675071 ], [ -73.877284783839912, 40.736246231992098 ] ], [ [ -73.877284783839912, 40.736246231992098 ], [ -73.87705165055894, 40.736103039736307 ] ] ] } },
{ "type": "Feature", "properties": { "corridor_id": 446, "rank": 68, "name": "BEACH CHANNEL DRIVE (Queens)", "street": "BEACH CHANNEL DRIVE", "borough": "Queens", "n_blocks": 36, "n_routes": 4, "routes": [ "Q22", "Q52+", "QM15", "QM17" ], "peak_period": "md", "hourly_pax": [ 748, 188, 5, 0, 121, 1021, 2360, 2170, 3170, 4668, 3336, 4776, 8668, 5778, 5717, 4316, 6447, 4763, 5968, 2469, 1619, 1097, 1008, 1022 ], "miles": 1.58, "pax_delay_min": 84212, "veh_delay_min": 8105, "riders_20d": 77072, "bus_trips_20d": 5347, "rider_block_crossings": 2774584, "bus_block_crossings": 192487, "min_per_bus": 1.38, "sec_per_rider": 83, "riders_per_delayed_bus_min": 10.4, "riders_per_bus": 14.4, "pax_delay_per_mile": 53222, "veh_delay_per_mile": 5123, "buses_per_day": 267, "riders_per_day": 3854, "share_of_city_delay_pct": 0.422, "cum_share_pct": 60.84, "pax_am": 12368, "veh_am": 1161, "riders_am": 513466, "share_am_pct": 17.3, "pax_md": 28275, "veh_md": 1818, "riders_md": 888770, "share_md_pct": 39.6, "pax_pm": 21494, "veh_pm": 1769, "riders_pm": 471434, "share_pm_pct": 30.1, "pax_ev": 7216, "veh_ev": 1317, "riders_ev": 224423, "share_ev_pct": 10.1, "pax_night": 2083, "veh_night": 248, "riders_night": 64096, "share_night_pct": 2.9 }, "geometry": { "type": "MultiLineString", "coordinates": [ [ [ -73.770661573066903, 40.596001998783251 ], [ -73.77149453247516, 40.595910706551429 ] ], [ [ -73.788078435106414, 40.594491404545622 ], [ -73.789120806896506, 40.594061023271323 ] ], [ [ -73.787243338621977, 40.594824120201686 ], [ -73.788078435106414, 40.594491404545622 ] ], [ [ -73.769750279785811, 40.596098532583248 ], [ -73.770661573066903, 40.596001998783251 ] ], [ [ -73.76873525542355, 40.596206070405792 ], [ -73.769750279785811, 40.596098532583248 ] ], [ [ -73.77655169502016, 40.595611329500599 ], [ -73.777393093418198, 40.595553780037413 ] ], [ [ -73.77149453247516, 40.595910706551429 ], [ -73.772327158724394, 40.595822882826859 ] ], [ [ -73.777393093418198, 40.595553780037413 ], [ -73.778218536067456, 40.595498003549544 ] ], [ [ -73.773882521378468, 40.595769407465369 ], [ -73.774771245788656, 40.595735376651866 ] ], [ [ -73.79232407972907, 40.593073617331662 ], [ -73.793265074264184, 40.593020724290319 ] ], [ [ -73.791468983197888, 40.593125468982414 ], [ -73.79232407972907, 40.593073617331662 ] ], [ [ -73.786264897804259, 40.594955141099568 ], [ -73.787043601330737, 40.594910975252688 ] ], [ [ -73.79514938635171, 40.592907399566123 ], [ -73.796153516268546, 40.59284741829152 ] ], [ [ -73.794169896030908, 40.592963940182983 ], [ -73.79514938635171, 40.592907399566123 ] ], [ [ -73.775724258532293, 40.595668638749643 ], [ -73.77655169502016, 40.595611329500599 ] ], [ [ -73.793265074264184, 40.593020724290319 ], [ -73.794169896030908, 40.592963940182983 ] ], [ [ -73.780915777457707, 40.595325440735699 ], [ -73.78183631209717, 40.595266856503791 ] ], [ [ -73.796153516268546, 40.59284741829152 ], [ -73.797114161214822, 40.592790989443799 ] ], [ [ -73.772327158724394, 40.595822882826859 ], [ -73.772814212960498, 40.595802168258423 ] ], [ [ -73.77993897790104, 40.595382450449662 ], [ -73.780915777457707, 40.595325440735699 ] ], [ [ -73.779036330003493, 40.595443502800386 ], [ -73.77993897790104, 40.595382450449662 ] ], [ [ -73.778218536067456, 40.595498003549544 ], [ -73.779036330003493, 40.595443502800386 ] ], [ [ -73.767721170498547, 40.59628099284653 ], [ -73.76873525542355, 40.596206070405792 ] ], [ [ -73.77335789147979, 40.595786116404078 ], [ -73.773882521378468, 40.595769407465369 ] ], [ [ -73.774771245788656, 40.595735376651866 ], [ -73.775724258532293, 40.595668638749643 ] ], [ [ -73.772814212960498, 40.595802168258423 ], [ -73.77335789147979, 40.595786116404078 ] ], [ [ -73.787043601330737, 40.594910975252688 ], [ -73.787243338621977, 40.594824120201686 ] ], [ [ -73.784544627667671, 40.595076609281278 ], [ -73.785739641211592, 40.594992197741334 ] ], [ [ -73.785739641211592, 40.594992197741334 ], [ -73.786264897804259, 40.594955141099568 ] ], [ [ -73.789120806896506, 40.594061023271323 ], [ -73.791026327903936, 40.593298436930851 ] ], [ [ -73.791026327903936, 40.593298436930851 ], [ -73.791468983197888, 40.593125468982414 ] ], [ [ -73.783612485759789, 40.595145230829104 ], [ -73.783742973128696, 40.595135625352789 ] ], [ [ -73.783742973128696, 40.595135625352789 ], [ -73.784544627667671, 40.595076609281278 ] ], [ [ -73.783027987635364, 40.595185258557535 ], [ -73.783612485759789, 40.595145230829104 ] ], [ [ -73.78183631209717, 40.595266856503791 ], [ -73.782705447725505, 40.595207345376743 ] ], [ [ -73.782705447725505, 40.595207345376743 ], [ -73.783027987635364, 40.595185258557535 ] ] ] } },
{ "type": "Feature", "properties": { "corridor_id": 483, "rank": 69, "name": "COLLEGE POINT BOULEVARD (Queens)", "street": "COLLEGE POINT BOULEVARD", "borough": "Queens", "n_blocks": 6, "n_routes": 2, "routes": [ "Q58", "Q98" ], "peak_period": "md", "hourly_pax": [ 118, 208, 55, 58, 192, 336, 2557, 2695, 2921, 4382, 4975, 7606, 7871, 7350, 5320, 2232, 1759, 2466, 2790, 1308, 1480, 1038, 890, 605 ], "miles": 0.29, "pax_delay_min": 84042, "veh_delay_min": 10575, "riders_20d": 63819, "bus_trips_20d": 8461, "rider_block_crossings": 382914, "bus_block_crossings": 50768, "min_per_bus": 1.4, "sec_per_rider": 84, "riders_per_delayed_bus_min": 7.9, "riders_per_bus": 7.5, "pax_delay_per_mile": 292320, "veh_delay_per_mile": 36781, "buses_per_day": 423, "riders_per_day": 3191, "share_of_city_delay_pct": 0.421, "cum_share_pct": 61.26, "pax_am": 12555, "veh_am": 1405, "riders_am": 70611, "share_am_pct": 20.5, "pax_md": 33122, "veh_md": 3521, "riders_md": 86243, "share_md_pct": 54.1, "pax_pm": 9247, "veh_pm": 1384, "riders_pm": 74084, "share_pm_pct": 15.1, "pax_ev": 5321, "veh_ev": 1181, "riders_ev": 36717, "share_ev_pct": 8.7, "pax_night": 966, "veh_night": 223, "riders_night": 14710, "share_night_pct": 1.6 }, "geometry": { "type": "MultiLineString", "coordinates": [ [ [ -73.832295357344151, 40.751941790206963 ], [ -73.832275818814622, 40.751457595161348 ] ], [ [ -73.832391003101691, 40.752317306094319 ], [ -73.832295357344151, 40.751941790206963 ] ], [ [ -73.833399248202298, 40.755521817960364 ], [ -73.83310291348181, 40.754661422902011 ] ], [ [ -73.83310291348181, 40.754661422902011 ], [ -73.832820120366222, 40.753721252853502 ] ], [ [ -73.832820120366222, 40.753721252853502 ], [ -73.832600864241584, 40.75300744451615 ] ], [ [ -73.832600864241584, 40.75300744451615 ], [ -73.832391003101691, 40.752317306094319 ] ] ] } },
{ "type": "Feature", "properties": { "corridor_id": 256, "rank": 70, "name": "RALPH AVENUE (Brooklyn)", "street": "RALPH AVENUE", "borough": "Brooklyn", "n_blocks": 30, "n_routes": 3, "routes": [ "B47", "B6", "BM1" ], "peak_period": "md", "hourly_pax": [ 310, 321, 109, 88, 168, 834, 1800, 1527, 2545, 3555, 5587, 5595, 6740, 6035, 6135, 6723, 5695, 6739, 6301, 3644, 1931, 1718, 889, 710 ], "miles": 1.3, "pax_delay_min": 80846, "veh_delay_min": 7093, "riders_20d": 49662, "bus_trips_20d": 4470, "rider_block_crossings": 1489845, "bus_block_crossings": 134101, "min_per_bus": 1.1, "sec_per_rider": 66, "riders_per_delayed_bus_min": 11.4, "riders_per_bus": 11.1, "pax_delay_per_mile": 62361, "veh_delay_per_mile": 5471, "buses_per_day": 224, "riders_per_day": 2483, "share_of_city_delay_pct": 0.405, "cum_share_pct": 61.66, "pax_am": 9427, "veh_am": 899, "riders_am": 293875, "share_am_pct": 12.5, "pax_md": 30092, "veh_md": 2005, "riders_md": 347288, "share_md_pct": 39.8, "pax_pm": 25458, "veh_pm": 1862, "riders_pm": 320398, "share_pm_pct": 33.6, "pax_ev": 8892, "veh_ev": 1347, "riders_ev": 137064, "share_ev_pct": 11.7, "pax_night": 1830, "veh_night": 286, "riders_night": 62792, "share_night_pct": 2.4 }, "geometry": { "type": "MultiLineString", "coordinates": [ [ [ -73.91886199259163, 40.634577128407003 ], [ -73.918851644519577, 40.634482719030721 ] ], [ [ -73.919461411691316, 40.640239293524736 ], [ -73.91945472973741, 40.640173136728748 ] ], [ [ -73.917752401700668, 40.624164717473562 ], [ -73.917709271408881, 40.623717686246572 ] ], [ [ -73.918629824441908, 40.632346872502978 ], [ -73.918602247904971, 40.632068327655233 ] ], [ [ -73.917709271408881, 40.623717686246572 ], [ -73.917515561583897, 40.621940315779248 ] ], [ [ -73.91928984604462, 40.638596032044823 ], [ -73.919171804081543, 40.637469841179986 ] ], [ [ -73.917994646191332, 40.626457723395482 ], [ -73.917752401700668, 40.624164717473562 ] ], [ [ -73.918162602173425, 40.628004494963754 ], [ -73.917994646191332, 40.626457723395482 ] ], [ [ -73.918762825755223, 40.633637528081017 ], [ -73.918629824441908, 40.632346872502978 ] ], [ [ -73.918602247904971, 40.632068327655233 ], [ -73.918354918153085, 40.62979529848355 ] ], [ [ -73.918242544758769, 40.628770075072623 ], [ -73.918162602173425, 40.628004494963754 ] ], [ [ -73.91945472973741, 40.640173136728748 ], [ -73.919419125997436, 40.639820719529624 ] ], [ [ -73.918851644519577, 40.634482719030721 ], [ -73.918762825755223, 40.633637528081017 ] ], [ [ -73.917515561583897, 40.621940315779248 ], [ -73.917469916473721, 40.621512428029952 ] ], [ [ -73.919419125997436, 40.639820719529624 ], [ -73.91928984604462, 40.638596032044823 ] ], [ [ -73.919057904317981, 40.636385109428183 ], [ -73.919027708323995, 40.636097543588093 ] ], [ [ -73.919027708323995, 40.636097543588093 ], [ -73.919006295314631, 40.635893618172396 ] ], [ [ -73.919006295314631, 40.635893618172396 ], [ -73.918991545884296, 40.635759062092077 ] ], [ [ -73.918991545884296, 40.635759062092077 ], [ -73.918951565581025, 40.635394317939159 ] ], [ [ -73.918951565581025, 40.635394317939159 ], [ -73.918939837120917, 40.635287320554454 ] ], [ [ -73.918939837120917, 40.635287320554454 ], [ -73.918921612880723, 40.635121061343582 ] ], [ [ -73.918921612880723, 40.635121061343582 ], [ -73.918912120939694, 40.635034459859234 ] ], [ [ -73.918912120939694, 40.635034459859234 ], [ -73.918890710784993, 40.634839132176523 ] ], [ [ -73.918890710784993, 40.634839132176523 ], [ -73.918882843122574, 40.634767352045642 ] ], [ [ -73.918882843122574, 40.634767352045642 ], [ -73.918869346012826, 40.634644215686926 ] ], [ [ -73.918869346012826, 40.634644215686926 ], [ -73.91886199259163, 40.634577128407003 ] ], [ [ -73.918354918153085, 40.62979529848355 ], [ -73.918242544758769, 40.628770075072623 ] ], [ [ -73.919090698263986, 40.636697417502667 ], [ -73.919057904317981, 40.636385109428183 ] ], [ [ -73.919129323777611, 40.637065251781905 ], [ -73.919090698263986, 40.636697417502667 ] ], [ [ -73.919171804081543, 40.637469841179986 ], [ -73.919129323777611, 40.637065251781905 ] ] ] } },
{ "type": "Feature", "properties": { "corridor_id": 377, "rank": 71, "name": "WEST 179 STREET (Manhattan)", "street": "WEST 179 STREET", "borough": "Manhattan", "n_blocks": 6, "n_routes": 6, "routes": [ "BX11", "BX13", "BX3", "BX35", "BX36", "M98" ], "peak_period": "am", "hourly_pax": [ 273, 146, 49, 20, 133, 257, 3526, 7932, 10690, 11021, 2596, 2111, 2384, 2929, 2692, 2074, 3116, 5234, 4481, 2246, 1541, 817, 480, 342 ], "miles": 0.41, "pax_delay_min": 80429, "veh_delay_min": 35735, "riders_20d": 7423, "bus_trips_20d": 2935, "rider_block_crossings": 44538, "bus_block_crossings": 17610, "min_per_bus": 6.96, "sec_per_rider": 417, "riders_per_delayed_bus_min": 2.3, "riders_per_bus": 2.5, "pax_delay_per_mile": 195472, "veh_delay_per_mile": 86848, "buses_per_day": 147, "riders_per_day": 371, "share_of_city_delay_pct": 0.403, "cum_share_pct": 62.07, "pax_am": 33170, "veh_am": 8237, "riders_am": 13705, "share_am_pct": 49.4, "pax_md": 12712, "veh_md": 5343, "riders_md": 8016, "share_md_pct": 18.9, "pax_pm": 14905, "veh_pm": 8321, "riders_pm": 11771, "share_pm_pct": 22.2, "pax_ev": 5426, "veh_ev": 4660, "riders_ev": 4659, "share_ev_pct": 8.1, "pax_night": 879, "veh_night": 1233, "riders_night": 588, "share_night_pct": 1.3 }, "geometry": { "type": "MultiLineString", "coordinates": [ [ [ -73.934693173600763, 40.84799838427908 ], [ -73.935928125530367, 40.848519210096178 ] ], [ [ -73.93706978161778, 40.848938999553631 ], [ -73.938935133032558, 40.849288985310153 ] ], [ [ -73.931850102927356, 40.846802632694846 ], [ -73.933306169877099, 40.847412356782904 ] ], [ [ -73.935928125530367, 40.848519210096178 ], [ -73.93706978161778, 40.848938999553631 ] ], [ [ -73.933306169877099, 40.847412356782904 ], [ -73.934086056852308, 40.847741835484591 ] ], [ [ -73.934086056852308, 40.847741835484591 ], [ -73.934693173600763, 40.84799838427908 ] ] ] } },
{ "type": "Feature", "properties": { "corridor_id": 32, "rank": 72, "name": "RIVER AVENUE (Bronx)", "street": "RIVER AVENUE", "borough": "Bronx", "n_blocks": 10, "n_routes": 1, "routes": [ "BX13" ], "peak_period": "pm", "hourly_pax": [ 238, 63, 0, 0, 0, 698, 216, 676, 855, 833, 5207, 5439, 6070, 4033, 3814, 8372, 7464, 3987, 4810, 3465, 3299, 2421, 2356, 1364 ], "miles": 0.62, "pax_delay_min": 79655, "veh_delay_min": 25855, "riders_20d": 29950, "bus_trips_20d": 4221, "rider_block_crossings": 299505, "bus_block_crossings": 42208, "min_per_bus": 6.89, "sec_per_rider": 413, "riders_per_delayed_bus_min": 3.1, "riders_per_bus": 7.1, "pax_delay_per_mile": 129247, "veh_delay_per_mile": 41952, "buses_per_day": 211, "riders_per_day": 1498, "share_of_city_delay_pct": 0.399, "cum_share_pct": 62.47, "pax_am": 2579, "veh_am": 5325, "riders_am": 20726, "share_am_pct": 3.9, "pax_md": 24563, "veh_md": 5721, "riders_md": 72836, "share_md_pct": 37.4, "pax_pm": 24634, "veh_pm": 3735, "riders_pm": 90073, "share_pm_pct": 37.5, "pax_ev": 12904, "veh_ev": 4648, "riders_ev": 37269, "share_ev_pct": 19.6, "pax_night": 999, "veh_night": 461, "riders_night": 6317, "share_night_pct": 1.5 }, "geometry": { "type": "MultiLineString", "coordinates": [ [ [ -73.929751651424141, 40.820266458563673 ], [ -73.928755165230939, 40.822839870711682 ] ], [ [ -73.927152914132307, 40.825723914348494 ], [ -73.926630269101565, 40.8266076896264 ] ], [ [ -73.930064592087021, 40.81947066377468 ], [ -73.929751651424141, 40.820266458563673 ] ], [ [ -73.928140661730367, 40.824061156053823 ], [ -73.927152914132307, 40.825723914348494 ] ], [ [ -73.926630269101565, 40.8266076896264 ], [ -73.926023907947723, 40.827646924060566 ] ], [ [ -73.926023907947723, 40.827646924060566 ], [ -73.925927854693455, 40.827811554401002 ] ], [ [ -73.928755165230939, 40.822839870711682 ], [ -73.928590824353577, 40.823215597493004 ] ], [ [ -73.928590824353577, 40.823215597493004 ], [ -73.928498441240663, 40.823426808296524 ] ], [ [ -73.928498441240663, 40.823426808296524 ], [ -73.928393077162937, 40.823613621673829 ] ], [ [ -73.928393077162937, 40.823613621673829 ], [ -73.928140661730367, 40.824061156053823 ] ] ] } },
{ "type": "Feature", "properties": { "corridor_id": 180, "rank": 73, "name": "86 STREET (Brooklyn)", "street": "86 STREET", "borough": "Brooklyn", "n_blocks": 14, "n_routes": 6, "routes": [ "B1", "B16", "B63", "S53", "S79+", "S93" ], "peak_period": "md", "hourly_pax": [ 705, 364, 161, 117, 177, 913, 2319, 4478, 4861, 3686, 4369, 3715, 4590, 4723, 4768, 4148, 4174, 4908, 5371, 2754, 1760, 1387, 1226, 712 ], "miles": 1.02, "pax_delay_min": 78940, "veh_delay_min": 14643, "riders_20d": 23398, "bus_trips_20d": 4166, "rider_block_crossings": 327567, "bus_block_crossings": 58329, "min_per_bus": 1.36, "sec_per_rider": 82, "riders_per_delayed_bus_min": 5.4, "riders_per_bus": 5.6, "pax_delay_per_mile": 77309, "veh_delay_per_mile": 14340, "buses_per_day": 208, "riders_per_day": 1170, "share_of_city_delay_pct": 0.395, "cum_share_pct": 62.86, "pax_am": 15344, "veh_am": 2300, "riders_am": 62222, "share_am_pct": 23.1, "pax_md": 22165, "veh_md": 3953, "riders_md": 79542, "share_md_pct": 33.4, "pax_pm": 18601, "veh_pm": 3634, "riders_pm": 75331, "share_pm_pct": 28.0, "pax_ev": 7839, "veh_ev": 2482, "riders_ev": 31087, "share_ev_pct": 11.8, "pax_night": 2437, "veh_night": 570, "riders_night": 11174, "share_night_pct": 3.7 }, "geometry": { "type": "MultiLineString", "coordinates": [ [ [ -74.039108865368576, 40.625371381704987 ], [ -74.036425831002788, 40.624734595503142 ] ], [ [ -74.03423145877106, 40.624214877782769 ], [ -74.033742116817621, 40.624098972133602 ] ], [ [ -74.028350315991247, 40.622798627003583 ], [ -74.026214025458771, 40.621491677807178 ] ], [ [ -74.026214025458771, 40.621491677807178 ], [ -74.02536362546364, 40.620977212166835 ] ], [ [ -74.040743975357572, 40.625688299402 ], [ -74.039108865368576, 40.625371381704987 ] ], [ [ -74.02910595287095, 40.622983882315204 ], [ -74.028350315991247, 40.622798627003583 ] ], [ [ -74.02536362546364, 40.620977212166835 ], [ -74.024466441022923, 40.620436752331791 ] ], [ [ -74.031059917911222, 40.623462898114944 ], [ -74.030555632782423, 40.623339275010281 ] ], [ [ -74.036425831002788, 40.624734595503142 ], [ -74.03423145877106, 40.624214877782769 ] ], [ [ -74.024466441022923, 40.620436752331791 ], [ -74.023683280307154, 40.619977959946013 ] ], [ [ -74.023683280307154, 40.619977959946013 ], [ -74.023367527190686, 40.619782794637572 ] ], [ [ -74.033742116817621, 40.624098972133602 ], [ -74.031059917911222, 40.623462898114944 ] ], [ [ -74.030555632782423, 40.623339275010281 ], [ -74.02910595287095, 40.622983882315204 ] ], [ [ -74.023367527190686, 40.619782794637572 ], [ -74.023292150613841, 40.619739170759111 ] ] ] } },
{ "type": "Feature", "properties": { "corridor_id": 202, "rank": 74, "name": "COURT STREET (Brooklyn)", "street": "COURT STREET", "borough": "Brooklyn", "n_blocks": 27, "n_routes": 8, "routes": [ "B103", "B25", "B26", "B38", "B41", "B45", "B52", "B57" ], "peak_period": "md", "hourly_pax": [ 419, 239, 162, 166, 194, 519, 1999, 3277, 4285, 5189, 6734, 5586, 5336, 5962, 6081, 3548, 2951, 4147, 3029, 1248, 1748, 1040, 676, 423 ], "miles": 0.81, "pax_delay_min": 75806, "veh_delay_min": 19923, "riders_20d": 19406, "bus_trips_20d": 4141, "rider_block_crossings": 523957, "bus_block_crossings": 111795, "min_per_bus": 2.62, "sec_per_rider": 157, "riders_per_delayed_bus_min": 3.8, "riders_per_bus": 4.7, "pax_delay_per_mile": 93942, "veh_delay_per_mile": 24690, "buses_per_day": 207, "riders_per_day": 970, "share_of_city_delay_pct": 0.38, "cum_share_pct": 63.24, "pax_am": 14750, "veh_am": 3675, "riders_am": 107342, "share_am_pct": 22.7, "pax_md": 29698, "veh_md": 5517, "riders_md": 150365, "share_md_pct": 45.7, "pax_pm": 13676, "veh_pm": 3345, "riders_pm": 100745, "share_pm_pct": 21.1, "pax_ev": 5134, "veh_ev": 2358, "riders_ev": 36600, "share_ev_pct": 7.9, "pax_night": 1699, "veh_night": 815, "riders_night": 17848, "share_night_pct": 2.6 }, "geometry": { "type": "MultiLineString", "coordinates": [ [ [ -73.991741706558528, 40.690992636522743 ], [ -73.992052714520639, 40.690345450504303 ] ], [ [ -73.991448254276548, 40.691596580210494 ], [ -73.991741706558528, 40.690992636522743 ] ], [ [ -73.99425367957673, 40.68577799743229 ], [ -73.994408024336863, 40.685452496003499 ] ], [ [ -73.994578068042884, 40.685100142445783 ], [ -73.994901136143071, 40.684430238033706 ] ], [ [ -73.994408024336863, 40.685452496003499 ], [ -73.994578068042884, 40.685100142445783 ] ], [ [ -73.993929296324993, 40.686452870626546 ], [ -73.994091476689007, 40.686113439250434 ] ], [ [ -73.993787370042966, 40.686755967027075 ], [ -73.993929296324993, 40.686452870626546 ] ], [ [ -73.990850415458112, 40.692798250727996 ], [ -73.990971869692004, 40.692548800339779 ] ], [ [ -73.992363670501049, 40.689690123150868 ], [ -73.992622860935455, 40.689160548461324 ] ], [ [ -73.994901136143071, 40.684430238033706 ], [ -73.99523240795935, 40.683740791320467 ] ], [ [ -73.993268300147335, 40.687824451332965 ], [ -73.993338229596105, 40.687678797008012 ] ], [ [ -73.993004517169311, 40.688364635548361 ], [ -73.993268300147335, 40.687824451332965 ] ], [ [ -73.992928890254817, 40.688519421708499 ], [ -73.993004517169311, 40.688364635548361 ] ], [ [ -73.99523240795935, 40.683740791320467 ], [ -73.995557427713891, 40.683068534960796 ] ], [ [ -73.990971869692004, 40.692548800339779 ], [ -73.991448254276548, 40.691596580210494 ] ], [ [ -73.993338229596105, 40.687678797008012 ], [ -73.993604232279992, 40.687127229540216 ] ], [ [ -73.990728960315394, 40.693047700980117 ], [ -73.990850415458112, 40.692798250727996 ] ], [ [ -73.990850415458112, 40.692798250727996 ], [ -73.990666262809142, 40.692497176496843 ] ], [ [ -73.993604232279992, 40.687127229540216 ], [ -73.993787370042966, 40.686755967027075 ] ], [ [ -73.992685527541738, 40.689033246448837 ], [ -73.992928890254817, 40.688519421708499 ] ], [ [ -73.992622860935455, 40.689160548461324 ], [ -73.992685527541738, 40.689033246448837 ] ], [ [ -73.992052714520639, 40.690345450504303 ], [ -73.992363670501049, 40.689690123150868 ] ], [ [ -73.994091476689007, 40.686113439250434 ], [ -73.99425367957673, 40.68577799743229 ] ], [ [ -73.990452865714829, 40.693720584275731 ], [ -73.990587944513919, 40.693391379058006 ] ], [ [ -73.990678025885572, 40.693171836723593 ], [ -73.990728960315394, 40.693047700980117 ] ], [ [ -73.990587944513919, 40.693391379058006 ], [ -73.990621891666237, 40.693308644067642 ] ], [ [ -73.990621891666237, 40.693308644067642 ], [ -73.990678025885572, 40.693171836723593 ] ] ] } },
{ "type": "Feature", "properties": { "corridor_id": 362, "rank": 75, "name": "EAST 68 STREET (Manhattan)", "street": "EAST 68 STREET", "borough": "Manhattan", "n_blocks": 12, "n_routes": 1, "routes": [ "M66" ], "peak_period": "am", "hourly_pax": [ 552, 93, 0, 0, 0, 310, 4734, 8359, 12160, 9761, 7275, 5175, 5692, 4852, 5468, 1041, 1314, 1506, 1323, 1077, 859, 673, 668, 707 ], "miles": 0.7, "pax_delay_min": 72311, "veh_delay_min": 27979, "riders_20d": 12556, "bus_trips_20d": 2093, "rider_block_crossings": 150675, "bus_block_crossings": 25118, "min_per_bus": 13.23, "sec_per_rider": 794, "riders_per_delayed_bus_min": 2.6, "riders_per_bus": 6.0, "pax_delay_per_mile": 103109, "veh_delay_per_mile": 39895, "buses_per_day": 105, "riders_per_day": 628, "share_of_city_delay_pct": 0.362, "cum_share_pct": 63.6, "pax_am": 35014, "veh_am": 4428, "riders_am": 44988, "share_am_pct": 47.6, "pax_md": 28463, "veh_md": 6901, "riders_md": 33166, "share_md_pct": 38.7, "pax_pm": 5183, "veh_pm": 6057, "riders_pm": 26769, "share_pm_pct": 7.0, "pax_ev": 3984, "veh_ev": 4765, "riders_ev": 15862, "share_ev_pct": 5.4, "pax_night": 954, "veh_night": 1061, "riders_night": 4070, "share_night_pct": 1.3 }, "geometry": { "type": "MultiLineString", "coordinates": [ [ [ -73.96730534083683, 40.769221464050467 ], [ -73.965797700209023, 40.768587638819888 ] ], [ [ -73.965797700209023, 40.768587638819888 ], [ -73.965693373823768, 40.768543780609292 ] ], [ [ -73.965693373823768, 40.768543780609292 ], [ -73.965579267223077, 40.768495155336311 ] ], [ [ -73.960233107972499, 40.766240175703047 ], [ -73.957868742053194, 40.765242324632943 ] ], [ [ -73.96246998995565, 40.767184933201904 ], [ -73.961622859473309, 40.766827152143598 ] ], [ [ -73.961622859473309, 40.766827152143598 ], [ -73.960233107972499, 40.766240175703047 ] ], [ [ -73.957868742053194, 40.765242324632943 ], [ -73.956238736876841, 40.764553362586632 ] ], [ [ -73.956238736876841, 40.764553362586632 ], [ -73.955616349924227, 40.764290285221861 ] ], [ [ -73.964076302299645, 40.767860246409938 ], [ -73.963250207299964, 40.767512950710703 ] ], [ [ -73.963250207299964, 40.767512950710703 ], [ -73.96246998995565, 40.767184933201904 ] ], [ [ -73.965579267223077, 40.768495155336311 ], [ -73.964693333409812, 40.76812090755859 ] ], [ [ -73.964693333409812, 40.76812090755859 ], [ -73.964076302299645, 40.767860246409938 ] ] ] } },
{ "type": "Feature", "properties": { "corridor_id": 92, "rank": 76, "name": "EAST 163 STREET (Bronx)", "street": "EAST 163 STREET", "borough": "Bronx", "n_blocks": 8, "n_routes": 4, "routes": [ "BX4", "BX5", "BX6", "BX6+" ], "peak_period": "md", "hourly_pax": [ 261, 213, 40, 128, 208, 499, 1858, 2600, 3008, 3749, 5314, 5263, 5867, 5888, 4942, 4114, 3176, 3895, 2859, 1424, 1765, 1206, 850, 397 ], "miles": 0.46, "pax_delay_min": 71329, "veh_delay_min": 6860, "riders_20d": 69274, "bus_trips_20d": 6904, "rider_block_crossings": 554193, "bus_block_crossings": 55231, "min_per_bus": 1.01, "sec_per_rider": 60, "riders_per_delayed_bus_min": 10.4, "riders_per_bus": 10.0, "pax_delay_per_mile": 156375, "veh_delay_per_mile": 15039, "buses_per_day": 345, "riders_per_day": 3464, "share_of_city_delay_pct": 0.357, "cum_share_pct": 63.96, "pax_am": 11215, "veh_am": 1144, "riders_am": 94020, "share_am_pct": 18.8, "pax_md": 27274, "veh_md": 2085, "riders_md": 127918, "share_md_pct": 45.8, "pax_pm": 14044, "veh_pm": 1070, "riders_pm": 136644, "share_pm_pct": 23.6, "pax_ev": 5641, "veh_ev": 799, "riders_ev": 64565, "share_ev_pct": 9.5, "pax_night": 1348, "veh_night": 235, "riders_night": 25290, "share_night_pct": 2.3 }, "geometry": { "type": "MultiLineString", "coordinates": [ [ [ -73.894904788535541, 40.820987519691961 ], [ -73.893873803409079, 40.820979335119965 ] ], [ [ -73.891618587358792, 40.821012848806795 ], [ -73.890236420573061, 40.821027680892001 ] ], [ [ -73.892836530820446, 40.820974053672572 ], [ -73.891618587358792, 40.821012848806795 ] ], [ [ -73.898933390375447, 40.821068167563091 ], [ -73.897863858495512, 40.821003938250875 ] ], [ [ -73.896893381053445, 40.820998743111282 ], [ -73.895881358887493, 40.82099257458286 ] ], [ [ -73.897863858495512, 40.821003938250875 ], [ -73.896893381053445, 40.820998743111282 ] ], [ [ -73.893873803409079, 40.820979335119965 ], [ -73.892836530820446, 40.820974053672572 ] ], [ [ -73.895881358887493, 40.82099257458286 ], [ -73.894904788535541, 40.820987519691961 ] ] ] } },
{ "type": "Feature", "properties": { "corridor_id": 478, "rank": 77, "name": "CROSS BAY BOULEVARD (Queens)", "street": "CROSS BAY BOULEVARD", "borough": "Queens", "n_blocks": 49, "n_routes": 9, "routes": [ "BM5", "Q11", "Q112", "Q41", "Q52+", "Q53+", "QM15", "QM16", "QM17" ], "peak_period": "md", "hourly_pax": [ 726, 292, 141, 84, 351, 625, 374, 687, 339, 1875, 3586, 4988, 5042, 4903, 5400, 5262, 4998, 5521, 5176, 3301, 2992, 2267, 1784, 1389 ], "miles": 1.4, "pax_delay_min": 71117, "veh_delay_min": 10875, "riders_20d": 48042, "bus_trips_20d": 5675, "rider_block_crossings": 2354072, "bus_block_crossings": 278057, "min_per_bus": 1.9, "sec_per_rider": 114, "riders_per_delayed_bus_min": 6.5, "riders_per_bus": 8.5, "pax_delay_per_mile": 50858, "veh_delay_per_mile": 7777, "buses_per_day": 284, "riders_per_day": 2402, "share_of_city_delay_pct": 0.356, "cum_share_pct": 64.32, "pax_am": 3275, "veh_am": 921, "riders_am": 770080, "share_am_pct": 5.3, "pax_md": 23919, "veh_md": 2749, "riders_md": 480158, "share_md_pct": 38.5, "pax_pm": 20957, "veh_pm": 2519, "riders_pm": 365368, "share_pm_pct": 33.7, "pax_ev": 11734, "veh_ev": 1911, "riders_ev": 187231, "share_ev_pct": 18.9, "pax_night": 2219, "veh_night": 366, "riders_night": 102562, "share_night_pct": 3.6 }, "geometry": { "type": "MultiLineString", "coordinates": [ [ [ -73.84191398169564, 40.667839215548348 ], [ -73.841822117593651, 40.667478359609454 ] ], [ [ -73.844028673310547, 40.678061064106551 ], [ -73.843824751107945, 40.677385418560114 ] ], [ [ -73.842158021747792, 40.66870144776702 ], [ -73.842118013580063, 40.668552947944889 ] ], [ [ -73.844521314072821, 40.680309756688104 ], [ -73.8444818379716, 40.680175223510844 ] ], [ [ -73.843079002115104, 40.672159841864605 ], [ -73.842910335512343, 40.671431093976572 ] ], [ [ -73.842677880210118, 40.670552800851397 ], [ -73.842575231111027, 40.670201142651926 ] ], [ [ -73.841714517914497, 40.667021190583604 ], [ -73.841630762105765, 40.666678275076464 ] ], [ [ -73.84193353132261, 40.667908969201335 ], [ -73.84191398169564, 40.667839215548348 ] ], [ [ -73.844164468434315, 40.678797302651674 ], [ -73.844028673310547, 40.678061064106551 ] ], [ [ -73.843167194187529, 40.675073673295749 ], [ -73.843104252564459, 40.67461884504732 ] ], [ [ -73.842697358863219, 40.67060930327424 ], [ -73.842677880210118, 40.670552800851397 ] ], [ [ -73.841502412976467, 40.666179923343968 ], [ -73.841484504308994, 40.666106875928527 ] ], [ [ -73.842331042805057, 40.669299885982944 ], [ -73.84220801147157, 40.668870772196541 ] ], [ [ -73.841959154600772, 40.667985566249925 ], [ -73.84193353132261, 40.667908969201335 ] ], [ [ -73.842820620457971, 40.671082453467193 ], [ -73.842697358863219, 40.67060930327424 ] ], [ [ -73.843421123080745, 40.676019844265198 ], [ -73.843211420528647, 40.67532427538378 ] ], [ [ -73.842575231111027, 40.670201142651926 ], [ -73.842331042805057, 40.669299885982944 ] ], [ [ -73.841215976397493, 40.66497025041506 ], [ -73.841129445669807, 40.664622891485308 ] ], [ [ -73.843177132357894, 40.673104495699633 ], [ -73.843079002115104, 40.672159841864605 ] ], [ [ -73.84220801147157, 40.668870772196541 ], [ -73.842158021747792, 40.66870144776702 ] ], [ [ -73.844325547907317, 40.679614819503371 ], [ -73.844164468434315, 40.678797302651674 ] ], [ [ -73.843211420528647, 40.67532427538378 ], [ -73.843167194187529, 40.675073673295749 ] ], [ [ -73.844526224229753, 40.68037363758998 ], [ -73.844521314072821, 40.680309756688104 ] ], [ [ -73.841028478745585, 40.66420969400118 ], [ -73.840624348540786, 40.662534423917336 ] ], [ [ -73.842041041347031, 40.668285289754515 ], [ -73.841959154600772, 40.667985566249925 ] ], [ [ -73.843104252564459, 40.67461884504732 ], [ -73.843098902185346, 40.674444641963234 ] ], [ [ -73.841822117593651, 40.667478359609454 ], [ -73.841753054175783, 40.667187964956476 ] ], [ [ -73.841395573750205, 40.665737340216879 ], [ -73.841215976397493, 40.66497025041506 ] ], [ [ -73.841484504308994, 40.666106875928527 ], [ -73.841467992646855, 40.666043006242532 ] ], [ [ -73.843824751107945, 40.677385418560114 ], [ -73.8436191827534, 40.676712003780295 ] ], [ [ -73.841129445669807, 40.664622891485308 ], [ -73.841028478745585, 40.66420969400118 ] ], [ [ -73.843098902185346, 40.674444641963234 ], [ -73.843139565587663, 40.673750615086277 ] ], [ [ -73.842910335512343, 40.671431093976572 ], [ -73.842820620457971, 40.671082453467193 ] ], [ [ -73.843139565587663, 40.673750615086277 ], [ -73.843177132357894, 40.673104495699633 ] ], [ [ -73.840624348540786, 40.662534423917336 ], [ -73.840201552428837, 40.660864808929446 ] ], [ [ -73.841753054175783, 40.667187964956476 ], [ -73.841714517914497, 40.667021190583604 ] ], [ [ -73.844557201400747, 40.680687647401442 ], [ -73.844548011663832, 40.680594493708746 ] ], [ [ -73.844548011663832, 40.680594493708746 ], [ -73.844526224229753, 40.68037363758998 ] ], [ [ -73.8436191827534, 40.676712003780295 ], [ -73.843437694902292, 40.676075907519099 ] ], [ [ -73.843437694902292, 40.676075907519099 ], [ -73.843421123080745, 40.676019844265198 ] ], [ [ -73.84425082572757, 40.679715979273567 ], [ -73.844325547907317, 40.679614819503371 ] ], [ [ -73.8444818379716, 40.680175223510844 ], [ -73.844345068422484, 40.679684930519258 ] ], [ [ -73.844345068422484, 40.679684930519258 ], [ -73.844325547907317, 40.679614819503371 ] ], [ [ -73.842118013580063, 40.668552947944889 ], [ -73.842072521202667, 40.668394755890041 ] ], [ [ -73.842072521202667, 40.668394755890041 ], [ -73.842041041347031, 40.668285289754515 ] ], [ [ -73.841467992646855, 40.666043006242532 ], [ -73.841412025167941, 40.665806778447525 ] ], [ [ -73.841412025167941, 40.665806778447525 ], [ -73.841395573750205, 40.665737340216879 ] ], [ [ -73.841630762105765, 40.666678275076464 ], [ -73.84156388602166, 40.666418611403785 ] ], [ [ -73.84156388602166, 40.666418611403785 ], [ -73.841502412976467, 40.666179923343968 ] ] ] } },
{ "type": "Feature", "properties": { "corridor_id": 512, "rank": 78, "name": "30 AVENUE (Queens)", "street": "30 AVENUE", "borough": "Queens", "n_blocks": 29, "n_routes": 1, "routes": [ "Q18" ], "peak_period": "pm", "hourly_pax": [ 459, 240, 3, 0, 208, 411, 1141, 2621, 3893, 3402, 3848, 3796, 3521, 4586, 6724, 5335, 6106, 7509, 7443, 3639, 2075, 1178, 986, 795 ], "miles": 1.32, "pax_delay_min": 70650, "veh_delay_min": 6719, "riders_20d": 29686, "bus_trips_20d": 2779, "rider_block_crossings": 860882, "bus_block_crossings": 80588, "min_per_bus": 2.4, "sec_per_rider": 144, "riders_per_delayed_bus_min": 10.5, "riders_per_bus": 10.7, "pax_delay_per_mile": 53383, "veh_delay_per_mile": 5077, "buses_per_day": 139, "riders_per_day": 1484, "share_of_city_delay_pct": 0.354, "cum_share_pct": 64.67, "pax_am": 11056, "veh_am": 873, "riders_am": 221825, "share_am_pct": 15.8, "pax_md": 22475, "veh_md": 1543, "riders_md": 180749, "share_md_pct": 32.1, "pax_pm": 26392, "veh_pm": 2233, "riders_pm": 188723, "share_pm_pct": 37.7, "pax_ev": 8673, "veh_ev": 1388, "riders_ev": 66048, "share_ev_pct": 12.4, "pax_night": 1321, "veh_night": 201, "riders_night": 33707, "share_night_pct": 1.9 }, "geometry": { "type": "MultiLineString", "coordinates": [ [ [ -73.91977764835147, 40.766152183775056 ], [ -73.918986332975493, 40.765771292732275 ] ], [ [ -73.921392101980587, 40.766887670520518 ], [ -73.920587273908069, 40.766520699346614 ] ], [ [ -73.918189729012283, 40.765394193391273 ], [ -73.917388770845861, 40.76501987624745 ] ], [ [ -73.906997065560077, 40.760144556496961 ], [ -73.906323270089786, 40.759836820311484 ] ], [ [ -73.914992116176549, 40.763892304424878 ], [ -73.91478351342225, 40.763792653361769 ] ], [ [ -73.924272020158455, 40.768241576344217 ], [ -73.92352510409971, 40.767893290203276 ] ], [ [ -73.920587273908069, 40.766520699346614 ], [ -73.91977764835147, 40.766152183775056 ] ], [ [ -73.922980218413628, 40.767639885660984 ], [ -73.922202600288273, 40.767273166883463 ] ], [ [ -73.927806786314534, 40.769889038547639 ], [ -73.926473412667974, 40.769271395279333 ] ], [ [ -73.908206289728184, 40.760710350449571 ], [ -73.907794054533412, 40.760517799607683 ] ], [ [ -73.910191814376404, 40.761637607484431 ], [ -73.909390685512719, 40.761263910083748 ] ], [ [ -73.918986332975493, 40.765771292732275 ], [ -73.918189729012283, 40.765394193391273 ] ], [ [ -73.912598786481482, 40.762765774409182 ], [ -73.911798627905057, 40.762390212226535 ] ], [ [ -73.911798627905057, 40.762390212226535 ], [ -73.910991152150572, 40.76201146917483 ] ], [ [ -73.92352510409971, 40.767893290203276 ], [ -73.922980218413628, 40.767639885660984 ] ], [ [ -73.910991152150572, 40.76201146917483 ], [ -73.910191814376404, 40.761637607484431 ] ], [ [ -73.925076024372956, 40.768618755712801 ], [ -73.924272020158455, 40.768241576344217 ] ], [ [ -73.913396611191132, 40.763140284328287 ], [ -73.912598786481482, 40.762765774409182 ] ], [ [ -73.916589742705654, 40.764643979422807 ], [ -73.915791174491304, 40.764267771051955 ] ], [ [ -73.908591933262144, 40.760890479053081 ], [ -73.908206289728184, 40.760710350449571 ] ], [ [ -73.91419395671673, 40.763515986144292 ], [ -73.913396611191132, 40.763140284328287 ] ], [ [ -73.917388770845861, 40.76501987624745 ], [ -73.916589742705654, 40.764643979422807 ] ], [ [ -73.915791174491304, 40.764267771051955 ], [ -73.914992116176549, 40.763892304424878 ] ], [ [ -73.926473412667974, 40.769271395279333 ], [ -73.925076024372956, 40.768618755712801 ] ], [ [ -73.909390685512719, 40.761263910083748 ], [ -73.908591933262144, 40.760890479053081 ] ], [ [ -73.91478351342225, 40.763792653361769 ], [ -73.91419395671673, 40.763515986144292 ] ], [ [ -73.907794054533412, 40.760517799607683 ], [ -73.907403350951938, 40.760333978609083 ] ], [ [ -73.907403350951938, 40.760333978609083 ], [ -73.906997065560077, 40.760144556496961 ] ], [ [ -73.922202600288273, 40.767273166883463 ], [ -73.921392101980587, 40.766887670520518 ] ] ] } },
{ "type": "Feature", "properties": { "corridor_id": 353, "rank": 79, "name": "EAST 125 STREET (Manhattan)", "street": "EAST 125 STREET", "borough": "Manhattan", "n_blocks": 10, "n_routes": 10, "routes": [ "BXM10", "BXM11", "BXM6", "BXM7", "BXM8", "BXM9", "M101", "M125", "M35", "M60+" ], "peak_period": "pm", "hourly_pax": [ 883, 508, 300, 459, 584, 1112, 2052, 2275, 2710, 3725, 3545, 2983, 3311, 3422, 3851, 5259, 4018, 3899, 4075, 2250, 3070, 2309, 1536, 1261 ], "miles": 0.66, "pax_delay_min": 69669, "veh_delay_min": 32060, "riders_20d": 32107, "bus_trips_20d": 11812, "rider_block_crossings": 321074, "bus_block_crossings": 118115, "min_per_bus": 2.46, "sec_per_rider": 148, "riders_per_delayed_bus_min": 2.2, "riders_per_bus": 2.7, "pax_delay_per_mile": 105048, "veh_delay_per_mile": 48341, "buses_per_day": 591, "riders_per_day": 1605, "share_of_city_delay_pct": 0.349, "cum_share_pct": 65.02, "pax_am": 10762, "veh_am": 4937, "riders_am": 64351, "share_am_pct": 18.1, "pax_md": 17111, "veh_md": 7714, "riders_md": 64596, "share_md_pct": 28.8, "pax_pm": 17252, "veh_pm": 5538, "riders_pm": 65639, "share_pm_pct": 29.0, "pax_ev": 10427, "veh_ev": 5074, "riders_ev": 39666, "share_ev_pct": 17.6, "pax_night": 3846, "veh_night": 1938, "riders_night": 19986, "share_night_pct": 6.5 }, "geometry": { "type": "MultiLineString", "coordinates": [ [ [ -73.938893729214968, 40.804995382615473 ], [ -73.93741852815748, 40.804374678449918 ] ], [ [ -73.93741852815748, 40.804374678449918 ], [ -73.935816131675082, 40.803699900483302 ] ], [ [ -73.942263111702616, 40.806415737710765 ], [ -73.940645735760967, 40.805736687645123 ] ], [ [ -73.939034982433924, 40.805056456731712 ], [ -73.938893729214968, 40.804995382615473 ] ], [ [ -73.933313997347128, 40.802644833506918 ], [ -73.931383075996266, 40.801831008631986 ] ], [ [ -73.939190180809547, 40.805121663078964 ], [ -73.939034982433924, 40.805056456731712 ] ], [ [ -73.940645735760967, 40.805736687645123 ], [ -73.939190180809547, 40.805121663078964 ] ], [ [ -73.933576448283134, 40.802752180333442 ], [ -73.933313997347128, 40.802644833506918 ] ], [ [ -73.935816131675082, 40.803699900483302 ], [ -73.933576448283134, 40.802752180333442 ] ], [ [ -73.931383075996266, 40.801831008631986 ], [ -73.93120156181304, 40.80175450206162 ] ] ] } },
{ "type": "Feature", "properties": { "corridor_id": 373, "rank": 80, "name": "EAST 57 STREET (Manhattan)", "street": "EAST 57 STREET", "borough": "Manhattan", "n_blocks": 12, "n_routes": 35, "routes": [ "BM1", "BM2", "BM3", "BM4", "BM5", "M31", "M57", "QM1", "QM10", "QM12", "QM15", "QM16", "QM17", "QM18", "QM21", "QM24", "QM31", "QM35", "QM36", "QM4", "QM42", "QM5", "QM6", "QM63", "QM64", "QM68", "SIM22", "SIM25", "SIM26", "SIM31", "SIM33C", "SIM4C", "SIM8", "X27", "X38" ], "peak_period": "pm", "hourly_pax": [ 655, 76, 0, 0, 0, 456, 949, 1072, 2602, 4827, 2851, 4119, 4449, 4909, 4022, 5340, 9078, 13429, 5707, 1919, 1666, 1228, 875, 722 ], "miles": 0.8, "pax_delay_min": 68839, "veh_delay_min": 12679, "riders_20d": 65071, "bus_trips_20d": 11279, "rider_block_crossings": 780854, "bus_block_crossings": 135345, "min_per_bus": 0.7, "sec_per_rider": 42, "riders_per_delayed_bus_min": 5.4, "riders_per_bus": 5.8, "pax_delay_per_mile": 86308, "veh_delay_per_mile": 15897, "buses_per_day": 564, "riders_per_day": 3254, "share_of_city_delay_pct": 0.345, "cum_share_pct": 65.36, "pax_am": 9450, "veh_am": 3175, "riders_am": 118348, "share_am_pct": 13.3, "pax_md": 20349, "veh_md": 3558, "riders_md": 139073, "share_md_pct": 28.7, "pax_pm": 33554, "veh_pm": 3636, "riders_pm": 296892, "share_pm_pct": 47.3, "pax_ev": 6410, "veh_ev": 1772, "riders_ev": 86844, "share_ev_pct": 9.0, "pax_night": 1188, "veh_night": 246, "riders_night": 12860, "share_night_pct": 1.7 }, "geometry": { "type": "MultiLineString", "coordinates": [ [ [ -73.970862618547244, 40.761655951846336 ], [ -73.970750639039395, 40.761608700710369 ] ], [ [ -73.967520740157212, 40.760248884819298 ], [ -73.967425885132954, 40.760207605085277 ] ], [ [ -73.967425885132954, 40.760207605085277 ], [ -73.965293074954147, 40.75930783758298 ] ], [ [ -73.96913247433352, 40.760929189995458 ], [ -73.96757380161506, 40.760272412889961 ] ], [ [ -73.965293074954147, 40.75930783758298 ], [ -73.964502929701993, 40.758974562987262 ] ], [ [ -73.964502929701993, 40.758974562987262 ], [ -73.962924486302626, 40.75830898892854 ] ], [ [ -73.970750639039395, 40.761608700710369 ], [ -73.970638186074453, 40.761561476791861 ] ], [ [ -73.973967989076442, 40.762966587223346 ], [ -73.972361387449226, 40.762288376228568 ] ], [ [ -73.970638186074453, 40.761561476791861 ], [ -73.96913247433352, 40.760929189995458 ] ], [ [ -73.972361387449226, 40.762288376228568 ], [ -73.970862618547244, 40.761655951846336 ] ], [ [ -73.96757380161506, 40.760272412889961 ], [ -73.967520740157212, 40.760248884819298 ] ], [ [ -73.962924486302626, 40.75830898892854 ], [ -73.960671304293584, 40.757364161446574 ] ] ] } },
{ "type": "Feature", "properties": { "corridor_id": 386, "rank": 81, "name": "WEST 72 STREET (Manhattan)", "street": "WEST 72 STREET", "borough": "Manhattan", "n_blocks": 10, "n_routes": 3, "routes": [ "M5", "M57", "M72" ], "peak_period": "md", "hourly_pax": [ 478, 73, 3, 0, 1, 168, 2064, 3633, 6394, 4717, 4691, 5150, 4119, 5102, 4074, 3388, 5314, 5149, 3789, 856, 771, 457, 399, 755 ], "miles": 0.58, "pax_delay_min": 68711, "veh_delay_min": 14112, "riders_20d": 21410, "bus_trips_20d": 3595, "rider_block_crossings": 214103, "bus_block_crossings": 35950, "min_per_bus": 1.76, "sec_per_rider": 106, "riders_per_delayed_bus_min": 4.9, "riders_per_bus": 6.0, "pax_delay_per_mile": 117850, "veh_delay_per_mile": 24204, "buses_per_day": 180, "riders_per_day": 1071, "share_of_city_delay_pct": 0.344, "cum_share_pct": 65.71, "pax_am": 16808, "veh_am": 3486, "riders_am": 34166, "share_am_pct": 27.3, "pax_md": 23137, "veh_md": 3367, "riders_md": 60540, "share_md_pct": 37.6, "pax_pm": 17641, "veh_pm": 2629, "riders_pm": 53411, "share_pm_pct": 28.7, "pax_ev": 3238, "veh_ev": 1541, "riders_ev": 18012, "share_ev_pct": 5.3, "pax_night": 723, "veh_night": 300, "riders_night": 3612, "share_night_pct": 1.2 }, "geometry": { "type": "MultiLineString", "coordinates": [ [ [ -73.984476093784735, 40.77980804355623 ], [ -73.985679361156116, 40.78031263347183 ] ], [ [ -73.982055968559749, 40.778793168538634 ], [ -73.984476093784735, 40.77980804355623 ] ], [ [ -73.977430409989339, 40.776836804962755 ], [ -73.978799048477995, 40.77741293348376 ] ], [ [ -73.975955173567257, 40.776219754251443 ], [ -73.97678807581336, 40.77656813859867 ] ], [ [ -73.97678807581336, 40.77656813859867 ], [ -73.977430409989339, 40.776836804962755 ] ], [ [ -73.981621265520687, 40.778608082848685 ], [ -73.981924140171188, 40.778737040037996 ] ], [ [ -73.981924140171188, 40.778737040037996 ], [ -73.982055968559749, 40.778793168538634 ] ], [ [ -73.978799048477995, 40.77741293348376 ], [ -73.979572479291448, 40.77773901067112 ] ], [ [ -73.979572479291448, 40.77773901067112 ], [ -73.979652794928001, 40.777771906276691 ] ], [ [ -73.979652794928001, 40.777771906276691 ], [ -73.981621265520687, 40.778608082848685 ] ] ] } },
{ "type": "Feature", "properties": { "corridor_id": 533, "rank": 82, "name": "39 AVENUE (Queens)", "street": "39 AVENUE", "borough": "Queens", "n_blocks": 5, "n_routes": 12, "routes": [ "Q16", "Q17", "Q19", "Q25", "Q27", "Q28", "Q50", "Q61", "Q63", "Q65", "Q66", "Q90" ], "peak_period": "md", "hourly_pax": [ 285, 238, 353, 226, 225, 559, 3091, 4318, 5335, 4345, 3368, 3181, 4017, 3400, 3591, 2248, 2619, 3044, 2274, 2103, 1321, 1079, 663, 548 ], "miles": 0.31, "pax_delay_min": 68070, "veh_delay_min": 11462, "riders_20d": 17908, "bus_trips_20d": 3119, "rider_block_crossings": 89541, "bus_block_crossings": 15595, "min_per_bus": 3.56, "sec_per_rider": 214, "riders_per_delayed_bus_min": 5.9, "riders_per_bus": 5.7, "pax_delay_per_mile": 221859, "veh_delay_per_mile": 37359, "buses_per_day": 156, "riders_per_day": 895, "share_of_city_delay_pct": 0.341, "cum_share_pct": 66.05, "pax_am": 17089, "veh_am": 1881, "riders_am": 25034, "share_am_pct": 32.6, "pax_md": 17557, "veh_md": 2391, "riders_md": 20030, "share_md_pct": 33.5, "pax_pm": 10185, "veh_pm": 1817, "riders_pm": 15247, "share_pm_pct": 19.4, "pax_ev": 5713, "veh_ev": 1840, "riders_ev": 7330, "share_ev_pct": 10.9, "pax_night": 1886, "veh_night": 557, "riders_night": 3795, "share_night_pct": 3.6 }, "geometry": { "type": "MultiLineString", "coordinates": [ [ [ -73.828069992619803, 40.760784697669628 ], [ -73.82686748440986, 40.761092436907056 ] ], [ [ -73.829134158755153, 40.760511356454934 ], [ -73.828069992619803, 40.760784697669628 ] ], [ [ -73.830351490167402, 40.760210711117274 ], [ -73.829134158755153, 40.760511356454934 ] ], [ [ -73.830483313684226, 40.760271059083472 ], [ -73.830351490167402, 40.760210711117274 ] ], [ [ -73.832349290413774, 40.759679005366102 ], [ -73.830483313684226, 40.760271059083472 ] ] ] } },
{ "type": "Feature", "properties": { "corridor_id": 463, "rank": 83, "name": "FOREST AVENUE (Queens)", "street": "FOREST AVENUE", "borough": "Queens", "n_blocks": 32, "n_routes": 7, "routes": [ "B13", "B20", "Q14", "Q39", "Q55", "Q58", "Q98" ], "peak_period": "pm", "hourly_pax": [ 400, 171, 88, 100, 197, 505, 4211, 4596, 4867, 3456, 2981, 2535, 2665, 2745, 3225, 4969, 6002, 7347, 5621, 980, 776, 535, 452, 507 ], "miles": 1.15, "pax_delay_min": 67405, "veh_delay_min": 16639, "riders_20d": 21886, "bus_trips_20d": 5334, "rider_block_crossings": 700345, "bus_block_crossings": 170687, "min_per_bus": 3.73, "sec_per_rider": 224, "riders_per_delayed_bus_min": 4.1, "riders_per_bus": 4.1, "pax_delay_per_mile": 58805, "veh_delay_per_mile": 14516, "buses_per_day": 267, "riders_per_day": 1094, "share_of_city_delay_pct": 0.338, "cum_share_pct": 66.39, "pax_am": 17130, "veh_am": 3905, "riders_am": 152524, "share_am_pct": 28.6, "pax_md": 14151, "veh_md": 2397, "riders_md": 149425, "share_md_pct": 23.6, "pax_pm": 23938, "veh_pm": 4911, "riders_pm": 191199, "share_pm_pct": 39.9, "pax_ev": 3250, "veh_ev": 2420, "riders_ev": 50335, "share_ev_pct": 5.4, "pax_night": 1461, "veh_night": 1346, "riders_night": 27632, "share_night_pct": 2.4 }, "geometry": { "type": "MultiLineString", "coordinates": [ [ [ -73.898068177949881, 40.699230269953894 ], [ -73.897257684806718, 40.698752970726204 ] ], [ [ -73.899504130892097, 40.700082391148889 ], [ -73.898795382386751, 40.699661626795994 ] ], [ [ -73.902118729083469, 40.70514903553498 ], [ -73.901996499116152, 40.704871285783788 ] ], [ [ -73.904744013533332, 40.70998833669713 ], [ -73.904351481884987, 40.709130463282953 ] ], [ [ -73.904351481884987, 40.709130463282953 ], [ -73.904112518238094, 40.708639053110026 ] ], [ [ -73.905961976601475, 40.712646107439774 ], [ -73.905589301228844, 40.711842807795485 ] ], [ [ -73.900986394972648, 40.702449447977038 ], [ -73.900697769125827, 40.70176960972568 ] ], [ [ -73.901252452284709, 40.703063925252643 ], [ -73.900986394972648, 40.702449447977038 ] ], [ [ -73.90237265308555, 40.705683524870345 ], [ -73.902118729083469, 40.70514903553498 ] ], [ [ -73.901674373285317, 40.704049500775767 ], [ -73.9015113994095, 40.703664653826621 ] ], [ [ -73.897257684806718, 40.698752970726204 ], [ -73.896662900753711, 40.698404146834591 ] ], [ [ -73.898795382386751, 40.699661626795994 ], [ -73.898068177949881, 40.699230269953894 ] ], [ [ -73.900697769125827, 40.70176960972568 ], [ -73.900415283218791, 40.701086326923125 ] ], [ [ -73.901815412791379, 40.704384620492952 ], [ -73.901674373285317, 40.704049500775767 ] ], [ [ -73.90509325236718, 40.710756040965116 ], [ -73.904744013533332, 40.70998833669713 ] ], [ [ -73.90607768661377, 40.712902964643511 ], [ -73.905961976601475, 40.712646107439774 ] ], [ [ -73.905589301228844, 40.711842807795485 ], [ -73.90509325236718, 40.710756040965116 ] ], [ [ -73.903624676836358, 40.707802187298846 ], [ -73.903388286879149, 40.707371373322836 ] ], [ [ -73.902839557811987, 40.706493696157317 ], [ -73.902801906547154, 40.706427278914703 ] ], [ [ -73.904010780188145, 40.708461054293615 ], [ -73.903678977199576, 40.707894850737269 ] ], [ [ -73.904112518238094, 40.708639053110026 ], [ -73.904010780188145, 40.708461054293615 ] ], [ [ -73.903388286879149, 40.707371373322836 ], [ -73.903256644465301, 40.707131438869872 ] ], [ [ -73.9015113994095, 40.703664653826621 ], [ -73.901320975798711, 40.703215548959889 ] ], [ [ -73.901320975798711, 40.703215548959889 ], [ -73.901252452284709, 40.703063925252643 ] ], [ [ -73.902453285558522, 40.705836545321837 ], [ -73.90237265308555, 40.705683524870345 ] ], [ [ -73.900200361589569, 40.700500501433659 ], [ -73.899504130892097, 40.700082391148889 ] ], [ [ -73.901931457353299, 40.704696489769873 ], [ -73.901815412791379, 40.704384620492952 ] ], [ [ -73.903256644465301, 40.707131438869872 ], [ -73.902839557811987, 40.706493696157317 ] ], [ [ -73.902801906547154, 40.706427278914703 ], [ -73.902453285558522, 40.705836545321837 ] ], [ [ -73.903678977199576, 40.707894850737269 ], [ -73.903624676836358, 40.707802187298846 ] ], [ [ -73.900415283218791, 40.701086326923125 ], [ -73.900200361589569, 40.700500501433659 ] ], [ [ -73.901996499116152, 40.704871285783788 ], [ -73.901931457353299, 40.704696489769873 ] ] ] } },
{ "type": "Feature", "properties": { "corridor_id": 536, "rank": 84, "name": "NORTHERN BOULEVARD (Queens)", "street": "NORTHERN BOULEVARD", "borough": "Queens", "n_blocks": 13, "n_routes": 11, "routes": [ "Q12", "Q19", "Q20", "Q25", "Q26", "Q28", "Q44+", "Q50", "Q61", "Q63", "Q66" ], "peak_period": "md", "hourly_pax": [ 1145, 631, 628, 224, 314, 919, 3544, 4927, 4480, 5026, 4370, 3335, 4405, 4667, 6597, 2995, 3375, 2750, 2745, 1813, 2035, 1770, 1710, 1684 ], "miles": 0.86, "pax_delay_min": 66133, "veh_delay_min": 6559, "riders_20d": 62904, "bus_trips_20d": 7408, "rider_block_crossings": 817748, "bus_block_crossings": 96300, "min_per_bus": 0.62, "sec_per_rider": 37, "riders_per_delayed_bus_min": 10.1, "riders_per_bus": 8.5, "pax_delay_per_mile": 76995, "veh_delay_per_mile": 7636, "buses_per_day": 370, "riders_per_day": 3145, "share_of_city_delay_pct": 0.331, "cum_share_pct": 66.72, "pax_am": 17977, "veh_am": 1374, "riders_am": 168488, "share_am_pct": 27.2, "pax_md": 23375, "veh_md": 2118, "riders_md": 165948, "share_md_pct": 35.4, "pax_pm": 11866, "veh_pm": 1271, "riders_pm": 155998, "share_pm_pct": 18.0, "pax_ev": 9012, "veh_ev": 1278, "riders_ev": 86302, "share_ev_pct": 13.6, "pax_night": 3860, "veh_night": 502, "riders_night": 43408, "share_night_pct": 5.8 }, "geometry": { "type": "MultiLineString", "coordinates": [ [ [ -73.823482451989776, 40.764651791479238 ], [ -73.82066667645519, 40.764990814408122 ] ], [ [ -73.832066362344619, 40.763114468936884 ], [ -73.83130932298431, 40.763281195747957 ] ], [ [ -73.829746599053863, 40.763649851243912 ], [ -73.828736278037084, 40.763907798838488 ] ], [ [ -73.826086065733904, 40.764381942840394 ], [ -73.825941525136884, 40.764350657311255 ] ], [ [ -73.833157717367726, 40.762875577105852 ], [ -73.832066362344619, 40.763114468936884 ] ], [ [ -73.828736278037084, 40.763907798838488 ], [ -73.828114262883943, 40.764056356390419 ] ], [ [ -73.83130932298431, 40.763281195747957 ], [ -73.83020765498145, 40.763543128595998 ] ], [ [ -73.828114262883943, 40.764056356390419 ], [ -73.826086065733904, 40.764381942840394 ] ], [ [ -73.833290739679143, 40.762818059156508 ], [ -73.833157717367726, 40.762875577105852 ] ], [ [ -73.819434954195373, 40.765138068142249 ], [ -73.817324882069599, 40.765353790221276 ] ], [ [ -73.82066667645519, 40.764990814408122 ], [ -73.819434954195373, 40.765138068142249 ] ], [ [ -73.825941525136884, 40.764350657311255 ], [ -73.823482451989776, 40.764651791479238 ] ], [ [ -73.83020765498145, 40.763543128595998 ], [ -73.829746599053863, 40.763649851243912 ] ] ] } },
{ "type": "Feature", "properties": { "corridor_id": 502, "rank": 85, "name": "SANFORD AVENUE (Queens)", "street": "SANFORD AVENUE", "borough": "Queens", "n_blocks": 4, "n_routes": 4, "routes": [ "Q13", "Q26", "Q27", "Q65" ], "peak_period": "md", "hourly_pax": [ 11, 152, 0, 1, 1, 0, 185, 2107, 5010, 9378, 6182, 3637, 3442, 4852, 4177, 3299, 3276, 5037, 3325, 1517, 1474, 1398, 869, 137 ], "miles": 0.36, "pax_delay_min": 65369, "veh_delay_min": 6430, "riders_20d": 148526, "bus_trips_20d": 16175, "rider_block_crossings": 594103, "bus_block_crossings": 64700, "min_per_bus": 0.39, "sec_per_rider": 24, "riders_per_delayed_bus_min": 10.2, "riders_per_bus": 9.2, "pax_delay_per_mile": 182057, "veh_delay_per_mile": 17909, "buses_per_day": 809, "riders_per_day": 7426, "share_of_city_delay_pct": 0.327, "cum_share_pct": 67.05, "pax_am": 16681, "veh_am": 1564, "riders_am": 123400, "share_am_pct": 28.0, "pax_md": 22290, "veh_md": 2010, "riders_md": 130485, "share_md_pct": 37.5, "pax_pm": 14938, "veh_pm": 1565, "riders_pm": 120874, "share_pm_pct": 25.1, "pax_ev": 5395, "veh_ev": 791, "riders_ev": 67179, "share_ev_pct": 9.1, "pax_night": 166, "veh_night": 67, "riders_night": 25180, "share_night_pct": 0.3 }, "geometry": { "type": "MultiLineString", "coordinates": [ [ [ -73.823174885520956, 40.758191510605386 ], [ -73.820635933442787, 40.758872267762001 ] ], [ [ -73.826026796103562, 40.757432700623916 ], [ -73.825184625884887, 40.757648645769827 ] ], [ [ -73.825184625884887, 40.757648645769827 ], [ -73.823174885520956, 40.758191510605386 ] ], [ [ -73.827090259733168, 40.757143402166733 ], [ -73.826026796103562, 40.757432700623916 ] ] ] } },
{ "type": "Feature", "properties": { "corridor_id": 237, "rank": 86, "name": "GATEWAY DRIVE (Brooklyn)", "street": "GATEWAY DRIVE", "borough": "Brooklyn", "n_blocks": 13, "n_routes": 3, "routes": [ "B13", "B83", "Q08" ], "peak_period": "md", "hourly_pax": [ 222, 111, 0, 0, 0, 157, 1330, 1968, 1781, 1493, 12527, 11308, 7959, 7190, 5810, 1120, 1353, 1156, 1013, 562, 551, 259, 191, 237 ], "miles": 1.03, "pax_delay_min": 65217, "veh_delay_min": 34065, "riders_20d": 13672, "bus_trips_20d": 4794, "rider_block_crossings": 177741, "bus_block_crossings": 62323, "min_per_bus": 7.03, "sec_per_rider": 422, "riders_per_delayed_bus_min": 1.9, "riders_per_bus": 2.9, "pax_delay_per_mile": 63331, "veh_delay_per_mile": 33080, "buses_per_day": 240, "riders_per_day": 684, "share_of_city_delay_pct": 0.327, "cum_share_pct": 67.37, "pax_am": 6571, "veh_am": 6792, "riders_am": 15815, "share_am_pct": 11.3, "pax_md": 44793, "veh_md": 7507, "riders_md": 58698, "share_md_pct": 76.8, "pax_pm": 4642, "veh_pm": 8078, "riders_pm": 30512, "share_pm_pct": 8.0, "pax_ev": 1801, "veh_ev": 7096, "riders_ev": 14323, "share_ev_pct": 3.1, "pax_night": 490, "veh_night": 1619, "riders_night": 4167, "share_night_pct": 0.8 }, "geometry": { "type": "MultiLineString", "coordinates": [ [ [ -73.86998593143727, 40.650466011268207 ], [ -73.869859642933704, 40.650485517809599 ] ], [ [ -73.874876660104377, 40.649994318124172 ], [ -73.873558776440433, 40.649347165903066 ], [ -73.871990745374958, 40.649344184087255 ] ], [ [ -73.869953778975983, 40.65056524778403 ], [ -73.868540313075755, 40.65162157900695 ] ], [ [ -73.875442128063554, 40.650817280690788 ], [ -73.874876660104377, 40.649994318124172 ] ], [ [ -73.871990745374958, 40.649344184087255 ], [ -73.870902015642457, 40.649815601744642 ], [ -73.86998593143727, 40.650466011268207 ] ], [ [ -73.86998593143727, 40.650466011268207 ], [ -73.869953778975983, 40.65056524778403 ] ], [ [ -73.866841800903529, 40.652887986053543 ], [ -73.866748524310452, 40.652945828677154 ] ], [ [ -73.868540313075755, 40.65162157900695 ], [ -73.866841800903529, 40.652887986053543 ] ], [ [ -73.86675601491784, 40.65281001439935 ], [ -73.866689220036278, 40.652858580084079 ] ], [ [ -73.868449433510065, 40.651541740720361 ], [ -73.86675601491784, 40.65281001439935 ] ], [ [ -73.869859642933704, 40.650485517809599 ], [ -73.868449433510065, 40.651541740720361 ] ], [ [ -73.877263891279839, 40.653038076861534 ], [ -73.876093959997291, 40.65205094179629 ] ], [ [ -73.876093959997291, 40.65205094179629 ], [ -73.875442128063554, 40.650817280690788 ] ] ] } },
{ "type": "Feature", "properties": { "corridor_id": 3, "rank": 87, "name": "WHITE PLAINS ROAD (Bronx)", "street": "WHITE PLAINS ROAD", "borough": "Bronx", "n_blocks": 22, "n_routes": 3, "routes": [ "BX22", "BX30", "BX39" ], "peak_period": "md", "hourly_pax": [ 499, 130, 74, 78, 64, 279, 2713, 2508, 2844, 2794, 2604, 2912, 3267, 4530, 4997, 4553, 3850, 3952, 4244, 2098, 1703, 1718, 1595, 1507 ], "miles": 0.8, "pax_delay_min": 64814, "veh_delay_min": 6888, "riders_20d": 50250, "bus_trips_20d": 4999, "rider_block_crossings": 1105510, "bus_block_crossings": 109980, "min_per_bus": 1.54, "sec_per_rider": 92, "riders_per_delayed_bus_min": 9.4, "riders_per_bus": 10.1, "pax_delay_per_mile": 81119, "veh_delay_per_mile": 8621, "buses_per_day": 250, "riders_per_day": 2513, "share_of_city_delay_pct": 0.325, "cum_share_pct": 67.7, "pax_am": 10860, "veh_am": 1122, "riders_am": 200710, "share_am_pct": 19.6, "pax_md": 18309, "veh_md": 1488, "riders_md": 250854, "share_md_pct": 33.0, "pax_pm": 16600, "veh_pm": 1376, "riders_pm": 273365, "share_pm_pct": 29.9, "pax_ev": 8621, "veh_ev": 1474, "riders_ev": 112609, "share_ev_pct": 15.5, "pax_night": 1123, "veh_night": 196, "riders_night": 18470, "share_night_pct": 2.0 }, "geometry": { "type": "MultiLineString", "coordinates": [ [ [ -73.867371210233813, 40.848716311148344 ], [ -73.867393736769472, 40.848778254913093 ] ], [ [ -73.867608339891945, 40.856996078174483 ], [ -73.867601541129645, 40.857235646250224 ] ], [ [ -73.867556509371269, 40.858265261361495 ], [ -73.867589341547813, 40.858895498835125 ] ], [ [ -73.867769449503811, 40.852413443338065 ], [ -73.867730750373241, 40.853661093982964 ] ], [ [ -73.867587525187716, 40.857830089635371 ], [ -73.867556509371269, 40.858265261361495 ] ], [ [ -73.867730750373241, 40.853661093982964 ], [ -73.867702780142835, 40.854504562038699 ] ], [ [ -73.867702780142835, 40.854504562038699 ], [ -73.867613784015646, 40.85662051612713 ] ], [ [ -73.867613784015646, 40.85662051612713 ], [ -73.867612874209399, 40.856767763521603 ] ], [ [ -73.867121907457744, 40.848021131656012 ], [ -73.867166161813486, 40.848152492763695 ] ], [ [ -73.867166161813486, 40.848152492763695 ], [ -73.867371210233813, 40.848716311148344 ] ], [ [ -73.866947119136, 40.847502309282909 ], [ -73.867121907457744, 40.848021131656012 ] ], [ [ -73.867393736769472, 40.848778254913093 ], [ -73.867438129292907, 40.848876537934807 ] ], [ [ -73.867589341547813, 40.858895498835125 ], [ -73.867594173917766, 40.858988236919451 ] ], [ [ -73.867800048327169, 40.851589293570413 ], [ -73.867769449503811, 40.852413443338065 ] ], [ [ -73.867612874209399, 40.856767763521603 ], [ -73.867608339891945, 40.856996078174483 ] ], [ [ -73.867601541129645, 40.857235646250224 ], [ -73.867599042634126, 40.857341604872339 ] ], [ [ -73.867438129292907, 40.848876537934807 ], [ -73.867581669578456, 40.849262839270303 ] ], [ [ -73.867581669578456, 40.849262839270303 ], [ -73.8678184440992, 40.849905348512358 ] ], [ [ -73.867599042634126, 40.857341604872339 ], [ -73.867588993214838, 40.857767823875498 ] ], [ [ -73.867588993214838, 40.857767823875498 ], [ -73.867587525187716, 40.857830089635371 ] ], [ [ -73.8678184440992, 40.849905348512358 ], [ -73.867808229306533, 40.850840375660788 ] ], [ [ -73.867808229306533, 40.850840375660788 ], [ -73.867800048327169, 40.851589293570413 ] ] ] } },
{ "type": "Feature", "properties": { "corridor_id": 359, "rank": 88, "name": "BROADWAY (Manhattan)", "street": "BROADWAY", "borough": "Manhattan", "n_blocks": 13, "n_routes": 5, "routes": [ "BX7", "M100", "M3", "M4", "M5" ], "peak_period": "md", "hourly_pax": [ 269, 130, 28, 0, 20, 63, 1979, 3023, 4118, 3010, 4206, 4126, 4749, 3021, 4994, 3901, 3280, 2794, 2747, 764, 626, 529, 637, 478 ], "miles": 0.6, "pax_delay_min": 64227, "veh_delay_min": 12313, "riders_20d": 29094, "bus_trips_20d": 3684, "rider_block_crossings": 378225, "bus_block_crossings": 47888, "min_per_bus": 2.08, "sec_per_rider": 125, "riders_per_delayed_bus_min": 5.2, "riders_per_bus": 7.9, "pax_delay_per_mile": 107725, "veh_delay_per_mile": 20651, "buses_per_day": 184, "riders_per_day": 1455, "share_of_city_delay_pct": 0.322, "cum_share_pct": 68.02, "pax_am": 12130, "veh_am": 2667, "riders_am": 66417, "share_am_pct": 24.5, "pax_md": 21096, "veh_md": 2482, "riders_md": 106526, "share_md_pct": 42.6, "pax_pm": 12722, "veh_pm": 2269, "riders_pm": 77348, "share_pm_pct": 25.7, "pax_ev": 3034, "veh_ev": 1486, "riders_ev": 24295, "share_ev_pct": 6.1, "pax_night": 510, "veh_night": 312, "riders_night": 7262, "share_night_pct": 1.0 }, "geometry": { "type": "MultiLineString", "coordinates": [ [ [ -73.941791327403124, 40.83846945839138 ], [ -73.94123367194581, 40.839228634435223 ] ], [ [ -73.939853135873776, 40.841114753331219 ], [ -73.939522268165518, 40.841573732812407 ] ], [ [ -73.940254700923774, 40.840565966937938 ], [ -73.939853135873776, 40.841114753331219 ] ], [ [ -73.944521817107017, 40.834725066338116 ], [ -73.944066668480374, 40.835341107323728 ] ], [ [ -73.944973854749719, 40.834100932795913 ], [ -73.944521817107017, 40.834725066338116 ] ], [ [ -73.942695356633152, 40.837221854133695 ], [ -73.942241457197952, 40.83784343645069 ] ], [ [ -73.943609775045019, 40.835971996135555 ], [ -73.943154357825961, 40.836600406974405 ] ], [ [ -73.944066668480374, 40.835341107323728 ], [ -73.943609775045019, 40.835971996135555 ] ], [ [ -73.942241457197952, 40.83784343645069 ], [ -73.941791327403124, 40.83846945839138 ] ], [ [ -73.940735406413751, 40.839908999456718 ], [ -73.940254700923774, 40.840565966937938 ] ], [ [ -73.94123367194581, 40.839228634435223 ], [ -73.940735406413751, 40.839908999456718 ] ], [ [ -73.939522268165518, 40.841573732812407 ], [ -73.939460876260469, 40.841658896370582 ] ], [ [ -73.943154357825961, 40.836600406974405 ], [ -73.942695356633152, 40.837221854133695 ] ] ] } },
{ "type": "Feature", "properties": { "corridor_id": 366, "rank": 89, "name": "ED KOCH QUEENSBORO BR BIKE PATH (Manhattan)", "street": "ED KOCH QUEENSBORO BR BIKE PATH", "borough": "Manhattan", "n_blocks": 18, "n_routes": 2, "routes": [ "Q32", "Q60" ], "peak_period": "am", "hourly_pax": [ 397, 428, 754, 672, 325, 716, 4271, 1638, 9221, 10187, 6241, 3700, 2072, 1172, 1218, 1060, 1385, 1827, 1855, 1411, 1641, 2123, 1096, 252 ], "miles": 0.84, "pax_delay_min": 64098, "veh_delay_min": 9889, "riders_20d": 24372, "bus_trips_20d": 3699, "rider_block_crossings": 438690, "bus_block_crossings": 66573, "min_per_bus": 2.54, "sec_per_rider": 152, "riders_per_delayed_bus_min": 6.5, "riders_per_bus": 6.6, "pax_delay_per_mile": 76141, "veh_delay_per_mile": 11747, "buses_per_day": 185, "riders_per_day": 1219, "share_of_city_delay_pct": 0.321, "cum_share_pct": 68.34, "pax_am": 25317, "veh_am": 2216, "riders_am": 110548, "share_am_pct": 45.5, "pax_md": 14404, "veh_md": 1331, "riders_md": 129399, "share_md_pct": 25.9, "pax_pm": 6128, "veh_pm": 1041, "riders_pm": 75429, "share_pm_pct": 11.0, "pax_ev": 6522, "veh_ev": 1980, "riders_ev": 34870, "share_ev_pct": 11.7, "pax_night": 3291, "veh_night": 991, "riders_night": 11940, "share_night_pct": 5.9 }, "geometry": { "type": "MultiLineString", "coordinates": [ [ [ -73.960434149217008, 40.759569805679121 ], [ -73.959387712259229, 40.759116296580515 ] ], [ [ -73.955449041627759, 40.75739555558674 ], [ -73.955220562461463, 40.757292139417189 ] ], [ [ -73.960549428836913, 40.759619403218863 ], [ -73.960434149217008, 40.759569805679121 ] ], [ [ -73.953220099487922, 40.756426841276578 ], [ -73.950725246469972, 40.755362935050904 ] ], [ [ -73.958353749750117, 40.758666625094364 ], [ -73.956962631523197, 40.758069484763375 ] ], [ [ -73.955220562461463, 40.757292139417189 ], [ -73.953484618228188, 40.756545301822761 ] ], [ [ -73.953484618228188, 40.756545301822761 ], [ -73.953220099487922, 40.756426841276578 ] ], [ [ -73.959387712259229, 40.759116296580515 ], [ -73.958613991137526, 40.758781444815938 ] ], [ [ -73.956962631523197, 40.758069484763375 ], [ -73.956495420844135, 40.757863901063516 ] ], [ [ -73.956495420844135, 40.757863901063516 ], [ -73.955449041627759, 40.75739555558674 ] ], [ [ -73.958613991137526, 40.758781444815938 ], [ -73.958431845618762, 40.758700589323695 ] ], [ [ -73.958431845618762, 40.758700589323695 ], [ -73.958353749750117, 40.758666625094364 ] ], [ [ -73.961620708304736, 40.760094434013446 ], [ -73.96083825056958, 40.759773509361999 ] ], [ [ -73.96083825056958, 40.759773509361999 ], [ -73.960549428836913, 40.759619403218863 ] ], [ [ -73.962413133056259, 40.760443058187448 ], [ -73.962396927249188, 40.760435928641606 ] ], [ [ -73.962396927249188, 40.760435928641606 ], [ -73.961620708304736, 40.760094434013446 ] ], [ [ -73.962842496211806, 40.760739308673877 ], [ -73.962413133056259, 40.760443058187448 ] ], [ [ -73.950725246469972, 40.755362935050904 ], [ -73.949030249734477, 40.754613393967119 ] ] ] } },
{ "type": "Feature", "properties": { "corridor_id": 442, "rank": 90, "name": "QUEENS PLAZA SOUTH (Queens)", "street": "QUEENS PLAZA SOUTH", "borough": "Queens", "n_blocks": 10, "n_routes": 13, "routes": [ "Q100", "Q66", "Q69", "QM1", "QM16", "QM17", "QM18", "QM21", "QM31", "QM35", "QM36", "QM42", "QM5" ], "peak_period": "md", "hourly_pax": [ 1191, 743, 156, 255, 124, 494, 2129, 5025, 5060, 3251, 3387, 3796, 1826, 4017, 3592, 3406, 2706, 3930, 3002, 1414, 752, 661, 878, 1324 ], "miles": 0.22, "pax_delay_min": 63668, "veh_delay_min": 14555, "riders_20d": 26475, "bus_trips_20d": 4451, "rider_block_crossings": 264755, "bus_block_crossings": 44510, "min_per_bus": 3.16, "sec_per_rider": 190, "riders_per_delayed_bus_min": 4.4, "riders_per_bus": 5.9, "pax_delay_per_mile": 291162, "veh_delay_per_mile": 66562, "buses_per_day": 223, "riders_per_day": 1324, "share_of_city_delay_pct": 0.319, "cum_share_pct": 68.66, "pax_am": 15465, "veh_am": 2490, "riders_am": 64633, "share_am_pct": 29.1, "pax_md": 16618, "veh_md": 2949, "riders_md": 54864, "share_md_pct": 31.3, "pax_pm": 13044, "veh_pm": 2077, "riders_pm": 66880, "share_pm_pct": 24.6, "pax_ev": 5028, "veh_ev": 1781, "riders_ev": 20517, "share_ev_pct": 9.5, "pax_night": 2963, "veh_night": 1395, "riders_night": 9176, "share_night_pct": 5.6 }, "geometry": { "type": "MultiLineString", "coordinates": [ [ [ -73.94073235015577, 40.750569515131829 ], [ -73.940630573027491, 40.750519428154057 ] ], [ [ -73.940856055157141, 40.750623186942761 ], [ -73.94073235015577, 40.750569515131829 ] ], [ [ -73.942131711211218, 40.751185409788107 ], [ -73.941472293159734, 40.750893543207127 ] ], [ [ -73.943098702618457, 40.751621699849998 ], [ -73.942851953756161, 40.751510770579912 ] ], [ [ -73.941472293159734, 40.750893543207127 ], [ -73.940856055157141, 40.750623186942761 ] ], [ [ -73.942662767329736, 40.751425326433818 ], [ -73.94227168904618, 40.751244717724838 ] ], [ [ -73.942851953756161, 40.751510770579912 ], [ -73.942662767329736, 40.751425326433818 ] ], [ [ -73.94227168904618, 40.751244717724838 ], [ -73.942131711211218, 40.751185409788107 ] ], [ [ -73.944243491964329, 40.752097474849727 ], [ -73.94321140475715, 40.751668539419242 ] ], [ [ -73.94321140475715, 40.751668539419242 ], [ -73.943098702618457, 40.751621699849998 ] ] ] } },
{ "type": "Feature", "properties": { "corridor_id": 469, "rank": 91, "name": "188 STREET (Queens)", "street": "188 STREET", "borough": "Queens", "n_blocks": 34, "n_routes": 9, "routes": [ "Q17", "Q45", "Q88", "QM1", "QM31", "QM35", "QM5", "QM7", "QM8" ], "peak_period": "am", "hourly_pax": [ 93, 138, 112, 94, 60, 252, 9210, 11348, 12414, 1314, 1561, 8990, 2240, 3031, 2749, 1076, 2946, 2606, 3672, 1305, 743, 493, 287, 212 ], "miles": 1.12, "pax_delay_min": 62951, "veh_delay_min": 8673, "riders_20d": 26132, "bus_trips_20d": 5878, "rider_block_crossings": 888482, "bus_block_crossings": 199845, "min_per_bus": 1.91, "sec_per_rider": 115, "riders_per_delayed_bus_min": 7.3, "riders_per_bus": 4.4, "pax_delay_per_mile": 56138, "veh_delay_per_mile": 7734, "buses_per_day": 294, "riders_per_day": 1307, "share_of_city_delay_pct": 0.315, "cum_share_pct": 68.97, "pax_am": 34286, "veh_am": 4367, "riders_am": 173766, "share_am_pct": 51.2, "pax_md": 18571, "veh_md": 2058, "riders_md": 245926, "share_md_pct": 27.7, "pax_pm": 10300, "veh_pm": 1681, "riders_pm": 210476, "share_pm_pct": 15.4, "pax_ev": 3039, "veh_ev": 1123, "riders_ev": 73344, "share_ev_pct": 4.5, "pax_night": 749, "veh_night": 473, "riders_night": 24497, "share_night_pct": 1.1 }, "geometry": { "type": "MultiLineString", "coordinates": [ [ [ -73.786152108156401, 40.739300580113039 ], [ -73.786150926255374, 40.739008623813355 ] ], [ [ -73.786001111732659, 40.739543716488058 ], [ -73.785845306890025, 40.739411394027215 ] ], [ [ -73.784385723867473, 40.736198883051593 ], [ -73.784168420069989, 40.735718170707571 ] ], [ [ -73.784168420069989, 40.735718170707571 ], [ -73.783929146394925, 40.735540744990899 ] ], [ [ -73.783024931526057, 40.73313071852774 ], [ -73.7821340539152, 40.731252254708728 ] ], [ [ -73.784320886339131, 40.735660544632239 ], [ -73.784329157953906, 40.73547501011398 ] ], [ [ -73.78554935413608, 40.739163689184217 ], [ -73.785532033848838, 40.739108474074506 ] ], [ [ -73.783807971214387, 40.735415562287393 ], [ -73.783746616884088, 40.735352177308521 ] ], [ [ -73.786524709383315, 40.740624003553023 ], [ -73.786001111732659, 40.739543716488058 ] ], [ [ -73.783929146394925, 40.735540744990899 ], [ -73.783807971214387, 40.735415562287393 ] ], [ [ -73.784329157953906, 40.73547501011398 ], [ -73.78427248583543, 40.735084127005877 ], [ -73.783884590180406, 40.734875300906282 ] ], [ [ -73.786632458858847, 40.740834985391182 ], [ -73.786524709383315, 40.740624003553023 ] ], [ [ -73.786017605066604, 40.739447581719979 ], [ -73.785845306890025, 40.739411394027215 ] ], [ [ -73.785876509108775, 40.73876480464363 ], [ -73.785670192992754, 40.738737955330357 ] ], [ [ -73.785532033848838, 40.739108474074506 ], [ -73.785541901389976, 40.738904355842266 ] ], [ [ -73.785579046175187, 40.738692993917958 ], [ -73.785318096655658, 40.738168951281303 ] ], [ [ -73.784197037974778, 40.735577878635311 ], [ -73.783929146394925, 40.735540744990899 ] ], [ [ -73.784937588667432, 40.737364955231904 ], [ -73.784385723867473, 40.736198883051593 ] ], [ [ -73.783884590180406, 40.734875300906282 ], [ -73.783625903381605, 40.734403316608265 ] ], [ [ -73.783625903381605, 40.734403316608265 ], [ -73.783024931526057, 40.73313071852774 ] ], [ [ -73.785845306890025, 40.739411394027215 ], [ -73.78559069289102, 40.739227522542848 ] ], [ [ -73.783701079025036, 40.735248623320267 ], [ -73.783884590180406, 40.734875300906282 ] ], [ [ -73.786017605066604, 40.739447581719979 ], [ -73.786152108156401, 40.739300580113039 ] ], [ [ -73.78559069289102, 40.739227522542848 ], [ -73.78554935413608, 40.739163689184217 ] ], [ [ -73.786150926255374, 40.739008623813355 ], [ -73.785876509108775, 40.73876480464363 ] ], [ [ -73.785876509108775, 40.73876480464363 ], [ -73.785737098030481, 40.738648803199794 ] ], [ [ -73.785737098030481, 40.738648803199794 ], [ -73.785478020074891, 40.738131545063048 ] ], [ [ -73.785541901389976, 40.738904355842266 ], [ -73.785579046175187, 40.738692993917958 ] ], [ [ -73.783746616884088, 40.735352177308521 ], [ -73.783701079025036, 40.735248623320267 ] ], [ [ -73.786128375819089, 40.739509256110523 ], [ -73.786152108156401, 40.739300580113039 ] ], [ [ -73.785100909495881, 40.737318619487972 ], [ -73.784558044747612, 40.736148344579817 ] ], [ [ -73.784558044747612, 40.736148344579817 ], [ -73.784320886339131, 40.735660544632239 ] ], [ [ -73.785318096655658, 40.738168951281303 ], [ -73.784937588667432, 40.737364955231904 ] ], [ [ -73.785478020074891, 40.738131545063048 ], [ -73.785100909495881, 40.737318619487972 ] ] ] } },
{ "type": "Feature", "properties": { "corridor_id": 217, "rank": 92, "name": "CHURCH AVENUE (Brooklyn)", "street": "CHURCH AVENUE", "borough": "Brooklyn", "n_blocks": 16, "n_routes": 2, "routes": [ "B35", "B8" ], "peak_period": "md", "hourly_pax": [ 520, 271, 160, 50, 85, 343, 1358, 2797, 3416, 5041, 4174, 4149, 5140, 4922, 5002, 3206, 2326, 2834, 2781, 1521, 1743, 1424, 1308, 789 ], "miles": 0.5, "pax_delay_min": 62910, "veh_delay_min": 13509, "riders_20d": 38606, "bus_trips_20d": 8721, "rider_block_crossings": 617688, "bus_block_crossings": 139542, "min_per_bus": 1.54, "sec_per_rider": 93, "riders_per_delayed_bus_min": 4.7, "riders_per_bus": 4.4, "pax_delay_per_mile": 124741, "veh_delay_per_mile": 26787, "buses_per_day": 436, "riders_per_day": 1930, "share_of_city_delay_pct": 0.315, "cum_share_pct": 69.29, "pax_am": 12611, "veh_am": 2019, "riders_am": 133901, "share_am_pct": 22.8, "pax_md": 23387, "veh_md": 3831, "riders_md": 152592, "share_md_pct": 42.2, "pax_pm": 11147, "veh_pm": 2581, "riders_pm": 106914, "share_pm_pct": 20.1, "pax_ev": 6784, "veh_ev": 2485, "riders_ev": 65225, "share_ev_pct": 12.3, "pax_night": 1428, "veh_night": 556, "riders_night": 20865, "share_night_pct": 2.6 }, "geometry": { "type": "MultiLineString", "coordinates": [ [ [ -73.919962039649562, 40.652788274178931 ], [ -73.919184857964865, 40.653288949823732 ] ], [ [ -73.917752541150392, 40.65421496301942 ], [ -73.917699868859813, 40.654250135417335 ] ], [ [ -73.918472940331867, 40.653744964939513 ], [ -73.917833636731331, 40.654162052709253 ] ], [ [ -73.914658431539138, 40.656214253246524 ], [ -73.913779437296199, 40.656783679111342 ] ], [ [ -73.920208146487255, 40.652595419389819 ], [ -73.919962039649562, 40.652788274178931 ] ], [ [ -73.917350768512307, 40.654466027685416 ], [ -73.917040184090666, 40.654675516474491 ] ], [ [ -73.917699868859813, 40.654250135417335 ], [ -73.917575885609565, 40.65431417327251 ] ], [ [ -73.917575885609565, 40.65431417327251 ], [ -73.917493592781454, 40.654369684870119 ] ], [ [ -73.915450940060779, 40.655700021646062 ], [ -73.914658431539138, 40.656214253246524 ] ], [ [ -73.916332222084904, 40.655131431112906 ], [ -73.915450940060779, 40.655700021646062 ] ], [ [ -73.919184857964865, 40.653288949823732 ], [ -73.918472940331867, 40.653744964939513 ] ], [ [ -73.917040184090666, 40.654675516474491 ], [ -73.916332222084904, 40.655131431112906 ] ], [ [ -73.917833636731331, 40.654162052709253 ], [ -73.917752541150392, 40.65421496301942 ] ], [ [ -73.920773666717636, 40.652554314147181 ], [ -73.920208146487255, 40.652595419389819 ] ], [ [ -73.917493592781454, 40.654369684870119 ], [ -73.917350768512307, 40.654466027685416 ] ], [ [ -73.921337928058307, 40.652519078001681 ], [ -73.920773666717636, 40.652554314147181 ] ] ] } },
{ "type": "Feature", "properties": { "corridor_id": 471, "rank": 93, "name": "HAMPTON STREET (Queens)", "street": "HAMPTON STREET", "borough": "Queens", "n_blocks": 4, "n_routes": 1, "routes": [ "Q29" ], "peak_period": "pm", "hourly_pax": [ 259, 120, 15, 0, 0, 696, 2430, 2073, 1870, 1484, 3577, 4671, 3858, 1928, 3053, 3100, 5016, 6101, 4030, 1411, 1201, 1976, 1962, 525 ], "miles": 0.5, "pax_delay_min": 62903, "veh_delay_min": 6873, "riders_20d": 30990, "bus_trips_20d": 2647, "rider_block_crossings": 123959, "bus_block_crossings": 10588, "min_per_bus": 2.58, "sec_per_rider": 155, "riders_per_delayed_bus_min": 9.2, "riders_per_bus": 11.7, "pax_delay_per_mile": 124623, "veh_delay_per_mile": 13618, "buses_per_day": 132, "riders_per_day": 1549, "share_of_city_delay_pct": 0.315, "cum_share_pct": 69.6, "pax_am": 7857, "veh_am": 1244, "riders_am": 13099, "share_am_pct": 15.3, "pax_md": 17087, "veh_md": 1334, "riders_md": 27414, "share_md_pct": 33.3, "pax_pm": 18247, "veh_pm": 1418, "riders_pm": 37478, "share_pm_pct": 35.5, "pax_ev": 7075, "veh_ev": 1519, "riders_ev": 10770, "share_ev_pct": 13.8, "pax_night": 1091, "veh_night": 212, "riders_night": 4271, "share_night_pct": 2.1 }, "geometry": { "type": "MultiLineString", "coordinates": [ [ [ -73.88298926149605, 40.747039722088566 ], [ -73.880284040430993, 40.745835413545528 ] ], [ [ -73.878319450774455, 40.744964779575724 ], [ -73.876745849203431, 40.744264888489369 ] ], [ [ -73.876745849203431, 40.744264888489369 ], [ -73.874685095821476, 40.743349333886194 ] ], [ [ -73.880284040430993, 40.745835413545528 ], [ -73.878319450774455, 40.744964779575724 ] ] ] } },
{ "type": "Feature", "properties": { "corridor_id": 219, "rank": 94, "name": "PITKIN AVENUE (Brooklyn)", "street": "PITKIN AVENUE", "borough": "Brooklyn", "n_blocks": 10, "n_routes": 2, "routes": [ "Q08", "Q112" ], "peak_period": "md", "hourly_pax": [ 460, 54, 0, 0, 0, 355, 1122, 1074, 1445, 1546, 3940, 3513, 3452, 2433, 3624, 1534, 1540, 2720, 2811, 1344, 1132, 699, 509, 470 ], "miles": 0.48, "pax_delay_min": 60978, "veh_delay_min": 15638, "riders_20d": 40602, "bus_trips_20d": 3932, "rider_block_crossings": 406022, "bus_block_crossings": 39323, "min_per_bus": 3.0, "sec_per_rider": 180, "riders_per_delayed_bus_min": 3.9, "riders_per_bus": 10.3, "pax_delay_per_mile": 128215, "veh_delay_per_mile": 32880, "buses_per_day": 197, "riders_per_day": 2030, "share_of_city_delay_pct": 0.305, "cum_share_pct": 69.91, "pax_am": 5188, "veh_am": 2358, "riders_am": 63223, "share_am_pct": 14.5, "pax_md": 16962, "veh_md": 3224, "riders_md": 108644, "share_md_pct": 47.4, "pax_pm": 8605, "veh_pm": 2945, "riders_pm": 90056, "share_pm_pct": 24.1, "pax_ev": 4154, "veh_ev": 1664, "riders_ev": 38545, "share_ev_pct": 11.6, "pax_night": 869, "veh_night": 729, "riders_night": 8158, "share_night_pct": 2.4 }, "geometry": { "type": "MultiLineString", "coordinates": [ [ [ -73.874351408859056, 40.675052638349925 ], [ -73.873429207726886, 40.675185237277695 ] ], [ [ -73.870994358586771, 40.675536984768748 ], [ -73.870072910198559, 40.675671025552852 ] ], [ [ -73.87527450805112, 40.674918826401516 ], [ -73.874351408859056, 40.675052638349925 ] ], [ [ -73.870072910198559, 40.675671025552852 ], [ -73.869150539364895, 40.675802562907272 ] ], [ [ -73.872648537855497, 40.675294214138354 ], [ -73.871914976809265, 40.675402648030008 ] ], [ [ -73.873429207726886, 40.675185237277695 ], [ -73.872648537855497, 40.675294214138354 ] ], [ [ -73.871914976809265, 40.675402648030008 ], [ -73.870994358586771, 40.675536984768748 ] ], [ [ -73.869150539364895, 40.675802562907272 ], [ -73.868226558145182, 40.675935517211478 ] ], [ [ -73.876192158020359, 40.674787351812732 ], [ -73.87527450805112, 40.674918826401516 ] ], [ [ -73.868226558145182, 40.675935517211478 ], [ -73.867297928291407, 40.67607211752474 ] ] ] } },
{ "type": "Feature", "properties": { "corridor_id": 334, "rank": 95, "name": "EAST 34 STREET (Manhattan)", "street": "EAST 34 STREET", "borough": "Manhattan", "n_blocks": 9, "n_routes": 22, "routes": [ "BM5", "M34+", "M34A+", "QM1", "QM10", "QM11", "QM12", "QM15", "QM16", "QM17", "QM18", "QM2", "QM20", "QM21", "QM24", "QM25", "QM4", "QM5", "QM6", "QM65", "QM7", "QM8" ], "peak_period": "am", "hourly_pax": [ 523, 98, 0, 0, 0, 254, 3029, 4272, 8247, 6837, 1941, 2114, 1763, 5300, 4737, 3750, 3645, 4863, 1902, 967, 1540, 1554, 2004, 921 ], "miles": 0.55, "pax_delay_min": 60375, "veh_delay_min": 8721, "riders_20d": 58299, "bus_trips_20d": 6450, "rider_block_crossings": 524692, "bus_block_crossings": 58050, "min_per_bus": 1.28, "sec_per_rider": 77, "riders_per_delayed_bus_min": 6.9, "riders_per_bus": 9.0, "pax_delay_per_mile": 109525, "veh_delay_per_mile": 15821, "buses_per_day": 322, "riders_per_day": 2915, "share_of_city_delay_pct": 0.302, "cum_share_pct": 70.21, "pax_am": 22386, "veh_am": 2014, "riders_am": 265248, "share_am_pct": 37.1, "pax_md": 15854, "veh_md": 2288, "riders_md": 69514, "share_md_pct": 26.3, "pax_pm": 14159, "veh_pm": 1749, "riders_pm": 88627, "share_pm_pct": 23.5, "pax_ev": 6985, "veh_ev": 1429, "riders_ev": 41765, "share_ev_pct": 11.6, "pax_night": 875, "veh_night": 174, "riders_night": 6827, "share_night_pct": 1.5 }, "geometry": { "type": "MultiLineString", "coordinates": [ [ [ -73.975224199841762, 40.744504682264889 ], [ -73.973508349415994, 40.743782033629877 ] ], [ [ -73.975881176685107, 40.744779224256142 ], [ -73.975224199841762, 40.744504682264889 ] ], [ [ -73.979723464907664, 40.746402875935793 ], [ -73.978123782047831, 40.7457271733848 ] ], [ [ -73.972108976152413, 40.743205491193621 ], [ -73.972061653096205, 40.743188030246323 ] ], [ [ -73.972230285564223, 40.743249026450684 ], [ -73.972108976152413, 40.743205491193621 ] ], [ [ -73.977359890474801, 40.745404215207472 ], [ -73.975881176685107, 40.744779224256142 ] ], [ [ -73.981259198986166, 40.747045705163536 ], [ -73.979723464907664, 40.746402875935793 ] ], [ [ -73.978123782047831, 40.7457271733848 ], [ -73.977359890474801, 40.745404215207472 ] ], [ [ -73.973508349415994, 40.743782033629877 ], [ -73.972230285564223, 40.743249026450684 ] ] ] } },
{ "type": "Feature", "properties": { "corridor_id": 56, "rank": 96, "name": "BARTOW AVENUE (Bronx)", "street": "BARTOW AVENUE", "borough": "Bronx", "n_blocks": 19, "n_routes": 11, "routes": [ "BX12", "BX12+", "BX23", "BX25", "BX26", "BX28", "BX30", "BX38", "BX5", "BXM7", "Q50" ], "peak_period": "pm", "hourly_pax": [ 161, 220, 238, 163, 314, 971, 1218, 1263, 1578, 1416, 2538, 2526, 3148, 3465, 4667, 5423, 4713, 5509, 3864, 2557, 2719, 2285, 1850, 934 ], "miles": 0.66, "pax_delay_min": 60240, "veh_delay_min": 6854, "riders_20d": 38281, "bus_trips_20d": 5672, "rider_block_crossings": 727338, "bus_block_crossings": 107759, "min_per_bus": 0.99, "sec_per_rider": 59, "riders_per_delayed_bus_min": 8.8, "riders_per_bus": 6.7, "pax_delay_per_mile": 91775, "veh_delay_per_mile": 10442, "buses_per_day": 284, "riders_per_day": 1914, "share_of_city_delay_pct": 0.302, "cum_share_pct": 70.51, "pax_am": 5475, "veh_am": 918, "riders_am": 108886, "share_am_pct": 10.2, "pax_md": 16343, "veh_md": 1966, "riders_md": 144586, "share_md_pct": 30.4, "pax_pm": 19509, "veh_pm": 1867, "riders_pm": 178190, "share_pm_pct": 36.3, "pax_ev": 10346, "veh_ev": 1305, "riders_ev": 103756, "share_ev_pct": 19.3, "pax_night": 2068, "veh_night": 336, "riders_night": 32994, "share_night_pct": 3.8 }, "geometry": { "type": "MultiLineString", "coordinates": [ [ [ -73.832621173541725, 40.86857261692888 ], [ -73.831838058580914, 40.86882495772408 ] ], [ [ -73.832780033598354, 40.868520015612532 ], [ -73.832685248707392, 40.868550692966089 ] ], [ [ -73.828780059634539, 40.869524950374263 ], [ -73.827526288940646, 40.869612735564075 ] ], [ [ -73.823620812053633, 40.869140603601586 ], [ -73.82354535933618, 40.869125981406512 ] ], [ [ -73.823728329998403, 40.869159200753451 ], [ -73.823620812053633, 40.869140603601586 ] ], [ [ -73.831838058580914, 40.86882495772408 ], [ -73.831769144208536, 40.868850979958118 ] ], [ [ -73.830502774225124, 40.869183325849214 ], [ -73.828780059634539, 40.869524950374263 ] ], [ [ -73.827526288940646, 40.869612735564075 ], [ -73.826268019740198, 40.869577971734181 ] ], [ [ -73.833493986819136, 40.868252945429127 ], [ -73.83318799737873, 40.868378220647422 ] ], [ [ -73.82617949336867, 40.869572408303753 ], [ -73.826079951216613, 40.869570015623388 ] ], [ [ -73.83318799737873, 40.868378220647422 ], [ -73.832780033598354, 40.868520015612532 ] ], [ [ -73.832685248707392, 40.868550692966089 ], [ -73.832621173541725, 40.86857261692888 ] ], [ [ -73.82354535933618, 40.869125981406512 ], [ -73.82223925444957, 40.868853766472526 ] ], [ [ -73.821611684074355, 40.868543138652193 ], [ -73.821539959344264, 40.868502009015558 ] ], [ [ -73.826268019740198, 40.869577971734181 ], [ -73.82617949336867, 40.869572408303753 ] ], [ [ -73.831703158801929, 40.86887285616173 ], [ -73.830502774225124, 40.869183325849214 ] ], [ [ -73.831769144208536, 40.868850979958118 ], [ -73.831703158801929, 40.86887285616173 ] ], [ [ -73.826079951216613, 40.869570015623388 ], [ -73.823728329998403, 40.869159200753451 ] ], [ [ -73.82223925444957, 40.868853766472526 ], [ -73.821611684074355, 40.868543138652193 ] ] ] } },
{ "type": "Feature", "properties": { "corridor_id": 341, "rank": 97, "name": "5 AVENUE (Manhattan)", "street": "5 AVENUE", "borough": "Manhattan", "n_blocks": 35, "n_routes": 14, "routes": [ "BXM1", "BXM11", "BXM18", "BXM2", "BXM3", "BXM4", "BXM6", "BXM7", "BXM8", "BXM9", "M1", "M2", "M3", "M4" ], "peak_period": "am", "hourly_pax": [ 239, 94, 5, 15, 73, 813, 6844, 10759, 7627, 4551, 2307, 3737, 2050, 3486, 2217, 590, 781, 845, 876, 1231, 1115, 1334, 1211, 932 ], "miles": 0.96, "pax_delay_min": 59104, "veh_delay_min": 6770, "riders_20d": 76970, "bus_trips_20d": 9254, "rider_block_crossings": 2693949, "bus_block_crossings": 323892, "min_per_bus": 0.61, "sec_per_rider": 36, "riders_per_delayed_bus_min": 8.7, "riders_per_bus": 8.3, "pax_delay_per_mile": 61736, "veh_delay_per_mile": 7072, "buses_per_day": 463, "riders_per_day": 3848, "share_of_city_delay_pct": 0.296, "cum_share_pct": 70.81, "pax_am": 29782, "veh_am": 1671, "riders_am": 1276630, "share_am_pct": 55.4, "pax_md": 13798, "veh_md": 1808, "riders_md": 486339, "share_md_pct": 25.7, "pax_pm": 3092, "veh_pm": 744, "riders_pm": 242214, "share_pm_pct": 5.8, "pax_ev": 5823, "veh_ev": 1614, "riders_ev": 190322, "share_ev_pct": 10.8, "pax_night": 1241, "veh_night": 267, "riders_night": 47561, "share_night_pct": 2.3 }, "geometry": { "type": "MultiLineString", "coordinates": [ [ [ -73.952522226994773, 40.792347622113915 ], [ -73.952071271449555, 40.792981171548711 ] ], [ [ -73.952071271449555, 40.792981171548711 ], [ -73.951602654161803, 40.793607805180407 ] ], [ [ -73.947280182978986, 40.799541788660946 ], [ -73.946973667984992, 40.799961702839013 ] ], [ [ -73.95111102427677, 40.794285034696301 ], [ -73.950628854894134, 40.794959591361142 ] ], [ [ -73.950628854894134, 40.794959591361142 ], [ -73.950158212821322, 40.795587731513777 ] ], [ [ -73.946973667984992, 40.799961702839013 ], [ -73.946461338603044, 40.800665305266413 ] ], [ [ -73.952977406183095, 40.791719692690037 ], [ -73.952522226994773, 40.792347622113915 ] ], [ [ -73.946461338603044, 40.800665305266413 ], [ -73.945967897378353, 40.801342394645751 ] ], [ [ -73.949422878275996, 40.796606384239269 ], [ -73.949233270934627, 40.796871999980745 ] ], [ [ -73.945967897378353, 40.801342394645751 ], [ -73.945508639150546, 40.801970231261201 ] ], [ [ -73.948787028278502, 40.797482838488719 ], [ -73.94831125470013, 40.798129217461181 ] ], [ [ -73.951602654161803, 40.793607805180407 ], [ -73.95111102427677, 40.794285034696301 ] ], [ [ -73.949065178743922, 40.797100494218022 ], [ -73.948787028278502, 40.797482838488719 ] ], [ [ -73.949686830022983, 40.796216984821079 ], [ -73.949422878275996, 40.796606384239269 ] ], [ [ -73.949233270934627, 40.796871999980745 ], [ -73.949065178743922, 40.797100494218022 ] ], [ [ -73.945508639150546, 40.801970231261201 ], [ -73.945051279684023, 40.80259859882139 ] ], [ [ -73.94831125470013, 40.798129217461181 ], [ -73.948206415368446, 40.798272850616982 ] ], [ [ -73.948206415368446, 40.798272850616982 ], [ -73.948153843314216, 40.798344876100487 ] ], [ [ -73.948153843314216, 40.798344876100487 ], [ -73.948101090364517, 40.79841714850329 ] ], [ [ -73.948101090364517, 40.79841714850329 ], [ -73.948051302136349, 40.798485359470732 ] ], [ [ -73.948051302136349, 40.798485359470732 ], [ -73.947846791205635, 40.798765542567494 ] ], [ [ -73.947816630593294, 40.798806862875665 ], [ -73.94775716473022, 40.79888833158202 ] ], [ [ -73.94775716473022, 40.79888833158202 ], [ -73.947710559786927, 40.798952180546053 ] ], [ [ -73.947710559786927, 40.798952180546053 ], [ -73.94741996241271, 40.799350295206445 ] ], [ [ -73.94741996241271, 40.799350295206445 ], [ -73.94737599849357, 40.799410524116063 ] ], [ [ -73.94737599849357, 40.799410524116063 ], [ -73.947327715105658, 40.799476671412549 ] ], [ [ -73.947327715105658, 40.799476671412549 ], [ -73.947280182978986, 40.799541788660946 ] ], [ [ -73.947846791205635, 40.798765542567494 ], [ -73.947816630593294, 40.798806862875665 ] ], [ [ -73.945051279684023, 40.80259859882139 ], [ -73.944759765337622, 40.803003040950884 ] ], [ [ -73.944759765337622, 40.803003040950884 ], [ -73.944599152811193, 40.803225047910388 ] ], [ [ -73.950158212821322, 40.795587731513777 ], [ -73.94991693313402, 40.795909819730106 ] ], [ [ -73.94991693313402, 40.795909819730106 ], [ -73.949686830022983, 40.796216984821079 ] ], [ [ -73.9534368385183, 40.791085141464492 ], [ -73.953160449809459, 40.791466881422863 ] ], [ [ -73.953160449809459, 40.791466881422863 ], [ -73.953098275993568, 40.791552753048968 ] ], [ [ -73.953098275993568, 40.791552753048968 ], [ -73.952977406183095, 40.791719692690037 ] ] ] } },
{ "type": "Feature", "properties": { "corridor_id": 183, "rank": 98, "name": "CHURCH AVENUE (Brooklyn)", "street": "CHURCH AVENUE", "borough": "Brooklyn", "n_blocks": 21, "n_routes": 6, "routes": [ "B103", "B35", "BM1", "BM2", "BM3", "BM4" ], "peak_period": "pm", "hourly_pax": [ 928, 572, 149, 80, 126, 270, 1406, 2341, 4794, 3442, 4117, 4762, 3982, 6077, 4773, 7313, 10051, 10180, 11701, 3816, 2452, 2093, 1706, 1192 ], "miles": 0.91, "pax_delay_min": 58467, "veh_delay_min": 5683, "riders_20d": 53282, "bus_trips_20d": 7826, "rider_block_crossings": 1118919, "bus_block_crossings": 164339, "min_per_bus": 0.46, "sec_per_rider": 27, "riders_per_delayed_bus_min": 10.3, "riders_per_bus": 6.8, "pax_delay_per_mile": 63987, "veh_delay_per_mile": 6220, "buses_per_day": 391, "riders_per_day": 2664, "share_of_city_delay_pct": 0.293, "cum_share_pct": 71.1, "pax_am": 11984, "veh_am": 1493, "riders_am": 243155, "share_am_pct": 13.6, "pax_md": 23710, "veh_md": 2756, "riders_md": 241379, "share_md_pct": 26.8, "pax_pm": 39245, "veh_pm": 3518, "riders_pm": 264652, "share_pm_pct": 44.4, "pax_ev": 11259, "veh_ev": 2138, "riders_ev": 122378, "share_ev_pct": 12.7, "pax_night": 2125, "veh_night": 403, "riders_night": 32972, "share_night_pct": 2.4 }, "geometry": { "type": "MultiLineString", "coordinates": [ [ [ -73.96100797084901, 40.650082602518431 ], [ -73.959976582806419, 40.650208861231356 ] ], [ [ -73.965784212713146, 40.648375525938839 ], [ -73.964903571336635, 40.648720969093681 ] ], [ [ -73.974423693424342, 40.644913064730595 ], [ -73.974139969687869, 40.645029753442188 ] ], [ [ -73.971743981724515, 40.646001110228703 ], [ -73.970841138078384, 40.646378571028016 ] ], [ [ -73.97310135372652, 40.645450975782687 ], [ -73.97208574774632, 40.64586232461798 ] ], [ [ -73.962185739745379, 40.649788797012846 ], [ -73.96100797084901, 40.650082602518431 ] ], [ [ -73.963074640859404, 40.649439549478934 ], [ -73.962185739745379, 40.649788797012846 ] ], [ [ -73.970323397414447, 40.646597408696699 ], [ -73.969307303183726, 40.646991460447701 ] ], [ [ -73.970841138078384, 40.646378571028016 ], [ -73.970323397414447, 40.646597408696699 ] ], [ [ -73.974139969687869, 40.645029753442188 ], [ -73.97310135372652, 40.645450975782687 ] ], [ [ -73.964903571336635, 40.648720969093681 ], [ -73.963983905609524, 40.649084691928749 ] ], [ [ -73.966665046292036, 40.648028877987628 ], [ -73.965784212713146, 40.648375525938839 ] ], [ [ -73.959976582806419, 40.650208861231356 ], [ -73.958707898749353, 40.650387273241044 ] ], [ [ -73.968427396694381, 40.647335409391196 ], [ -73.967545847678039, 40.647682916602569 ] ], [ [ -73.97208574774632, 40.64586232461798 ], [ -73.971743981724515, 40.646001110228703 ] ], [ [ -73.967545847678039, 40.647682916602569 ], [ -73.966665046292036, 40.648028877987628 ] ], [ [ -73.969307303183726, 40.646991460447701 ], [ -73.968427396694381, 40.647335409391196 ] ], [ [ -73.963983905609524, 40.649084691928749 ], [ -73.963484644411864, 40.649279363347659 ] ], [ [ -73.963484644411864, 40.649279363347659 ], [ -73.963354369033311, 40.649330159693179 ] ], [ [ -73.963354369033311, 40.649330159693179 ], [ -73.963238121339757, 40.649375619575899 ] ], [ [ -73.963238121339757, 40.649375619575899 ], [ -73.963074640859404, 40.649439549478934 ] ] ] } },
{ "type": "Feature", "properties": { "corridor_id": 206, "rank": 99, "name": "FORT HAMILTON PARKWAY (Brooklyn)", "street": "FORT HAMILTON PARKWAY", "borough": "Brooklyn", "n_blocks": 28, "n_routes": 6, "routes": [ "B16", "B70", "B8", "S53", "S79+", "S93" ], "peak_period": "am", "hourly_pax": [ 805, 253, 168, 202, 195, 880, 3812, 4948, 4601, 4445, 2938, 3210, 3276, 3259, 3105, 2518, 2538, 2758, 3170, 1495, 1081, 857, 704, 585 ], "miles": 1.03, "pax_delay_min": 57762, "veh_delay_min": 7337, "riders_20d": 27788, "bus_trips_20d": 3694, "rider_block_crossings": 778063, "bus_block_crossings": 103433, "min_per_bus": 1.25, "sec_per_rider": 75, "riders_per_delayed_bus_min": 7.9, "riders_per_bus": 7.5, "pax_delay_per_mile": 55879, "veh_delay_per_mile": 7098, "buses_per_day": 185, "riders_per_day": 1389, "share_of_city_delay_pct": 0.289, "cum_share_pct": 71.39, "pax_am": 17806, "veh_am": 1819, "riders_am": 172289, "share_am_pct": 34.4, "pax_md": 15788, "veh_md": 1729, "riders_md": 183781, "share_md_pct": 30.5, "pax_pm": 10983, "veh_pm": 1566, "riders_pm": 154933, "share_pm_pct": 21.2, "pax_ev": 4722, "veh_ev": 1096, "riders_ev": 67039, "share_ev_pct": 9.1, "pax_night": 2503, "veh_night": 621, "riders_night": 25478, "share_night_pct": 4.8 }, "geometry": { "type": "MultiLineString", "coordinates": [ [ [ -74.027488559807864, 40.616984244766016 ], [ -74.027774458972843, 40.616715562915978 ] ], [ [ -74.026359955771795, 40.618253850048504 ], [ -74.027488559807864, 40.616984244766016 ] ], [ [ -74.022896651644601, 40.62148341695935 ], [ -74.022977884462108, 40.621431395733367 ] ], [ [ -74.025373167526681, 40.619403883746102 ], [ -74.026359955771795, 40.618253850048504 ] ], [ [ -74.020086672626746, 40.622420952055393 ], [ -74.020582005517028, 40.622343014473671 ] ], [ [ -74.022977884462108, 40.621431395733367 ], [ -74.023696746944694, 40.620949192462739 ] ], [ [ -74.021612861350661, 40.622183801962819 ], [ -74.022317903496074, 40.621917050287351 ] ], [ [ -74.020679017636908, 40.622325950263139 ], [ -74.020974615283791, 40.622276070514054 ] ], [ [ -74.025032143051604, 40.619792361976018 ], [ -74.025130685733117, 40.619680108395386 ] ], [ [ -74.024838835885092, 40.620012554348193 ], [ -74.024939376106943, 40.619898031108633 ] ], [ [ -74.028700357894948, 40.615629982761824 ], [ -74.029402047913862, 40.614813834320479 ] ], [ [ -74.030854139265401, 40.613122239123989 ], [ -74.031378089788319, 40.612508779346406 ] ], [ [ -74.03016416676634, 40.613927011120062 ], [ -74.030854139265401, 40.613122239123989 ] ], [ [ -74.024466441022923, 40.620436752331791 ], [ -74.024838835885092, 40.620012554348193 ] ], [ [ -74.020582005517028, 40.622343014473671 ], [ -74.020679017636908, 40.622325950263139 ] ], [ [ -74.021200643860638, 40.622244916294029 ], [ -74.021612861350661, 40.622183801962819 ] ], [ [ -74.023696746944694, 40.620949192462739 ], [ -74.024466441022923, 40.620436752331791 ] ], [ [ -74.025130685733117, 40.619680108395386 ], [ -74.025373167526681, 40.619403883746102 ] ], [ [ -74.020974615283791, 40.622276070514054 ], [ -74.021097011860078, 40.622255417167914 ] ], [ [ -74.027774458972843, 40.616715562915978 ], [ -74.028700357894948, 40.615629982761824 ] ], [ [ -74.019387029234068, 40.622891818694953 ], [ -74.020086672626746, 40.622420952055393 ] ], [ [ -74.022317903496074, 40.621917050287351 ], [ -74.022773834641754, 40.621581553382448 ] ], [ [ -74.029402047913862, 40.614813834320479 ], [ -74.03016416676634, 40.613927011120062 ] ], [ [ -74.021650210348454, 40.622448646992019 ], [ -74.022317903496074, 40.621917050287351 ] ], [ [ -74.024939376106943, 40.619898031108633 ], [ -74.025032143051604, 40.619792361976018 ] ], [ [ -74.022773834641754, 40.621581553382448 ], [ -74.022896651644601, 40.62148341695935 ] ], [ [ -74.021097011860078, 40.622255417167914 ], [ -74.021129459180742, 40.622252129536299 ] ], [ [ -74.021129459180742, 40.622252129536299 ], [ -74.021200643860638, 40.622244916294029 ] ] ] } },
{ "type": "Feature", "properties": { "corridor_id": 339, "rank": 100, "name": "MADISON AVENUE (Manhattan)", "street": "MADISON AVENUE", "borough": "Manhattan", "n_blocks": 47, "n_routes": 10, "routes": [ "BXM11", "BXM18", "BXM2", "BXM3", "BXM4", "M1", "M106", "M2", "M3", "M4" ], "peak_period": "pm", "hourly_pax": [ 587, 205, 20, 6, 13, 187, 569, 803, 2028, 1409, 2658, 2819, 3058, 3585, 4350, 6985, 5337, 3693, 3066, 1535, 1806, 1618, 1261, 1708 ], "miles": 0.9, "pax_delay_min": 56272, "veh_delay_min": 6191, "riders_20d": 63353, "bus_trips_20d": 7219, "rider_block_crossings": 2977582, "bus_block_crossings": 339308, "min_per_bus": 0.75, "sec_per_rider": 45, "riders_per_delayed_bus_min": 9.1, "riders_per_bus": 8.8, "pax_delay_per_mile": 62628, "veh_delay_per_mile": 6890, "buses_per_day": 361, "riders_per_day": 3168, "share_of_city_delay_pct": 0.282, "cum_share_pct": 71.67, "pax_am": 4810, "veh_am": 766, "riders_am": 180213, "share_am_pct": 9.8, "pax_md": 16469, "veh_md": 1934, "riders_md": 563106, "share_md_pct": 33.4, "pax_pm": 19080, "veh_pm": 1596, "riders_pm": 998577, "share_pm_pct": 38.7, "pax_ev": 7927, "veh_ev": 1091, "riders_ev": 515909, "share_ev_pct": 16.1, "pax_night": 1018, "veh_night": 137, "riders_night": 83024, "share_night_pct": 2.1 }, "geometry": { "type": "MultiLineString", "coordinates": [ [ [ -73.948632811979977, 40.794804054130495 ], [ -73.948555497594441, 40.794910175367001 ] ], [ [ -73.951371209002048, 40.791049098245885 ], [ -73.950917371135219, 40.791674393338852 ] ], [ [ -73.948555497594441, 40.794910175367001 ], [ -73.94808516535582, 40.795536417734873 ] ], [ [ -73.953210063946713, 40.78853293261615 ], [ -73.952742319364916, 40.789168612251984 ] ], [ [ -73.949999852883423, 40.792931494104131 ], [ -73.949741174070809, 40.793286341674808 ] ], [ [ -73.945993431693296, 40.798418351359288 ], [ -73.945632650169003, 40.798912298980191 ] ], [ [ -73.951566723128067, 40.790783173828117 ], [ -73.951371209002048, 40.791049098245885 ] ], [ [ -73.947645282068976, 40.796156318460895 ], [ -73.947175759520022, 40.796797149447812 ] ], [ [ -73.950214276609955, 40.792637885099523 ], [ -73.949999852883423, 40.792931494104131 ] ], [ [ -73.952187415465758, 40.789932894447169 ], [ -73.951834639148316, 40.790418770930742 ] ], [ [ -73.947175759520022, 40.796797149447812 ], [ -73.946700309800534, 40.797450543284739 ] ], [ [ -73.950917371135219, 40.791674393338852 ], [ -73.950459540639713, 40.792302044242035 ] ], [ [ -73.94781651178522, 40.795922138953593 ], [ -73.947645282068976, 40.796156318460895 ] ], [ [ -73.94950835590187, 40.793605709517401 ], [ -73.949013411249666, 40.79428164081628 ] ], [ [ -73.953668647784312, 40.787899720893677 ], [ -73.953210063946713, 40.78853293261615 ] ], [ [ -73.94808516535582, 40.795536417734873 ], [ -73.947885904465494, 40.795827234552014 ] ], [ [ -73.947885904465494, 40.795827234552014 ], [ -73.94781651178522, 40.795922138953593 ] ], [ [ -73.949013411249666, 40.79428164081628 ], [ -73.948963641416313, 40.794349955430384 ] ], [ [ -73.948963641416313, 40.794349955430384 ], [ -73.948925578426397, 40.794402200973835 ] ], [ [ -73.948925578426397, 40.794402200973835 ], [ -73.948845130072826, 40.794512625856512 ] ], [ [ -73.948845130072826, 40.794512625856512 ], [ -73.948632811979977, 40.794804054130495 ] ], [ [ -73.946700309800534, 40.797450543284739 ], [ -73.946629870156798, 40.79754698570887 ] ], [ [ -73.946629870156798, 40.79754698570887 ], [ -73.946513384834191, 40.797706470713784 ] ], [ [ -73.946513384834191, 40.797706470713784 ], [ -73.946460206157852, 40.79777927959389 ] ], [ [ -73.946460206157852, 40.79777927959389 ], [ -73.946309656750287, 40.797985401808084 ] ], [ [ -73.946042422856067, 40.798351276674531 ], [ -73.945993431693296, 40.798418351359288 ] ], [ [ -73.945441460374667, 40.799174053778572 ], [ -73.945399615169023, 40.799231343061521 ] ], [ [ -73.945632650169003, 40.798912298980191 ], [ -73.945590892073284, 40.798969469254679 ] ], [ [ -73.945590892073284, 40.798969469254679 ], [ -73.945546787931079, 40.799029851383928 ] ], [ [ -73.945546787931079, 40.799029851383928 ], [ -73.945503359876696, 40.799089308567673 ] ], [ [ -73.945503359876696, 40.799089308567673 ], [ -73.945441460374667, 40.799174053778572 ] ], [ [ -73.945399615169023, 40.799231343061521 ], [ -73.945359063657932, 40.799286862043594 ] ], [ [ -73.952742319364916, 40.789168612251984 ], [ -73.952615545957585, 40.78934322232633 ] ], [ [ -73.952615545957585, 40.78934322232633 ], [ -73.95255572035002, 40.789425622018065 ] ], [ [ -73.95255572035002, 40.789425622018065 ], [ -73.95224336103783, 40.789855840082758 ] ], [ [ -73.95224336103783, 40.789855840082758 ], [ -73.952187415465758, 40.789932894447169 ] ], [ [ -73.951834639148316, 40.790418770930742 ], [ -73.951785743856576, 40.790485275644791 ] ], [ [ -73.951785743856576, 40.790485275644791 ], [ -73.951738331308107, 40.790549763580735 ] ], [ [ -73.951738331308107, 40.790549763580735 ], [ -73.951694585651637, 40.790609263660457 ] ], [ [ -73.951694585651637, 40.790609263660457 ], [ -73.951607930601128, 40.790727126702876 ] ], [ [ -73.951607930601128, 40.790727126702876 ], [ -73.951566723128067, 40.790783173828117 ] ], [ [ -73.950459540639713, 40.792302044242035 ], [ -73.95025041819035, 40.792588397016424 ] ], [ [ -73.95025041819035, 40.792588397016424 ], [ -73.950214276609955, 40.792637885099523 ] ], [ [ -73.94969442811751, 40.793350465631825 ], [ -73.94950835590187, 40.793605709517401 ] ], [ [ -73.949741174070809, 40.793286341674808 ], [ -73.94969442811751, 40.793350465631825 ] ], [ [ -73.946309656750287, 40.797985401808084 ], [ -73.946245035908305, 40.798073876008274 ] ], [ [ -73.946245035908305, 40.798073876008274 ], [ -73.946042422856067, 40.798351276674531 ] ] ] } },
{ "type": "Feature", "properties": { "corridor_id": 485, "rank": 101, "name": "SEAGIRT BOULEVARD (Queens)", "street": "SEAGIRT BOULEVARD", "borough": "Queens", "n_blocks": 28, "n_routes": 4, "routes": [ "Q113", "Q114", "Q22", "QM17" ], "peak_period": "pm", "hourly_pax": [ 365, 738, 1034, 520, 972, 972, 651, 933, 741, 877, 2669, 3394, 2913, 2502, 1352, 3139, 6661, 5074, 4255, 2629, 1419, 800, 679, 305 ], "miles": 1.25, "pax_delay_min": 55648, "veh_delay_min": 16050, "riders_20d": 25738, "bus_trips_20d": 2105, "rider_block_crossings": 720672, "bus_block_crossings": 58944, "min_per_bus": 6.82, "sec_per_rider": 409, "riders_per_delayed_bus_min": 3.5, "riders_per_bus": 12.2, "pax_delay_per_mile": 44586, "veh_delay_per_mile": 12859, "buses_per_day": 105, "riders_per_day": 1287, "share_of_city_delay_pct": 0.279, "cum_share_pct": 71.95, "pax_am": 3202, "veh_am": 2473, "riders_am": 126605, "share_am_pct": 7.0, "pax_md": 12830, "veh_md": 1821, "riders_md": 171104, "share_md_pct": 28.1, "pax_pm": 19129, "veh_pm": 3124, "riders_pm": 143481, "share_pm_pct": 42.0, "pax_ev": 5832, "veh_ev": 1797, "riders_ev": 69322, "share_ev_pct": 12.8, "pax_night": 4601, "veh_night": 1730, "riders_night": 29211, "share_night_pct": 10.1 }, "geometry": { "type": "MultiLineString", "coordinates": [ [ [ -73.745767030173113, 40.596093516148173 ], [ -73.747103318163866, 40.595655458799811 ] ], [ [ -73.751252030299128, 40.595213899436544 ], [ -73.753202809128268, 40.595212963731662 ] ], [ [ -73.757899471919558, 40.595462224224406 ], [ -73.758247768667218, 40.595525805098802 ] ], [ [ -73.760155115702048, 40.59614691446874 ], [ -73.760425289149424, 40.596195457842299 ] ], [ [ -73.765567044453718, 40.595961975150558 ], [ -73.766478121803004, 40.59622576557453 ] ], [ [ -73.745319839086946, 40.596221950604807 ], [ -73.745564602555362, 40.596151952819746 ] ], [ [ -73.745564602555362, 40.596151952819746 ], [ -73.745767030173113, 40.596093516148173 ] ], [ [ -73.757436295608159, 40.595409287422285 ], [ -73.757899471919558, 40.595462224224406 ] ], [ [ -73.759278487606551, 40.595913375980764 ], [ -73.759622157197398, 40.596026201875802 ] ], [ [ -73.747103318163866, 40.595655458799811 ], [ -73.748207701230029, 40.595363978996573 ] ], [ [ -73.763871114092012, 40.595986508715761 ], [ -73.764665170754569, 40.595907847001783 ] ], [ [ -73.760425289149424, 40.596195457842299 ], [ -73.761316178277781, 40.596232558323351 ] ], [ [ -73.749943616772725, 40.595227674371756 ], [ -73.751252030299128, 40.595213899436544 ] ], [ [ -73.759628081529598, 40.596237999877808 ], [ -73.760155115702048, 40.59614691446874 ] ], [ [ -73.758247768667218, 40.595525805098802 ], [ -73.759278487606551, 40.595913375980764 ] ], [ [ -73.766478121803004, 40.59622576557453 ], [ -73.766650032333004, 40.596315077587803 ] ], [ [ -73.748207701230029, 40.595363978996573 ], [ -73.749943616772725, 40.595227674371756 ] ], [ [ -73.753202809128268, 40.595212963731662 ], [ -73.753995934205278, 40.595218185390962 ] ], [ [ -73.761316178277781, 40.596232558323351 ], [ -73.762171980922759, 40.596173493418327 ] ], [ [ -73.762171980922759, 40.596173493418327 ], [ -73.763013710275814, 40.596081550113951 ] ], [ [ -73.764665170754569, 40.595907847001783 ], [ -73.765567044453718, 40.595961975150558 ] ], [ [ -73.763013710275814, 40.596081550113951 ], [ -73.763871114092012, 40.595986508715761 ] ], [ [ -73.744168688137009, 40.596551155005095 ], [ -73.745319839086946, 40.596221950604807 ] ], [ [ -73.756021277784939, 40.595295877811566 ], [ -73.757436295608159, 40.595409287422285 ] ], [ [ -73.759622157197398, 40.596026201875802 ], [ -73.760155115702048, 40.59614691446874 ] ], [ [ -73.766703903109445, 40.596337636751436 ], [ -73.766650032333004, 40.596315077587803 ] ], [ [ -73.753995934205278, 40.595218185390962 ], [ -73.754454380445893, 40.595235774736764 ] ], [ [ -73.754454380445893, 40.595235774736764 ], [ -73.756021277784939, 40.595295877811566 ] ] ] } },
{ "type": "Feature", "properties": { "corridor_id": 216, "rank": 102, "name": "EAST 80 STREET (Brooklyn)", "street": "EAST 80 STREET", "borough": "Brooklyn", "n_blocks": 19, "n_routes": 3, "routes": [ "B103", "B17", "BM2" ], "peak_period": "pm", "hourly_pax": [ 568, 289, 107, 0, 0, 599, 1339, 1440, 2408, 2529, 2266, 3321, 2669, 3814, 2029, 2841, 4767, 7034, 7695, 2777, 2397, 1400, 1148, 817 ], "miles": 0.84, "pax_delay_min": 55646, "veh_delay_min": 4327, "riders_20d": 70659, "bus_trips_20d": 5514, "rider_block_crossings": 1342523, "bus_block_crossings": 104760, "min_per_bus": 1.08, "sec_per_rider": 65, "riders_per_delayed_bus_min": 12.9, "riders_per_bus": 12.8, "pax_delay_per_mile": 66255, "veh_delay_per_mile": 5151, "buses_per_day": 276, "riders_per_day": 3533, "share_of_city_delay_pct": 0.279, "cum_share_pct": 72.23, "pax_am": 7716, "veh_am": 664, "riders_am": 280166, "share_am_pct": 14.2, "pax_md": 14099, "veh_md": 990, "riders_md": 270919, "share_md_pct": 26.0, "pax_pm": 22337, "veh_pm": 1255, "riders_pm": 355240, "share_pm_pct": 41.2, "pax_ev": 8540, "veh_ev": 1248, "riders_ev": 144101, "share_ev_pct": 15.7, "pax_night": 1563, "veh_night": 159, "riders_night": 37672, "share_night_pct": 2.9 }, "geometry": { "type": "MultiLineString", "coordinates": [ [ [ -73.907025730205532, 40.630683900675905 ], [ -73.906519659924911, 40.630457811194034 ] ], [ [ -73.912937625137047, 40.635203221686574 ], [ -73.912145794904134, 40.634492812034885 ] ], [ [ -73.910280362465542, 40.632817908621568 ], [ -73.909597095489602, 40.632204713848502 ] ], [ [ -73.912145794904134, 40.634492812034885 ], [ -73.911436920028891, 40.633856825365072 ] ], [ [ -73.904038193205224, 40.629337429345576 ], [ -73.903222649662354, 40.628970044988847 ] ], [ [ -73.913277770592956, 40.635508385243241 ], [ -73.912937625137047, 40.635203221686574 ] ], [ [ -73.914943838015233, 40.637006590166777 ], [ -73.914837204923657, 40.636910696171228 ] ], [ [ -73.90448104620954, 40.62953950510876 ], [ -73.904038193205224, 40.629337429345576 ] ], [ [ -73.911436920028891, 40.633856825365072 ], [ -73.910889766278189, 40.633367861950802 ] ], [ [ -73.907351388983599, 40.630830354108639 ], [ -73.907025730205532, 40.630683900675905 ] ], [ [ -73.908180898673848, 40.631208391143922 ], [ -73.907351388983599, 40.630830354108639 ] ], [ [ -73.909597095489602, 40.632204713848502 ], [ -73.908943191787316, 40.631616501264922 ] ], [ [ -73.913603678876242, 40.635801461661501 ], [ -73.913277770592956, 40.635508385243241 ] ], [ [ -73.904853774701422, 40.629708490887204 ], [ -73.90448104620954, 40.62953950510876 ] ], [ [ -73.908943191787316, 40.631616501264922 ], [ -73.908180898673848, 40.631208391143922 ] ], [ [ -73.906519659924911, 40.630457811194034 ], [ -73.905709902845118, 40.630091340484547 ] ], [ [ -73.905709902845118, 40.630091340484547 ], [ -73.904853774701422, 40.629708490887204 ] ], [ [ -73.914837204923657, 40.636910696171228 ], [ -73.913603678876242, 40.635801461661501 ] ], [ [ -73.910889766278189, 40.633367861950802 ], [ -73.910280362465542, 40.632817908621568 ] ] ] } },
{ "type": "Feature", "properties": { "corridor_id": 11, "rank": 103, "name": "DEVOE AVENUE (Bronx)", "street": "DEVOE AVENUE", "borough": "Bronx", "n_blocks": 5, "n_routes": 3, "routes": [ "BX9", "BXM10", "Q44+" ], "peak_period": "ev", "hourly_pax": [ 1436, 1763, 1148, 410, 1613, 3013, 2612, 2945, 2749, 2673, 1013, 1057, 911, 737, 1043, 1256, 1442, 1436, 1030, 3329, 2314, 2342, 1972, 1899 ], "miles": 0.25, "pax_delay_min": 55540, "veh_delay_min": 20983, "riders_20d": 17549, "bus_trips_20d": 5518, "rider_block_crossings": 87747, "bus_block_crossings": 27592, "min_per_bus": 3.59, "sec_per_rider": 215, "riders_per_delayed_bus_min": 2.6, "riders_per_bus": 3.2, "pax_delay_per_mile": 224492, "veh_delay_per_mile": 84813, "buses_per_day": 276, "riders_per_day": 877, "share_of_city_delay_pct": 0.278, "cum_share_pct": 72.51, "pax_am": 10980, "veh_am": 4574, "riders_am": 16647, "share_am_pct": 26.1, "pax_md": 4762, "veh_md": 3262, "riders_md": 10921, "share_md_pct": 11.3, "pax_pm": 5163, "veh_pm": 2993, "riders_pm": 14306, "share_pm_pct": 12.3, "pax_ev": 11855, "veh_ev": 3134, "riders_ev": 15884, "share_ev_pct": 28.1, "pax_night": 9384, "veh_night": 2568, "riders_night": 7256, "share_night_pct": 22.3 }, "geometry": { "type": "MultiLineString", "coordinates": [ [ [ -73.878163249182762, 40.838845919844765 ], [ -73.8777441931434, 40.839477767503695 ] ], [ [ -73.877387402303796, 40.840003634833629 ], [ -73.876908638272042, 40.840755571090462 ] ], [ [ -73.87650281309503, 40.841400836090848 ], [ -73.876084486548805, 40.842064769417114 ] ], [ [ -73.8777441931434, 40.839477767503695 ], [ -73.877387402303796, 40.840003634833629 ] ], [ [ -73.876908638272042, 40.840755571090462 ], [ -73.87650281309503, 40.841400836090848 ] ] ] } },
{ "type": "Feature", "properties": { "corridor_id": 31, "rank": 104, "name": "SEDGWICK AVENUE (Bronx)", "street": "SEDGWICK AVENUE", "borough": "Bronx", "n_blocks": 19, "n_routes": 4, "routes": [ "BX18A", "BX18B", "BX40", "BX42" ], "peak_period": "am", "hourly_pax": [ 253, 106, 72, 108, 59, 386, 1644, 5490, 5125, 2907, 3615, 2487, 2386, 2747, 2364, 2203, 3282, 3494, 4157, 1267, 928, 663, 751, 384 ], "miles": 0.85, "pax_delay_min": 55498, "veh_delay_min": 18854, "riders_20d": 30911, "bus_trips_20d": 6175, "rider_block_crossings": 587305, "bus_block_crossings": 117324, "min_per_bus": 2.11, "sec_per_rider": 126, "riders_per_delayed_bus_min": 2.9, "riders_per_bus": 5.0, "pax_delay_per_mile": 65313, "veh_delay_per_mile": 22189, "buses_per_day": 309, "riders_per_day": 1546, "share_of_city_delay_pct": 0.278, "cum_share_pct": 72.79, "pax_am": 15166, "veh_am": 4154, "riders_am": 119286, "share_am_pct": 32.4, "pax_md": 13599, "veh_md": 4134, "riders_md": 139122, "share_md_pct": 29.0, "pax_pm": 13137, "veh_pm": 3075, "riders_pm": 126416, "share_pm_pct": 28.0, "pax_ev": 3993, "veh_ev": 2886, "riders_ev": 67586, "share_ev_pct": 8.5, "pax_night": 983, "veh_night": 581, "riders_night": 21459, "share_night_pct": 2.1 }, "geometry": { "type": "MultiLineString", "coordinates": [ [ [ -73.922420151456691, 40.850123274429492 ], [ -73.922127331675981, 40.850484634405795 ] ], [ [ -73.924424233491635, 40.847727902155896 ], [ -73.923489147888773, 40.848983789129356 ] ], [ [ -73.922127331675981, 40.850484634405795 ], [ -73.92069622779816, 40.852141086221565 ] ], [ [ -73.925316682793209, 40.84608981388692 ], [ -73.925253990161153, 40.846213218402845 ] ], [ [ -73.917911690903622, 40.853467354569133 ], [ -73.917199680364888, 40.854327139603335 ] ], [ [ -73.917199680364888, 40.854327139603335 ], [ -73.916789828714855, 40.854872875442943 ] ], [ [ -73.917998339398437, 40.853281914833289 ], [ -73.917911690903622, 40.853467354569133 ] ], [ [ -73.925253990161153, 40.846213218402845 ], [ -73.924424233491635, 40.847727902155896 ] ], [ [ -73.919096373227575, 40.852674615192456 ], [ -73.918837947149044, 40.852770777178058 ] ], [ [ -73.918837947149044, 40.852770777178058 ], [ -73.918615055495565, 40.852844415913253 ] ], [ [ -73.917199680364888, 40.854327139603335 ], [ -73.916361647780988, 40.854654097872505 ] ], [ [ -73.925479560384701, 40.845797352103631 ], [ -73.925316682793209, 40.84608981388692 ] ], [ [ -73.918254276026133, 40.853027448327254 ], [ -73.91819736085381, 40.853084037265624 ] ], [ [ -73.91819736085381, 40.853084037265624 ], [ -73.917998339398437, 40.853281914833289 ] ], [ [ -73.918615055495565, 40.852844415913253 ], [ -73.918330411034702, 40.852981492776948 ] ], [ [ -73.918330411034702, 40.852981492776948 ], [ -73.918254276026133, 40.853027448327254 ] ], [ [ -73.92069622779816, 40.852141086221565 ], [ -73.920387922039794, 40.852243904583382 ] ], [ [ -73.920387922039794, 40.852243904583382 ], [ -73.919096373227575, 40.852674615192456 ] ], [ [ -73.923489147888773, 40.848983789129356 ], [ -73.922420151456691, 40.850123274429492 ] ] ] } },
{ "type": "Feature", "properties": { "corridor_id": 15, "rank": 105, "name": "CLOVE ROAD (Staten Island)", "street": "CLOVE ROAD", "borough": "Staten Island", "n_blocks": 29, "n_routes": 6, "routes": [ "S53", "S66", "S78", "S93", "SIM30", "SIM35" ], "peak_period": "pm", "hourly_pax": [ 661, 590, 289, 343, 790, 1164, 1502, 2012, 3797, 4006, 2656, 2336, 2536, 2683, 2993, 3429, 3836, 4000, 4122, 1469, 2085, 2798, 1289, 1188 ], "miles": 1.16, "pax_delay_min": 54980, "veh_delay_min": 6977, "riders_20d": 45092, "bus_trips_20d": 5356, "rider_block_crossings": 1307660, "bus_block_crossings": 155323, "min_per_bus": 1.08, "sec_per_rider": 65, "riders_per_delayed_bus_min": 7.9, "riders_per_bus": 8.4, "pax_delay_per_mile": 47421, "veh_delay_per_mile": 6018, "buses_per_day": 268, "riders_per_day": 2255, "share_of_city_delay_pct": 0.275, "cum_share_pct": 73.06, "pax_am": 11318, "veh_am": 1418, "riders_am": 306390, "share_am_pct": 21.5, "pax_md": 13204, "veh_md": 1571, "riders_md": 251696, "share_md_pct": 25.1, "pax_pm": 15388, "veh_pm": 1682, "riders_pm": 269127, "share_pm_pct": 29.3, "pax_ev": 8830, "veh_ev": 1528, "riders_ev": 132373, "share_ev_pct": 16.8, "pax_night": 3838, "veh_night": 516, "riders_night": 83880, "share_night_pct": 7.3 }, "geometry": { "type": "MultiLineString", "coordinates": [ [ [ -74.097660088500405, 40.610507747047947 ], [ -74.097488676114352, 40.610259790416677 ] ], [ [ -74.110943928595475, 40.621194488961876 ], [ -74.110015506991132, 40.620688343114516 ] ], [ [ -74.102094343697615, 40.614600490626501 ], [ -74.101276144191758, 40.613985401724548 ] ], [ [ -74.101276144191758, 40.613985401724548 ], [ -74.100683759918596, 40.613553149664064 ] ], [ [ -74.103025930972763, 40.615781107688441 ], [ -74.102568022102119, 40.615187443057664 ] ], [ [ -74.099350430883874, 40.612419076031934 ], [ -74.098621514095953, 40.611518911664014 ] ], [ [ -74.097877583833409, 40.610729321827449 ], [ -74.097769687615909, 40.610623592973909 ] ], [ [ -74.107706353192683, 40.619699497200017 ], [ -74.107340891728725, 40.619543076424087 ] ], [ [ -74.111533938941676, 40.621603646045187 ], [ -74.110943928595475, 40.621194488961876 ] ], [ [ -74.104953243562164, 40.618022562539814 ], [ -74.104584092156074, 40.617612900786114 ] ], [ [ -74.107340891728725, 40.619543076424087 ], [ -74.106089396312598, 40.618984194775287 ] ], [ [ -74.110015506991132, 40.620688343114516 ], [ -74.109108061970474, 40.620296238547681 ] ], [ [ -74.103509253102814, 40.616416075413362 ], [ -74.103025930972763, 40.615781107688441 ] ], [ [ -74.100683759918596, 40.613553149664064 ], [ -74.100551685276116, 40.613460547176622 ] ], [ [ -74.105116221846217, 40.618203003810059 ], [ -74.104953243562164, 40.618022562539814 ] ], [ [ -74.097769687615909, 40.610623592973909 ], [ -74.097660088500405, 40.610507747047947 ] ], [ [ -74.100551685276116, 40.613460547176622 ], [ -74.099877338190723, 40.612918652031574 ] ], [ [ -74.099877338190723, 40.612918652031574 ], [ -74.099350430883874, 40.612419076031934 ] ], [ [ -74.105187097400545, 40.618281473860769 ], [ -74.105116221846217, 40.618203003810059 ] ], [ [ -74.098470610498126, 40.611353903127082 ], [ -74.098103121402318, 40.610961518276859 ] ], [ [ -74.109108061970474, 40.620296238547681 ], [ -74.107706353192683, 40.619699497200017 ] ], [ [ -74.098103121402318, 40.610961518276859 ], [ -74.097877583833409, 40.610729321827449 ] ], [ [ -74.102568022102119, 40.615187443057664 ], [ -74.102094343697615, 40.614600490626501 ] ], [ [ -74.106089396312598, 40.618984194775287 ], [ -74.105525988928832, 40.618592329628278 ] ], [ [ -74.105525988928832, 40.618592329628278 ], [ -74.105187097400545, 40.618281473860769 ] ], [ [ -74.112350880376397, 40.622265292232832 ], [ -74.111533938941676, 40.621603646045187 ] ], [ [ -74.098621514095953, 40.611518911664014 ], [ -74.098470610498126, 40.611353903127082 ] ], [ [ -74.104584092156074, 40.617612900786114 ], [ -74.104029619455261, 40.616995507256178 ] ], [ [ -74.104029619455261, 40.616995507256178 ], [ -74.103509253102814, 40.616416075413362 ] ] ] } },
{ "type": "Feature", "properties": { "corridor_id": 12, "rank": 106, "name": "BEDFORD PARK BOULEVARD (Bronx)", "street": "BEDFORD PARK BOULEVARD", "borough": "Bronx", "n_blocks": 21, "n_routes": 3, "routes": [ "BX25", "BX26", "BX34" ], "peak_period": "md", "hourly_pax": [ 77, 3, 0, 0, 0, 22, 1761, 4107, 4279, 4332, 3077, 3191, 4109, 3728, 3139, 2847, 2404, 2697, 2985, 1856, 1355, 1656, 1243, 1284 ], "miles": 0.72, "pax_delay_min": 54643, "veh_delay_min": 4869, "riders_20d": 29712, "bus_trips_20d": 2328, "rider_block_crossings": 623959, "bus_block_crossings": 48894, "min_per_bus": 1.94, "sec_per_rider": 116, "riders_per_delayed_bus_min": 11.2, "riders_per_bus": 12.8, "pax_delay_per_mile": 75876, "veh_delay_per_mile": 6761, "buses_per_day": 116, "riders_per_day": 1486, "share_of_city_delay_pct": 0.274, "cum_share_pct": 73.34, "pax_am": 14479, "veh_am": 1140, "riders_am": 136744, "share_am_pct": 28.9, "pax_md": 17244, "veh_md": 1238, "riders_md": 134453, "share_md_pct": 34.4, "pax_pm": 10934, "veh_pm": 756, "riders_pm": 152654, "share_pm_pct": 21.8, "pax_ev": 7393, "veh_ev": 894, "riders_ev": 70824, "share_ev_pct": 14.7, "pax_night": 102, "veh_night": 26, "riders_night": 908, "share_night_pct": 0.2 }, "geometry": { "type": "MultiLineString", "coordinates": [ [ [ -73.886228512239597, 40.870777621235582 ], [ -73.885516390883552, 40.870184980291988 ] ], [ [ -73.884239109033828, 40.868006161108333 ], [ -73.883625181199307, 40.867257587538617 ] ], [ [ -73.882953603492126, 40.86648207548555 ], [ -73.882656897916419, 40.866171543572875 ] ], [ [ -73.888076749501991, 40.872150909359 ], [ -73.887935037385972, 40.872030232475041 ] ], [ [ -73.886980963501429, 40.871393565650763 ], [ -73.886916587423201, 40.871343273545847 ] ], [ [ -73.889371637650342, 40.873382297786904 ], [ -73.888631873131914, 40.872765030804402 ] ], [ [ -73.886916587423201, 40.871343273545847 ], [ -73.886228512239597, 40.870777621235582 ] ], [ [ -73.884708941189459, 40.868704717636064 ], [ -73.884239109033828, 40.868006161108333 ] ], [ [ -73.888660994247218, 40.872667004660876 ], [ -73.888076749501991, 40.872150909359 ] ], [ [ -73.885516390883552, 40.870184980291988 ], [ -73.884964992332897, 40.869537925693649 ] ], [ [ -73.882356038856059, 40.866357999159128 ], [ -73.882953603492126, 40.86648207548555 ] ], [ [ -73.888631873131914, 40.872765030804402 ], [ -73.888660994247218, 40.872667004660876 ] ], [ [ -73.887080311259936, 40.8713390934087 ], [ -73.886916587423201, 40.871343273545847 ] ], [ [ -73.887935037385972, 40.872030232475041 ], [ -73.887801581838687, 40.871917397352739 ] ], [ [ -73.887720207720562, 40.872006214512304 ], [ -73.886980963501429, 40.871393565650763 ] ], [ [ -73.883093824248306, 40.866602185121998 ], [ -73.882953603492126, 40.86648207548555 ] ], [ [ -73.887801581838687, 40.871917397352739 ], [ -73.887080311259936, 40.8713390934087 ] ], [ [ -73.884964992332897, 40.869537925693649 ], [ -73.884886753623448, 40.869283333546917 ] ], [ [ -73.884886753623448, 40.869283333546917 ], [ -73.884708941189459, 40.868704717636064 ] ], [ [ -73.883625181199307, 40.867257587538617 ], [ -73.883212163218644, 40.866748152751917 ] ], [ [ -73.883212163218644, 40.866748152751917 ], [ -73.883093824248306, 40.866602185121998 ] ] ] } },
{ "type": "Feature", "properties": { "corridor_id": 513, "rank": 107, "name": "DITMARS BOULEVARD (Queens)", "street": "DITMARS BOULEVARD", "borough": "Queens", "n_blocks": 10, "n_routes": 1, "routes": [ "Q69" ], "peak_period": "pm", "hourly_pax": [ 372, 148, 0, 0, 0, 186, 814, 1393, 2130, 1951, 2268, 2802, 2533, 2690, 2240, 3772, 4279, 5034, 5039, 2647, 1353, 1026, 555, 418 ], "miles": 0.45, "pax_delay_min": 54278, "veh_delay_min": 6778, "riders_20d": 29552, "bus_trips_20d": 3725, "rider_block_crossings": 295517, "bus_block_crossings": 37251, "min_per_bus": 1.75, "sec_per_rider": 105, "riders_per_delayed_bus_min": 8.0, "riders_per_bus": 7.9, "pax_delay_per_mile": 120963, "veh_delay_per_mile": 15104, "buses_per_day": 186, "riders_per_day": 1478, "share_of_city_delay_pct": 0.272, "cum_share_pct": 73.61, "pax_am": 6289, "veh_am": 992, "riders_am": 59565, "share_am_pct": 14.4, "pax_md": 12532, "veh_md": 1500, "riders_md": 64287, "share_md_pct": 28.7, "pax_pm": 18124, "veh_pm": 1721, "riders_pm": 73736, "share_pm_pct": 41.5, "pax_ev": 5998, "veh_ev": 918, "riders_ev": 27247, "share_ev_pct": 13.7, "pax_night": 706, "veh_night": 111, "riders_night": 7795, "share_night_pct": 1.6 }, "geometry": { "type": "MultiLineString", "coordinates": [ [ [ -73.913071582454577, 40.777803291988569 ], [ -73.912382663972551, 40.777310042271999 ] ], [ [ -73.910260875644056, 40.77583042291721 ], [ -73.909616759169495, 40.775366223570437 ] ], [ [ -73.908189408852593, 40.774357540333767 ], [ -73.907488304561895, 40.773862792503138 ] ], [ [ -73.913754964692004, 40.778289059203246 ], [ -73.913705765916845, 40.778254092290062 ] ], [ [ -73.908902759293852, 40.774861460964637 ], [ -73.908189408852593, 40.774357540333767 ] ], [ [ -73.909616759169495, 40.775366223570437 ], [ -73.908902759293852, 40.774861460964637 ] ], [ [ -73.910698345175717, 40.776132314324798 ], [ -73.910260875644056, 40.77583042291721 ] ], [ [ -73.912382663972551, 40.777310042271999 ], [ -73.911693651041347, 40.776833357207138 ] ], [ [ -73.913705765916845, 40.778254092290062 ], [ -73.913071582454577, 40.777803291988569 ] ], [ [ -73.911693651041347, 40.776833357207138 ], [ -73.910698345175717, 40.776132314324798 ] ] ] } },
{ "type": "Feature", "properties": { "corridor_id": 63, "rank": 108, "name": "EAST 180 STREET (Bronx)", "street": "EAST 180 STREET", "borough": "Bronx", "n_blocks": 13, "n_routes": 4, "routes": [ "BX40", "BX42", "BX9", "Q44+" ], "peak_period": "pm", "hourly_pax": [ 433, 479, 312, 166, 685, 982, 2320, 1812, 2301, 2218, 1483, 1853, 2144, 2410, 3395, 6879, 5214, 4790, 2144, 1292, 1017, 980, 836, 761 ], "miles": 0.39, "pax_delay_min": 54044, "veh_delay_min": 10001, "riders_20d": 36888, "bus_trips_20d": 5087, "rider_block_crossings": 479545, "bus_block_crossings": 66135, "min_per_bus": 1.44, "sec_per_rider": 86, "riders_per_delayed_bus_min": 5.4, "riders_per_bus": 7.3, "pax_delay_per_mile": 138633, "veh_delay_per_mile": 25655, "buses_per_day": 254, "riders_per_day": 1844, "share_of_city_delay_pct": 0.271, "cum_share_pct": 73.88, "pax_am": 8652, "veh_am": 1885, "riders_am": 98050, "share_am_pct": 18.4, "pax_md": 11285, "veh_md": 1936, "riders_md": 107253, "share_md_pct": 24.1, "pax_pm": 19027, "veh_pm": 2277, "riders_pm": 111632, "share_pm_pct": 40.6, "pax_ev": 4886, "veh_ev": 1278, "riders_ev": 41395, "share_ev_pct": 10.4, "pax_night": 3057, "veh_night": 818, "riders_night": 21822, "share_night_pct": 6.5 }, "geometry": { "type": "MultiLineString", "coordinates": [ [ [ -73.872527839169976, 40.840753982411066 ], [ -73.872487651429878, 40.840737296804249 ] ], [ [ -73.87372328232604, 40.841204148801467 ], [ -73.872818218297979, 40.840865363318933 ] ], [ [ -73.872580019429776, 40.840774319093235 ], [ -73.872527839169976, 40.840753982411066 ] ], [ [ -73.870954726172883, 40.84005950083386 ], [ -73.870513573751083, 40.839869335573653 ] ], [ [ -73.876084486548805, 40.842064769417114 ], [ -73.874591754279479, 40.841520646979831 ] ], [ [ -73.872818218297979, 40.840865363318933 ], [ -73.872580019429776, 40.840774319093235 ] ], [ [ -73.872487651429878, 40.840737296804249 ], [ -73.870954726172883, 40.84005950083386 ] ], [ [ -73.876798721289873, 40.842299787329274 ], [ -73.876084486548805, 40.842064769417114 ] ], [ [ -73.874591754279479, 40.841520646979831 ], [ -73.874176664214616, 40.841370199756533 ] ], [ [ -73.874176664214616, 40.841370199756533 ], [ -73.87372328232604, 40.841204148801467 ] ], [ [ -73.870513573751083, 40.839869335573653 ], [ -73.870495237955282, 40.839823093487851 ] ], [ [ -73.876831447035713, 40.842307900511372 ], [ -73.876798721289873, 40.842299787329274 ] ], [ [ -73.870495237955282, 40.839823093487851 ], [ -73.870356039869449, 40.839637947633491 ] ] ] } },
{ "type": "Feature", "properties": { "corridor_id": 394, "rank": 109, "name": "WEST 66 STREET (Manhattan)", "street": "WEST 66 STREET", "borough": "Manhattan", "n_blocks": 13, "n_routes": 3, "routes": [ "M20", "M66", "M72" ], "peak_period": "pm", "hourly_pax": [ 487, 92, 0, 0, 0, 230, 1011, 1663, 2670, 2038, 3271, 3621, 3502, 2782, 2966, 3905, 4302, 4899, 4348, 1262, 1034, 989, 583, 500 ], "miles": 0.63, "pax_delay_min": 53915, "veh_delay_min": 24647, "riders_20d": 5374, "bus_trips_20d": 1684, "rider_block_crossings": 69861, "bus_block_crossings": 21898, "min_per_bus": 12.93, "sec_per_rider": 776, "riders_per_delayed_bus_min": 2.2, "riders_per_bus": 3.2, "pax_delay_per_mile": 86246, "veh_delay_per_mile": 39426, "buses_per_day": 84, "riders_per_day": 269, "share_of_city_delay_pct": 0.27, "cum_share_pct": 74.15, "pax_am": 7382, "veh_am": 4324, "riders_am": 9758, "share_am_pct": 16.0, "pax_md": 16143, "veh_md": 5127, "riders_md": 16218, "share_md_pct": 35.0, "pax_pm": 17453, "veh_pm": 5274, "riders_pm": 23964, "share_pm_pct": 37.8, "pax_ev": 4369, "veh_ev": 3795, "riders_ev": 6197, "share_ev_pct": 9.5, "pax_night": 809, "veh_night": 854, "riders_night": 1621, "share_night_pct": 1.8 }, "geometry": { "type": "MultiLineString", "coordinates": [ [ [ -73.982113867261987, 40.773828581679133 ], [ -73.98222695343965, 40.773875902545264 ] ], [ [ -73.978722467994444, 40.772418898279028 ], [ -73.981572660221914, 40.773602073604458 ] ], [ [ -73.981572660221914, 40.773602073604458 ], [ -73.982113867261987, 40.773828581679133 ] ], [ [ -73.987240336431242, 40.776016934953496 ], [ -73.988429776929948, 40.776530927477275 ] ], [ [ -73.98222695343965, 40.773875902545264 ], [ -73.982339021653473, 40.773923133116625 ] ], [ [ -73.984412026236811, 40.774808077182712 ], [ -73.985631441525783, 40.775329285720431 ] ], [ [ -73.985631441525783, 40.775329285720431 ], [ -73.987240336431242, 40.776016934953496 ] ], [ [ -73.982339021653473, 40.773923133116625 ], [ -73.983863213524344, 40.774573800834816 ] ], [ [ -73.983863213524344, 40.774573800834816 ], [ -73.984412026236811, 40.774808077182712 ] ], [ [ -73.988703253875229, 40.776642441989296 ], [ -73.988954678728916, 40.77675255803991 ] ], [ [ -73.988954678728916, 40.77675255803991 ], [ -73.989131306484069, 40.776829913563276 ] ], [ [ -73.988429776929948, 40.776530927477275 ], [ -73.988620103509533, 40.776608536305076 ] ], [ [ -73.988620103509533, 40.776608536305076 ], [ -73.988703253875229, 40.776642441989296 ] ] ] } },
{ "type": "Feature", "properties": { "corridor_id": 243, "rank": 110, "name": "QUENTIN ROAD (Brooklyn)", "street": "QUENTIN ROAD", "borough": "Brooklyn", "n_blocks": 15, "n_routes": 3, "routes": [ "B100", "B2", "B31" ], "peak_period": "am", "hourly_pax": [ 387, 91, 0, 0, 180, 604, 7836, 5918, 4509, 9299, 3312, 2881, 2623, 2476, 2957, 2455, 2611, 3367, 2873, 1827, 560, 844, 743, 1014 ], "miles": 0.72, "pax_delay_min": 53540, "veh_delay_min": 9936, "riders_20d": 37372, "bus_trips_20d": 3450, "rider_block_crossings": 560580, "bus_block_crossings": 51756, "min_per_bus": 2.63, "sec_per_rider": 158, "riders_per_delayed_bus_min": 5.4, "riders_per_bus": 10.8, "pax_delay_per_mile": 73991, "veh_delay_per_mile": 13731, "buses_per_day": 173, "riders_per_day": 1869, "share_of_city_delay_pct": 0.268, "cum_share_pct": 74.42, "pax_am": 27563, "veh_am": 2839, "riders_am": 128066, "share_am_pct": 46.4, "pax_md": 14249, "veh_md": 2033, "riders_md": 119781, "share_md_pct": 24.0, "pax_pm": 11306, "veh_pm": 2189, "riders_pm": 161272, "share_pm_pct": 19.0, "pax_ev": 4987, "veh_ev": 1692, "riders_ev": 72540, "share_ev_pct": 8.4, "pax_night": 1263, "veh_night": 442, "riders_night": 7279, "share_night_pct": 2.1 }, "geometry": { "type": "MultiLineString", "coordinates": [ [ [ -73.95029931626766, 40.609124596147232 ], [ -73.949375422739394, 40.609227681331099 ] ], [ [ -73.954389139015234, 40.608674869894521 ], [ -73.953191602683177, 40.608807737468254 ] ], [ [ -73.944121131745987, 40.609805065562945 ], [ -73.943640911788208, 40.609858817381387 ] ], [ [ -73.9553342262558, 40.608573130535746 ], [ -73.954389139015234, 40.608674869894521 ] ], [ [ -73.949375422739394, 40.609227681331099 ], [ -73.948413547664643, 40.609333010896421 ] ], [ [ -73.953191602683177, 40.608807737468254 ], [ -73.952157029637931, 40.608921353347633 ] ], [ [ -73.946523857943092, 40.609539852504049 ], [ -73.945597919966858, 40.609643085608987 ] ], [ [ -73.957260763528936, 40.608365347799833 ], [ -73.956298265709009, 40.608466438179008 ] ], [ [ -73.945597919966858, 40.609643085608987 ], [ -73.944672065461504, 40.60974339412666 ] ], [ [ -73.944672065461504, 40.60974339412666 ], [ -73.944121131745987, 40.609805065562945 ] ], [ [ -73.948413547664643, 40.609333010896421 ], [ -73.947452711351119, 40.609436216375627 ] ], [ [ -73.947452711351119, 40.609436216375627 ], [ -73.946523857943092, 40.609539852504049 ] ], [ [ -73.952157029637931, 40.608921353347633 ], [ -73.951230012244793, 40.609022713859268 ] ], [ [ -73.951230012244793, 40.609022713859268 ], [ -73.95029931626766, 40.609124596147232 ] ], [ [ -73.956298265709009, 40.608466438179008 ], [ -73.9553342262558, 40.608573130535746 ] ] ] } },
{ "type": "Feature", "properties": { "corridor_id": 235, "rank": 111, "name": "LINDEN BOULEVARD (Brooklyn)", "street": "LINDEN BOULEVARD", "borough": "Brooklyn", "n_blocks": 42, "n_routes": 4, "routes": [ "B13", "B15", "B20", "BM5" ], "peak_period": "md", "hourly_pax": [ 776, 275, 429, 374, 566, 1458, 1613, 3227, 3363, 2948, 3224, 3118, 2920, 3271, 2015, 1068, 1948, 2252, 1458, 560, 2648, 1071, 945, 693 ], "miles": 0.86, "pax_delay_min": 53275, "veh_delay_min": 7059, "riders_20d": 29214, "bus_trips_20d": 3628, "rider_block_crossings": 1226996, "bus_block_crossings": 152377, "min_per_bus": 2.01, "sec_per_rider": 120, "riders_per_delayed_bus_min": 7.5, "riders_per_bus": 8.1, "pax_delay_per_mile": 61655, "veh_delay_per_mile": 8170, "buses_per_day": 181, "riders_per_day": 1461, "share_of_city_delay_pct": 0.267, "cum_share_pct": 74.68, "pax_am": 11152, "veh_am": 1568, "riders_am": 191683, "share_am_pct": 26.4, "pax_md": 14547, "veh_md": 1261, "riders_md": 310441, "share_md_pct": 34.5, "pax_pm": 6726, "veh_pm": 1208, "riders_pm": 181042, "share_pm_pct": 15.9, "pax_ev": 5918, "veh_ev": 935, "riders_ev": 135389, "share_ev_pct": 14.0, "pax_night": 3879, "veh_night": 503, "riders_night": 116681, "share_night_pct": 9.2 }, "geometry": { "type": "MultiLineString", "coordinates": [ [ [ -73.868779956176425, 40.668434486685683 ], [ -73.868270291535893, 40.668499425968101 ] ], [ [ -73.860918300554005, 40.669543467281628 ], [ -73.859998023836582, 40.669678329102233 ] ], [ [ -73.858148236507233, 40.669952836919016 ], [ -73.857893860571394, 40.669993550866771 ] ], [ [ -73.863951123314692, 40.669138223670245 ], [ -73.863314481902719, 40.669217650644121 ] ], [ [ -73.859520128547004, 40.669750544700875 ], [ -73.859068761698296, 40.669816045243728 ] ], [ [ -73.858732218496286, 40.669865575405531 ], [ -73.858148236507233, 40.669952836919016 ] ], [ [ -73.857893860571394, 40.669993550866771 ], [ -73.857639496222106, 40.670034263717625 ] ], [ [ -73.857639496222106, 40.670034263717625 ], [ -73.857226937136573, 40.670096212134737 ] ], [ [ -73.859998023836582, 40.669678329102233 ], [ -73.859520128547004, 40.669750544700875 ] ], [ [ -73.859068761698296, 40.669816045243728 ], [ -73.858732218496286, 40.669865575405531 ] ], [ [ -73.866827070223792, 40.668706161792265 ], [ -73.866447065099564, 40.668760833166274 ] ], [ [ -73.867339783645676, 40.668643880032505 ], [ -73.866973152639659, 40.668688416721047 ] ], [ [ -73.862786082745785, 40.669283569925007 ], [ -73.861978045361425, 40.669391953182668 ] ], [ [ -73.869202363698037, 40.66833333564287 ], [ -73.868779956176425, 40.668434486685683 ] ], [ [ -73.869492781462895, 40.668141303032527 ], [ -73.869202363698037, 40.66833333564287 ] ], [ [ -73.868270291535893, 40.668499425968101 ], [ -73.867713635311446, 40.668585843415499 ] ], [ [ -73.866447065099564, 40.668760833166274 ], [ -73.865922992452141, 40.668837428208171 ] ], [ [ -73.864453025926352, 40.669060847891465 ], [ -73.864285495127092, 40.669086675837818 ] ], [ [ -73.861978045361425, 40.669391953182668 ], [ -73.861770351878704, 40.669422195033526 ] ], [ [ -73.861770351878704, 40.669422195033526 ], [ -73.860918300554005, 40.669543467281628 ] ], [ [ -73.865922992452141, 40.668837428208171 ], [ -73.865523179746432, 40.668895861241616 ] ], [ [ -73.865523179746432, 40.668895861241616 ], [ -73.865054492154883, 40.668968120466971 ] ], [ [ -73.865054492154883, 40.668968120466971 ], [ -73.864777528312871, 40.669010820783761 ] ], [ [ -73.864777528312871, 40.669010820783761 ], [ -73.864523220786467, 40.669050026661402 ] ], [ [ -73.864124298355833, 40.669111526743308 ], [ -73.863951123314692, 40.669138223670245 ] ], [ [ -73.863314481902719, 40.669217650644121 ], [ -73.862786082745785, 40.669283569925007 ] ], [ [ -73.866973152639659, 40.668688416721047 ], [ -73.866827070223792, 40.668706161792265 ] ], [ [ -73.870112968635866, 40.667692608623639 ], [ -73.87002814377017, 40.667755653200466 ] ], [ [ -73.870237748819605, 40.667603892662314 ], [ -73.870112968635866, 40.667692608623639 ] ], [ [ -73.864523220786467, 40.669050026661402 ], [ -73.864453025926352, 40.669060847891465 ] ], [ [ -73.864285495127092, 40.669086675837818 ], [ -73.864124298355833, 40.669111526743308 ] ], [ [ -73.867713635311446, 40.668585843415499 ], [ -73.86756379341584, 40.668609105400861 ] ], [ [ -73.86756379341584, 40.668609105400861 ], [ -73.867339783645676, 40.668643880032505 ] ], [ [ -73.87002814377017, 40.667755653200466 ], [ -73.869939875424095, 40.667819485965076 ] ], [ [ -73.869939875424095, 40.667819485965076 ], [ -73.869675338663896, 40.668010789824265 ] ], [ [ -73.869675338663896, 40.668010789824265 ], [ -73.869492781462895, 40.668141303032527 ] ], [ [ -73.856007873352013, 40.67027548982756 ], [ -73.855414532980248, 40.670377314262829 ] ], [ [ -73.857226937136573, 40.670096212134737 ], [ -73.856242594064042, 40.670235214965807 ] ], [ [ -73.856242594064042, 40.670235214965807 ], [ -73.856007873352013, 40.67027548982756 ] ], [ [ -73.856026752186366, 40.670345186407907 ], [ -73.855439581080802, 40.670427153620032 ] ], [ [ -73.855414532980248, 40.670377314262829 ], [ -73.855250875520298, 40.670457335649431 ] ], [ [ -73.855439581080802, 40.670427153620032 ], [ -73.855250875520298, 40.670457335649431 ] ] ] } },
{ "type": "Feature", "properties": { "corridor_id": 328, "rank": 112, "name": "HUDSON STREET (Manhattan)", "street": "HUDSON STREET", "borough": "Manhattan", "n_blocks": 8, "n_routes": 3, "routes": [ "M11", "M12", "M14A+" ], "peak_period": "am", "hourly_pax": [ 43, 5, 8, 6, 4, 57, 4500, 4691, 4524, 4022, 1742, 2166, 1941, 1914, 2283, 4437, 3214, 2726, 3099, 179, 152, 112, 69, 44 ], "miles": 0.3, "pax_delay_min": 52992, "veh_delay_min": 35227, "riders_20d": 4440, "bus_trips_20d": 2930, "rider_block_crossings": 35523, "bus_block_crossings": 23444, "min_per_bus": 11.71, "sec_per_rider": 702, "riders_per_delayed_bus_min": 1.5, "riders_per_bus": 1.5, "pax_delay_per_mile": 178009, "veh_delay_per_mile": 118333, "buses_per_day": 147, "riders_per_day": 222, "share_of_city_delay_pct": 0.265, "cum_share_pct": 74.95, "pax_am": 17737, "veh_am": 7235, "riders_am": 8903, "share_am_pct": 42.3, "pax_md": 10046, "veh_md": 8198, "riders_md": 6231, "share_md_pct": 24.0, "pax_pm": 13476, "veh_pm": 5874, "riders_pm": 9322, "share_pm_pct": 32.1, "pax_ev": 557, "veh_ev": 5360, "riders_ev": 542, "share_ev_pct": 1.3, "pax_night": 123, "veh_night": 792, "riders_night": 192, "share_night_pct": 0.3 }, "geometry": { "type": "MultiLineString", "coordinates": [ [ [ -74.005494940525708, 40.738753922130293 ], [ -74.005390360251695, 40.739411972596685 ] ], [ [ -74.005291788322836, 40.740023223242645 ], [ -74.005125535041344, 40.740850213147617 ] ], [ [ -74.005591572794017, 40.738138969448151 ], [ -74.005494940525708, 40.738753922130293 ] ], [ [ -74.005390360251695, 40.739411972596685 ], [ -74.005291788322836, 40.740023223242645 ] ], [ [ -74.005533863829612, 40.7368774926925 ], [ -74.005773567287065, 40.737169177338387 ] ], [ [ -74.005773567287065, 40.737169177338387 ], [ -74.005687045168543, 40.737551879222423 ] ], [ [ -74.005687045168543, 40.737551879222423 ], [ -74.005591572794017, 40.738138969448151 ] ], [ [ -74.005853507379854, 40.736926665056842 ], [ -74.005773567287065, 40.737169177338387 ] ] ] } },
{ "type": "Feature", "properties": { "corridor_id": 439, "rank": 113, "name": "JUNCTION BOULEVARD (Queens)", "street": "JUNCTION BOULEVARD", "borough": "Queens", "n_blocks": 29, "n_routes": 7, "routes": [ "Q14", "Q59", "Q72", "Q88", "QM10", "QM11", "QM40" ], "peak_period": "md", "hourly_pax": [ 192, 155, 3, 0, 156, 753, 1371, 2195, 3203, 3080, 4264, 4815, 7003, 5878, 5715, 4725, 4914, 5855, 6685, 2188, 1377, 1626, 1025, 539 ], "miles": 1.15, "pax_delay_min": 52884, "veh_delay_min": 5975, "riders_20d": 35752, "bus_trips_20d": 3072, "rider_block_crossings": 1036814, "bus_block_crossings": 89074, "min_per_bus": 0.75, "sec_per_rider": 45, "riders_per_delayed_bus_min": 8.9, "riders_per_bus": 11.6, "pax_delay_per_mile": 46095, "veh_delay_per_mile": 5208, "buses_per_day": 154, "riders_per_day": 1788, "share_of_city_delay_pct": 0.265, "cum_share_pct": 75.21, "pax_am": 9848, "veh_am": 1271, "riders_am": 161142, "share_am_pct": 14.5, "pax_md": 27676, "veh_md": 2116, "riders_md": 287802, "share_md_pct": 40.9, "pax_pm": 22180, "veh_pm": 1951, "riders_pm": 259582, "share_pm_pct": 32.8, "pax_ev": 6756, "veh_ev": 1166, "riders_ev": 91642, "share_ev_pct": 10.0, "pax_night": 1259, "veh_night": 195, "riders_night": 31437, "share_night_pct": 1.9 }, "geometry": { "type": "MultiLineString", "coordinates": [ [ [ -73.867471692253304, 40.742095721944537 ], [ -73.867557295667837, 40.741677696927468 ] ], [ [ -73.867557295667837, 40.741677696927468 ], [ -73.867562534453725, 40.740941888660387 ] ], [ [ -73.864815053607828, 40.73466021544575 ], [ -73.864621934329577, 40.734281689686455 ] ], [ [ -73.867146698074905, 40.739837224269358 ], [ -73.867039737948673, 40.739572189433908 ] ], [ [ -73.867826910605686, 40.744629456961889 ], [ -73.867685049575783, 40.744071717785488 ] ], [ [ -73.865158654403459, 40.735325013865399 ], [ -73.864815053607828, 40.73466021544575 ] ], [ [ -73.868265026254775, 40.746314222866992 ], [ -73.868085742485633, 40.745600582112282 ] ], [ [ -73.868085742485633, 40.745600582112282 ], [ -73.86790963874688, 40.744933716062022 ] ], [ [ -73.867685049575783, 40.744071717785488 ], [ -73.867491350704057, 40.743302046842501 ] ], [ [ -73.864502302393547, 40.734075399328475 ], [ -73.864470863272871, 40.734007274510461 ] ], [ [ -73.865500616507845, 40.735989331963395 ], [ -73.865158654403459, 40.735325013865399 ] ], [ [ -73.864436861545428, 40.733929602321787 ], [ -73.864339411426172, 40.733742559704218 ] ], [ [ -73.866480115549834, 40.738210964028838 ], [ -73.866094637424041, 40.737251429624969 ] ], [ [ -73.86785097504746, 40.744716545396358 ], [ -73.867826910605686, 40.744629456961889 ] ], [ [ -73.867562534453725, 40.740941888660387 ], [ -73.867317794490361, 40.740261344781786 ] ], [ [ -73.867039737948673, 40.739572189433908 ], [ -73.866760121887964, 40.738890370463949 ] ], [ [ -73.864470863272871, 40.734007274510461 ], [ -73.864436861545428, 40.733929602321787 ] ], [ [ -73.864572486558359, 40.73418839708394 ], [ -73.864502302393547, 40.734075399328475 ] ], [ [ -73.866094637424041, 40.737251429624969 ], [ -73.865829560469138, 40.736643223498852 ] ], [ [ -73.865829560469138, 40.736643223498852 ], [ -73.865500616507845, 40.735989331963395 ] ], [ [ -73.867875951465166, 40.744815306109331 ], [ -73.86785097504746, 40.744716545396358 ] ], [ [ -73.863423944231386, 40.731950625795129 ], [ -73.862597938226273, 40.7304159583203 ] ], [ [ -73.86790963874688, 40.744933716062022 ], [ -73.867875951465166, 40.744815306109331 ] ], [ [ -73.867317794490361, 40.740261344781786 ], [ -73.867146698074905, 40.739837224269358 ] ], [ [ -73.864339411426172, 40.733742559704218 ], [ -73.863423944231386, 40.731950625795129 ] ], [ [ -73.866760121887964, 40.738890370463949 ], [ -73.866480115549834, 40.738210964028838 ] ], [ [ -73.864621934329577, 40.734281689686455 ], [ -73.864572486558359, 40.73418839708394 ] ], [ [ -73.867491350704057, 40.743302046842501 ], [ -73.86748630117728, 40.742992194578918 ] ], [ [ -73.86748630117728, 40.742992194578918 ], [ -73.867471692253304, 40.742095721944537 ] ] ] } },
{ "type": "Feature", "properties": { "corridor_id": 211, "rank": 114, "name": "MALCOLM X BOULEVARD (Brooklyn)", "street": "MALCOLM X BOULEVARD", "borough": "Brooklyn", "n_blocks": 21, "n_routes": 2, "routes": [ "B46", "B46+" ], "peak_period": "am", "hourly_pax": [ 479, 693, 369, 168, 170, 595, 3312, 3255, 5729, 3431, 2746, 2940, 2767, 3463, 2256, 1771, 1684, 1235, 1351, 1479, 2395, 1030, 1648, 818 ], "miles": 0.84, "pax_delay_min": 52867, "veh_delay_min": 11231, "riders_20d": 58655, "bus_trips_20d": 8777, "rider_block_crossings": 1231758, "bus_block_crossings": 184326, "min_per_bus": 1.4, "sec_per_rider": 84, "riders_per_delayed_bus_min": 4.7, "riders_per_bus": 6.7, "pax_delay_per_mile": 62940, "veh_delay_per_mile": 13371, "buses_per_day": 439, "riders_per_day": 2933, "share_of_city_delay_pct": 0.265, "cum_share_pct": 75.48, "pax_am": 15726, "veh_am": 2594, "riders_am": 231406, "share_am_pct": 34.3, "pax_md": 14173, "veh_md": 2584, "riders_md": 262239, "share_md_pct": 31.0, "pax_pm": 6041, "veh_pm": 1395, "riders_pm": 214823, "share_pm_pct": 13.2, "pax_ev": 7370, "veh_ev": 1936, "riders_ev": 153825, "share_ev_pct": 16.1, "pax_night": 2472, "veh_night": 387, "riders_night": 61179, "share_night_pct": 5.4 }, "geometry": { "type": "MultiLineString", "coordinates": [ [ [ -73.929452493643367, 40.684902765420233 ], [ -73.929309164871597, 40.684168802917277 ] ], [ [ -73.929309164871597, 40.684168802917277 ], [ -73.92916130693456, 40.683436324497187 ] ], [ [ -73.92974998993104, 40.686366021131882 ], [ -73.929590575314919, 40.685635048507784 ] ], [ [ -73.931053256421237, 40.692961161806451 ], [ -73.930907088511987, 40.692227687548844 ] ], [ [ -73.930469664725408, 40.690030234287917 ], [ -73.930325105814035, 40.689297264199922 ] ], [ [ -73.931471845498365, 40.694860902327044 ], [ -73.931345419526608, 40.694421698769126 ] ], [ [ -73.931203228325728, 40.693691900998473 ], [ -73.931053256421237, 40.692961161806451 ] ], [ [ -73.930034695394326, 40.687832429178037 ], [ -73.929887650174109, 40.687099411533275 ] ], [ [ -73.93076092281872, 40.69149517590261 ], [ -73.930616914261037, 40.690761539946052 ] ], [ [ -73.930325105814035, 40.689297264199922 ], [ -73.930179970098067, 40.688565139724304 ] ], [ [ -73.930907088511987, 40.692227687548844 ], [ -73.93076092281872, 40.69149517590261 ] ], [ [ -73.929887650174109, 40.687099411533275 ], [ -73.92974998993104, 40.686366021131882 ] ], [ [ -73.931345419526608, 40.694421698769126 ], [ -73.931145164715673, 40.694673974936386 ] ], [ [ -73.930616914261037, 40.690761539946052 ], [ -73.930469664725408, 40.690030234287917 ] ], [ [ -73.931345419526608, 40.694421698769126 ], [ -73.931203228325728, 40.693691900998473 ] ], [ [ -73.930125021291445, 40.688288002216865 ], [ -73.930034695394326, 40.687832429178037 ] ], [ [ -73.930179970098067, 40.688565139724304 ], [ -73.93014355319886, 40.688381470463185 ] ], [ [ -73.93014355319886, 40.688381470463185 ], [ -73.930125021291445, 40.688288002216865 ] ], [ [ -73.929590575314919, 40.685635048507784 ], [ -73.929513533105549, 40.685226479301043 ] ], [ [ -73.929513533105549, 40.685226479301043 ], [ -73.929452493643367, 40.684902765420233 ] ], [ [ -73.931211998860391, 40.694712769670652 ], [ -73.931345419526608, 40.694421698769126 ] ] ] } },
{ "type": "Feature", "properties": { "corridor_id": 100, "rank": 115, "name": "BARTOW AVENUE (Bronx)", "street": "BARTOW AVENUE", "borough": "Bronx", "n_blocks": 14, "n_routes": 6, "routes": [ "BX23", "BX25", "BX26", "BX28", "BX30", "BX38" ], "peak_period": "md", "hourly_pax": [ 342, 369, 201, 238, 169, 385, 988, 1363, 2475, 2069, 4079, 4364, 4140, 3808, 3667, 3764, 3743, 3438, 2559, 1965, 1292, 1810, 1326, 1141 ], "miles": 0.4, "pax_delay_min": 51879, "veh_delay_min": 5506, "riders_20d": 67563, "bus_trips_20d": 6588, "rider_block_crossings": 945884, "bus_block_crossings": 92236, "min_per_bus": 0.77, "sec_per_rider": 46, "riders_per_delayed_bus_min": 9.4, "riders_per_bus": 10.3, "pax_delay_per_mile": 130048, "veh_delay_per_mile": 13802, "buses_per_day": 329, "riders_per_day": 3378, "share_of_city_delay_pct": 0.26, "cum_share_pct": 75.74, "pax_am": 6896, "veh_am": 719, "riders_am": 163446, "share_am_pct": 13.9, "pax_md": 20058, "veh_md": 1597, "riders_md": 234645, "share_md_pct": 40.4, "pax_pm": 13504, "veh_pm": 1384, "riders_pm": 202402, "share_pm_pct": 27.2, "pax_ev": 7534, "veh_ev": 1001, "riders_ev": 103977, "share_ev_pct": 15.2, "pax_night": 1705, "veh_night": 202, "riders_night": 41137, "share_night_pct": 3.4 }, "geometry": { "type": "MultiLineString", "coordinates": [ [ [ -73.831766133747507, 40.868690670804483 ], [ -73.831705603785821, 40.868709953262034 ] ], [ [ -73.834001756876333, 40.868049439735273 ], [ -73.833549116008143, 40.868193637334663 ] ], [ [ -73.834817938862429, 40.86778172119071 ], [ -73.834001756876333, 40.868049439735273 ] ], [ [ -73.833451037939312, 40.868170983509074 ], [ -73.833129144437493, 40.868267201352836 ] ], [ [ -73.833549116008143, 40.868193637334663 ], [ -73.833451037939312, 40.868170983509074 ] ], [ [ -73.83565766537815, 40.867512755491511 ], [ -73.834817938862429, 40.86778172119071 ] ], [ [ -73.836489506423078, 40.867239845935629 ], [ -73.83565766537815, 40.867512755491511 ] ], [ [ -73.833129144437493, 40.868267201352836 ], [ -73.832720012498001, 40.868396984707623 ] ], [ [ -73.83731885555143, 40.866973788618097 ], [ -73.836489506423078, 40.867239845935629 ] ], [ [ -73.83875223518713, 40.866572776934277 ], [ -73.838146937544707, 40.866704661570679 ] ], [ [ -73.832563210351651, 40.86844253834208 ], [ -73.831766133747507, 40.868690670804483 ] ], [ [ -73.832621227938191, 40.868426036563157 ], [ -73.832563210351651, 40.86844253834208 ] ], [ [ -73.838146937544707, 40.866704661570679 ], [ -73.83731885555143, 40.866973788618097 ] ], [ [ -73.832720012498001, 40.868396984707623 ], [ -73.832621227938191, 40.868426036563157 ] ] ] } },
{ "type": "Feature", "properties": { "corridor_id": 78, "rank": 116, "name": "EAST 163 STREET (Bronx)", "street": "EAST 163 STREET", "borough": "Bronx", "n_blocks": 24, "n_routes": 3, "routes": [ "BX13", "BX6", "BX6+" ], "peak_period": "md", "hourly_pax": [ 799, 373, 77, 198, 417, 836, 1587, 810, 1572, 1744, 4179, 4469, 5857, 6850, 5537, 3223, 1421, 928, 762, 955, 1961, 2205, 1389, 806 ], "miles": 0.64, "pax_delay_min": 50775, "veh_delay_min": 4922, "riders_20d": 85114, "bus_trips_20d": 7256, "rider_block_crossings": 2042741, "bus_block_crossings": 174148, "min_per_bus": 0.65, "sec_per_rider": 39, "riders_per_delayed_bus_min": 10.3, "riders_per_bus": 11.7, "pax_delay_per_mile": 79028, "veh_delay_per_mile": 7661, "buses_per_day": 363, "riders_per_day": 4256, "share_of_city_delay_pct": 0.254, "cum_share_pct": 75.99, "pax_am": 5713, "veh_am": 682, "riders_am": 348196, "share_am_pct": 11.7, "pax_md": 26893, "veh_md": 1864, "riders_md": 467878, "share_md_pct": 54.9, "pax_pm": 6334, "veh_pm": 517, "riders_pm": 492779, "share_pm_pct": 12.9, "pax_ev": 7316, "veh_ev": 858, "riders_ev": 237218, "share_ev_pct": 14.9, "pax_night": 2700, "veh_night": 317, "riders_night": 88909, "share_night_pct": 5.5 }, "geometry": { "type": "MultiLineString", "coordinates": [ [ [ -73.909881073190164, 40.824450396055106 ], [ -73.908708592686025, 40.824066635073635 ] ], [ [ -73.903703310664127, 40.822850657946482 ], [ -73.903139460110552, 40.822715480671768 ] ], [ [ -73.901987586040633, 40.822440423035957 ], [ -73.900611410846267, 40.822108807838028 ] ], [ [ -73.910585896981488, 40.824633815923406 ], [ -73.909881073190164, 40.824450396055106 ] ], [ [ -73.907741659681875, 40.823815077350076 ], [ -73.906746982028309, 40.823581093690727 ] ], [ [ -73.906746982028309, 40.823581093690727 ], [ -73.905731818314365, 40.823336936369778 ] ], [ [ -73.905731818314365, 40.823336936369778 ], [ -73.905154677126248, 40.823198586578805 ] ], [ [ -73.905154677126248, 40.823198586578805 ], [ -73.905059943958889, 40.823175877320374 ] ], [ [ -73.905059943958889, 40.823175877320374 ], [ -73.904778892965865, 40.823108503730147 ] ], [ [ -73.904778892965865, 40.823108503730147 ], [ -73.904697628412805, 40.823089023202549 ] ], [ [ -73.904697628412805, 40.823089023202549 ], [ -73.904558575595729, 40.823055688868195 ] ], [ [ -73.904558575595729, 40.823055688868195 ], [ -73.904482215020664, 40.823037383693155 ] ], [ [ -73.904145947988411, 40.822956771140717 ], [ -73.90406959919838, 40.82293846844648 ] ], [ [ -73.90406959919838, 40.82293846844648 ], [ -73.903780747867543, 40.822869221991205 ] ], [ [ -73.903780747867543, 40.822869221991205 ], [ -73.903703310664127, 40.822850657946482 ] ], [ [ -73.904482215020664, 40.823037383693155 ], [ -73.904384224398854, 40.823013893052625 ] ], [ [ -73.904384224398854, 40.823013893052625 ], [ -73.904271860754136, 40.822986956205781 ] ], [ [ -73.904271860754136, 40.822986956205781 ], [ -73.904145947988411, 40.822956771140717 ] ], [ [ -73.900611410846267, 40.822108807838028 ], [ -73.899095430866552, 40.821772756799056 ] ], [ [ -73.899095430866552, 40.821772756799056 ], [ -73.898943526343828, 40.821739082204637 ] ], [ [ -73.903139460110552, 40.822715480671768 ], [ -73.902250372187581, 40.822503175734575 ] ], [ [ -73.902250372187581, 40.822503175734575 ], [ -73.901987586040633, 40.822440423035957 ] ], [ [ -73.908708592686025, 40.824066635073635 ], [ -73.908434104579641, 40.823995225497974 ] ], [ [ -73.908434104579641, 40.823995225497974 ], [ -73.907741659681875, 40.823815077350076 ] ] ] } },
{ "type": "Feature", "properties": { "corridor_id": 51, "rank": 117, "name": "STEUBEN STREET (Staten Island)", "street": "STEUBEN STREET", "borough": "Staten Island", "n_blocks": 24, "n_routes": 6, "routes": [ "S79+", "SIM1", "SIM10", "SIM11", "SIM1C", "SIM7" ], "peak_period": "am", "hourly_pax": [ 336, 233, 106, 155, 568, 2830, 6742, 1676, 3044, 2230, 1585, 1355, 1468, 1654, 2261, 1885, 2023, 2347, 2974, 1777, 1418, 1034, 873, 615 ], "miles": 0.79, "pax_delay_min": 50434, "veh_delay_min": 2668, "riders_20d": 91185, "bus_trips_20d": 4738, "rider_block_crossings": 2188452, "bus_block_crossings": 113717, "min_per_bus": 0.55, "sec_per_rider": 33, "riders_per_delayed_bus_min": 18.9, "riders_per_bus": 19.2, "pax_delay_per_mile": 63518, "veh_delay_per_mile": 3361, "buses_per_day": 237, "riders_per_day": 4559, "share_of_city_delay_pct": 0.253, "cum_share_pct": 76.25, "pax_am": 13691, "veh_am": 832, "riders_am": 521845, "share_am_pct": 33.2, "pax_md": 8324, "veh_md": 356, "riders_md": 373933, "share_md_pct": 20.2, "pax_pm": 9229, "veh_pm": 438, "riders_pm": 486951, "share_pm_pct": 22.4, "pax_ev": 5717, "veh_ev": 372, "riders_ev": 220444, "share_ev_pct": 13.9, "pax_night": 4228, "veh_night": 243, "riders_night": 145270, "share_night_pct": 10.3 }, "geometry": { "type": "MultiLineString", "coordinates": [ [ [ -74.078475587716881, 40.598609462320951 ], [ -74.078447595851728, 40.598485614143172 ] ], [ [ -74.077166977715052, 40.599858463921557 ], [ -74.077343608765347, 40.599638833755627 ] ], [ [ -74.07637422307495, 40.601206021975699 ], [ -74.076381574954482, 40.60097105247786 ] ], [ [ -74.077219477248079, 40.599569432651059 ], [ -74.077633963927326, 40.599196211006401 ] ], [ [ -74.076512909986263, 40.601242445973789 ], [ -74.076500539204645, 40.601035450857772 ] ], [ [ -74.077033020060881, 40.602844010958471 ], [ -74.07664143125713, 40.602159308450304 ] ], [ [ -74.076500539204645, 40.601035450857772 ], [ -74.076779277333685, 40.600517608633943 ] ], [ [ -74.076622029323232, 40.600510383322657 ], [ -74.076794158719906, 40.60019474341852 ] ], [ [ -74.078276975952662, 40.598596981031257 ], [ -74.078447595851728, 40.598485614143172 ] ], [ [ -74.077245687839664, 40.602941148516962 ], [ -74.077176530715718, 40.602808888313312 ] ], [ [ -74.076994033108122, 40.599843991313051 ], [ -74.077219477248079, 40.599569432651059 ] ], [ [ -74.07664143125713, 40.602159308450304 ], [ -74.07637422307495, 40.601206021975699 ] ], [ [ -74.076779277333685, 40.600517608633943 ], [ -74.07693201879249, 40.600254013521543 ] ], [ [ -74.077018461403839, 40.603630338555604 ], [ -74.077080114365074, 40.602976806186199 ] ], [ [ -74.077343608765347, 40.599638833755627 ], [ -74.077819824608767, 40.599204874146494 ] ], [ [ -74.07676559078736, 40.602095936582153 ], [ -74.076512909986263, 40.601242445973789 ] ], [ [ -74.077633963927326, 40.599196211006401 ], [ -74.078276975952662, 40.598596981031257 ] ], [ [ -74.076794158719906, 40.60019474341852 ], [ -74.076994033108122, 40.599843991313051 ] ], [ [ -74.077176530715718, 40.602808888313312 ], [ -74.07676559078736, 40.602095936582153 ] ], [ [ -74.077080114365074, 40.602976806186199 ], [ -74.077033020060881, 40.602844010958471 ] ], [ [ -74.076381574954482, 40.60097105247786 ], [ -74.076622029323232, 40.600510383322657 ] ], [ [ -74.077819824608767, 40.599204874146494 ], [ -74.078475587716881, 40.598609462320951 ] ], [ [ -74.07758509851277, 40.603658395734705 ], [ -74.077245687839664, 40.602941148516962 ] ], [ [ -74.07693201879249, 40.600254013521543 ], [ -74.077166977715052, 40.599858463921557 ] ] ] } },
{ "type": "Feature", "properties": { "corridor_id": 347, "rank": 118, "name": "EAST 72 STREET (Manhattan)", "street": "EAST 72 STREET", "borough": "Manhattan", "n_blocks": 11, "n_routes": 6, "routes": [ "BXM10", "BXM6", "BXM7", "BXM8", "BXM9", "M72" ], "peak_period": "md", "hourly_pax": [ 410, 37, 2, 0, 0, 122, 3153, 2949, 4128, 4793, 4810, 5013, 4407, 4051, 3693, 2011, 1865, 2394, 1527, 1107, 499, 507, 458, 520 ], "miles": 0.8, "pax_delay_min": 50225, "veh_delay_min": 12978, "riders_20d": 29942, "bus_trips_20d": 3685, "rider_block_crossings": 329365, "bus_block_crossings": 40535, "min_per_bus": 8.39, "sec_per_rider": 504, "riders_per_delayed_bus_min": 3.9, "riders_per_bus": 8.1, "pax_delay_per_mile": 62982, "veh_delay_per_mile": 16275, "buses_per_day": 184, "riders_per_day": 1497, "share_of_city_delay_pct": 0.252, "cum_share_pct": 76.5, "pax_am": 15023, "veh_am": 2388, "riders_am": 32523, "share_am_pct": 31.0, "pax_md": 21974, "veh_md": 3988, "riders_md": 73488, "share_md_pct": 45.3, "pax_pm": 7798, "veh_pm": 2388, "riders_pm": 116167, "share_pm_pct": 16.1, "pax_ev": 3091, "veh_ev": 1652, "riders_ev": 47055, "share_ev_pct": 6.4, "pax_night": 570, "veh_night": 96, "riders_night": 6383, "share_night_pct": 1.2 }, "geometry": { "type": "MultiLineString", "coordinates": [ [ [ -73.963921554322539, 40.771144766350154 ], [ -73.963824615592941, 40.77110397931822 ] ], [ [ -73.963712636583253, 40.771057018941065 ], [ -73.962211052575398, 40.7704234730165 ] ], [ [ -73.967039475766086, 40.772461218830856 ], [ -73.965435653984841, 40.771781751482052 ] ], [ [ -73.965435653984841, 40.771781751482052 ], [ -73.963921554322539, 40.771144766350154 ] ], [ [ -73.963824615592941, 40.77110397931822 ], [ -73.963712636583253, 40.771057018941065 ] ], [ [ -73.962211052575398, 40.7704234730165 ], [ -73.960601806349104, 40.769749186778718 ] ], [ [ -73.960601806349104, 40.769749186778718 ], [ -73.958365332451905, 40.768797733699955 ] ], [ [ -73.958365332451905, 40.768797733699955 ], [ -73.957934203109957, 40.768621794031617 ] ], [ [ -73.957934203109957, 40.768621794031617 ], [ -73.955999086960219, 40.767803892203254 ] ], [ [ -73.955999086960219, 40.767803892203254 ], [ -73.955481509301691, 40.767585031933692 ] ], [ [ -73.955481509301691, 40.767585031933692 ], [ -73.953748956170656, 40.766852385145739 ] ] ] } },
{ "type": "Feature", "properties": { "corridor_id": 251, "rank": 119, "name": "RALPH AVENUE (Brooklyn)", "street": "RALPH AVENUE", "borough": "Brooklyn", "n_blocks": 26, "n_routes": 3, "routes": [ "B14", "B15", "B47" ], "peak_period": "md", "hourly_pax": [ 473, 461, 340, 291, 504, 857, 1981, 2549, 4577, 4599, 3435, 3736, 3502, 4065, 4775, 4340, 3675, 4763, 4538, 2045, 1346, 1248, 856, 715 ], "miles": 0.9, "pax_delay_min": 49857, "veh_delay_min": 5191, "riders_20d": 48961, "bus_trips_20d": 4885, "rider_block_crossings": 1272980, "bus_block_crossings": 127008, "min_per_bus": 0.41, "sec_per_rider": 25, "riders_per_delayed_bus_min": 9.6, "riders_per_bus": 10.0, "pax_delay_per_mile": 55279, "veh_delay_per_mile": 5755, "buses_per_day": 244, "riders_per_day": 2448, "share_of_city_delay_pct": 0.25, "cum_share_pct": 76.75, "pax_am": 13707, "veh_am": 1161, "riders_am": 231000, "share_am_pct": 23.0, "pax_md": 19513, "veh_md": 1640, "riders_md": 285647, "share_md_pct": 32.7, "pax_pm": 17316, "veh_pm": 1335, "riders_pm": 263855, "share_pm_pct": 29.0, "pax_ev": 6209, "veh_ev": 991, "riders_ev": 114681, "share_ev_pct": 10.4, "pax_night": 2926, "veh_night": 446, "riders_night": 72877, "share_night_pct": 4.9 }, "geometry": { "type": "MultiLineString", "coordinates": [ [ [ -73.922655300480528, 40.668127115036995 ], [ -73.922727142452388, 40.667365056365362 ] ], [ [ -73.922466968265212, 40.670116930361203 ], [ -73.922544322911676, 40.669275810720542 ] ], [ [ -73.922544322911676, 40.669275810720542 ], [ -73.922613543103708, 40.668564107255555 ] ], [ [ -73.922727142452388, 40.667365056365362 ], [ -73.922752572145427, 40.667097332366758 ] ], [ [ -73.922384017714592, 40.67100876299051 ], [ -73.922453554252129, 40.670261148956087 ] ], [ [ -73.921900905207366, 40.676131621061892 ], [ -73.92197495280341, 40.675348547228275 ] ], [ [ -73.921711599385503, 40.678115713867058 ], [ -73.921815390167311, 40.677018390088705 ] ], [ [ -73.921815390167311, 40.677018390088705 ], [ -73.92182361012776, 40.67693835802239 ] ], [ [ -73.922613543103708, 40.668564107255555 ], [ -73.922632107684521, 40.668373210535833 ] ], [ [ -73.922299503677237, 40.671900261469162 ], [ -73.922384017714592, 40.67100876299051 ] ], [ [ -73.922214443896834, 40.672791633163278 ], [ -73.922299503677237, 40.671900261469162 ] ], [ [ -73.922131533734714, 40.673683888875786 ], [ -73.922214443896834, 40.672791633163278 ] ], [ [ -73.922048433048147, 40.6745743972551 ], [ -73.922131533734714, 40.673683888875786 ] ], [ [ -73.92197495280341, 40.675348547228275 ], [ -73.922048433048147, 40.6745743972551 ] ], [ [ -73.92164748115529, 40.678870547007996 ], [ -73.921711599385503, 40.678115713867058 ] ], [ [ -73.92182361012776, 40.67693835802239 ], [ -73.921832325489461, 40.676849041813703 ] ], [ [ -73.922632107684521, 40.668373210535833 ], [ -73.922655300480528, 40.668127115036995 ] ], [ [ -73.921832325489461, 40.676849041813703 ], [ -73.921900905207366, 40.676131621061892 ] ], [ [ -73.922453554252129, 40.670261148956087 ], [ -73.922466968265212, 40.670116930361203 ] ], [ [ -73.922752572145427, 40.667097332366758 ], [ -73.922634103715211, 40.666618183741008 ] ], [ [ -73.922634103715211, 40.666618183741008 ], [ -73.922626059114165, 40.66658564748645 ] ], [ [ -73.922626059114165, 40.66658564748645 ], [ -73.922591616889235, 40.666446344081237 ] ], [ [ -73.922591616889235, 40.666446344081237 ], [ -73.922583104482101, 40.666411914708661 ] ], [ [ -73.922583104482101, 40.666411914708661 ], [ -73.922504291760916, 40.666093148343279 ] ], [ [ -73.922504291760916, 40.666093148343279 ], [ -73.922494517270763, 40.666053614195881 ] ], [ [ -73.922494517270763, 40.666053614195881 ], [ -73.922444551452998, 40.665851519769603 ] ] ] } },
{ "type": "Feature", "properties": { "corridor_id": 41, "rank": 120, "name": "EAST KINGSBRIDGE ROAD (Bronx)", "street": "EAST KINGSBRIDGE ROAD", "borough": "Bronx", "n_blocks": 26, "n_routes": 5, "routes": [ "BX22", "BX28", "BX34", "BX38", "BX9" ], "peak_period": "md", "hourly_pax": [ 548, 29, 29, 14, 3, 73, 1878, 2946, 3277, 3911, 3061, 3011, 2449, 1976, 2235, 2246, 2306, 2539, 1707, 1006, 806, 1155, 1068, 638 ], "miles": 0.68, "pax_delay_min": 49748, "veh_delay_min": 16663, "riders_20d": 10885, "bus_trips_20d": 5642, "rider_block_crossings": 283012, "bus_block_crossings": 146704, "min_per_bus": 2.65, "sec_per_rider": 159, "riders_per_delayed_bus_min": 3.0, "riders_per_bus": 1.9, "pax_delay_per_mile": 73058, "veh_delay_per_mile": 24471, "buses_per_day": 282, "riders_per_day": 544, "share_of_city_delay_pct": 0.249, "cum_share_pct": 77.0, "pax_am": 12012, "veh_am": 3978, "riders_am": 65734, "share_am_pct": 30.9, "pax_md": 12732, "veh_md": 4236, "riders_md": 72626, "share_md_pct": 32.7, "pax_pm": 8797, "veh_pm": 2678, "riders_pm": 60382, "share_pm_pct": 22.6, "pax_ev": 4673, "veh_ev": 2771, "riders_ev": 32251, "share_ev_pct": 12.0, "pax_night": 697, "veh_night": 426, "riders_night": 8232, "share_night_pct": 1.8 }, "geometry": { "type": "MultiLineString", "coordinates": [ [ [ -73.896313157500188, 40.867038575568806 ], [ -73.895442634440911, 40.866602088443564 ] ], [ [ -73.894472048477127, 40.866231004366796 ], [ -73.894318253189496, 40.866153925871799 ] ], [ [ -73.897403233812256, 40.867474189304431 ], [ -73.896313157500188, 40.867038575568806 ] ], [ [ -73.893714703401415, 40.862021434787195 ], [ -73.893559143430281, 40.861925967387357 ] ], [ [ -73.893986206710366, 40.865000895021346 ], [ -73.894321329170438, 40.864275197118296 ] ], [ [ -73.895442634440911, 40.866602088443564 ], [ -73.895285204685479, 40.866646934031529 ] ], [ [ -73.895442634440911, 40.866602088443564 ], [ -73.895381015334607, 40.866539547341993 ] ], [ [ -73.893821626160204, 40.865247369713714 ], [ -73.893986206710366, 40.865000895021346 ] ], [ [ -73.893466381009134, 40.865382404231489 ], [ -73.8936240160766, 40.865326539144135 ] ], [ [ -73.893715985085848, 40.865293098495961 ], [ -73.893821626160204, 40.865247369713714 ] ], [ [ -73.895285204685479, 40.866646934031529 ], [ -73.894472048477127, 40.866231004366796 ] ], [ [ -73.895421126660878, 40.866467796669703 ], [ -73.894601007392737, 40.866068025666408 ] ], [ [ -73.894434082304599, 40.865997409524184 ], [ -73.894270618762064, 40.86591375734622 ] ], [ [ -73.8936240160766, 40.865326539144135 ], [ -73.893715985085848, 40.865293098495961 ] ], [ [ -73.894270618762064, 40.86591375734622 ], [ -73.893990742188819, 40.865720102504653 ] ], [ [ -73.89404470071355, 40.862422895745425 ], [ -73.893714703401415, 40.862021434787195 ] ], [ [ -73.894150622887338, 40.866064407582982 ], [ -73.893776026871791, 40.865835987128371 ] ], [ [ -73.894601007392737, 40.866068025666408 ], [ -73.894434082304599, 40.865997409524184 ] ], [ [ -73.894318253189496, 40.866153925871799 ], [ -73.894150622887338, 40.866064407582982 ] ], [ [ -73.893990742188819, 40.865720102504653 ], [ -73.893986206710366, 40.865000895021346 ] ], [ [ -73.895442634440911, 40.866602088443564 ], [ -73.895421126660878, 40.866467796669703 ] ], [ [ -73.893776026871791, 40.865835987128371 ], [ -73.893466381009134, 40.865382404231489 ] ], [ [ -73.894321329170438, 40.864275197118296 ], [ -73.894278405698472, 40.863901140897632 ] ], [ [ -73.894278405698472, 40.863901140897632 ], [ -73.89419408425637, 40.863166307491383 ] ], [ [ -73.89419408425637, 40.863166307491383 ], [ -73.894186548228973, 40.863007436250314 ] ], [ [ -73.894186548228973, 40.863007436250314 ], [ -73.89404470071355, 40.862422895745425 ] ] ] } },
{ "type": "Feature", "properties": { "corridor_id": 335, "rank": 121, "name": "10 AVENUE (Manhattan)", "street": "10 AVENUE", "borough": "Manhattan", "n_blocks": 20, "n_routes": 2, "routes": [ "M11", "M31" ], "peak_period": "md", "hourly_pax": [ 452, 25, 0, 0, 0, 0, 586, 749, 1564, 1870, 3169, 2721, 2927, 2552, 1902, 3198, 1841, 2260, 2018, 976, 1401, 1050, 1154, 574 ], "miles": 0.9, "pax_delay_min": 49606, "veh_delay_min": 4154, "riders_20d": 20402, "bus_trips_20d": 1760, "rider_block_crossings": 408033, "bus_block_crossings": 35209, "min_per_bus": 2.34, "sec_per_rider": 140, "riders_per_delayed_bus_min": 11.9, "riders_per_bus": 11.6, "pax_delay_per_mile": 55076, "veh_delay_per_mile": 4612, "buses_per_day": 88, "riders_per_day": 1020, "share_of_city_delay_pct": 0.248, "cum_share_pct": 77.24, "pax_am": 4768, "veh_am": 565, "riders_am": 55521, "share_am_pct": 14.5, "pax_md": 13270, "veh_md": 1093, "riders_md": 98540, "share_md_pct": 40.2, "pax_pm": 9317, "veh_pm": 610, "riders_pm": 94425, "share_pm_pct": 28.2, "pax_ev": 5155, "veh_ev": 563, "riders_ev": 44396, "share_ev_pct": 15.6, "pax_night": 477, "veh_night": 94, "riders_night": 5730, "share_night_pct": 1.4 }, "geometry": { "type": "MultiLineString", "coordinates": [ [ [ -73.993164790199856, 40.762810696423969 ], [ -73.992701435129618, 40.763430805258551 ] ], [ [ -73.989963826867694, 40.767187474658009 ], [ -73.989504982533845, 40.7678153821644 ] ], [ [ -73.994983581460346, 40.760300161837229 ], [ -73.994525932594357, 40.760927044827021 ] ], [ [ -73.989504982533845, 40.7678153821644 ], [ -73.989050772015219, 40.768440091152421 ] ], [ [ -73.994525932594357, 40.760927044827021 ], [ -73.994067693827617, 40.761555169279795 ] ], [ [ -73.990875994774058, 40.765934220434552 ], [ -73.990421680009746, 40.766561258140285 ] ], [ [ -73.992701435129618, 40.763430805258551 ], [ -73.992244027838851, 40.764056778911417 ] ], [ [ -73.989050772015219, 40.768440091152421 ], [ -73.988558986297932, 40.769115817091205 ] ], [ [ -73.994067693827617, 40.761555169279795 ], [ -73.993609306343174, 40.762183435668611 ] ], [ [ -73.995931497735242, 40.758996452688564 ], [ -73.995474502174034, 40.759626856429172 ] ], [ [ -73.988558986297932, 40.769115817091205 ], [ -73.98806289600212, 40.769790799887033 ] ], [ [ -73.98806289600212, 40.769790799887033 ], [ -73.987615121591503, 40.770415443041756 ] ], [ [ -73.991332645760565, 40.765309269803858 ], [ -73.990875994774058, 40.765934220434552 ] ], [ [ -73.995474502174034, 40.759626856429172 ], [ -73.994983581460346, 40.760300161837229 ] ], [ [ -73.990421680009746, 40.766561258140285 ], [ -73.989963826867694, 40.767187474658009 ] ], [ [ -73.992244027838851, 40.764056778911417 ], [ -73.991788340980634, 40.764683867100239 ] ], [ [ -73.991788340980634, 40.764683867100239 ], [ -73.991332645760565, 40.765309269803858 ] ], [ [ -73.993609306343174, 40.762183435668611 ], [ -73.993379703458203, 40.762499120286023 ] ], [ [ -73.993379703458203, 40.762499120286023 ], [ -73.993289546774889, 40.762631074069645 ] ], [ [ -73.993289546774889, 40.762631074069645 ], [ -73.993164790199856, 40.762810696423969 ] ] ] } },
{ "type": "Feature", "properties": { "corridor_id": 26, "rank": 122, "name": "VICTORY BOULEVARD (Staten Island)", "street": "VICTORY BOULEVARD", "borough": "Staten Island", "n_blocks": 40, "n_routes": 9, "routes": [ "S61", "S62", "S66", "S91", "S92", "S93", "SIM3", "SIM34", "SIM3C" ], "peak_period": "pm", "hourly_pax": [ 919, 497, 579, 161, 241, 1350, 9221, 970, 2153, 2735, 2409, 3382, 4017, 4002, 2536, 3791, 6785, 7099, 7434, 1674, 2845, 3505, 2292, 1997 ], "miles": 1.61, "pax_delay_min": 49228, "veh_delay_min": 7657, "riders_20d": 51190, "bus_trips_20d": 8922, "rider_block_crossings": 2047619, "bus_block_crossings": 356873, "min_per_bus": 0.72, "sec_per_rider": 43, "riders_per_delayed_bus_min": 6.4, "riders_per_bus": 5.7, "pax_delay_per_mile": 30586, "veh_delay_per_mile": 4757, "buses_per_day": 446, "riders_per_day": 2560, "share_of_city_delay_pct": 0.247, "cum_share_pct": 77.49, "pax_am": 15079, "veh_am": 2230, "riders_am": 502013, "share_am_pct": 20.8, "pax_md": 16346, "veh_md": 3067, "riders_md": 381185, "share_md_pct": 22.5, "pax_pm": 25109, "veh_pm": 2649, "riders_pm": 482011, "share_pm_pct": 34.6, "pax_ev": 12313, "veh_ev": 3100, "riders_ev": 213434, "share_ev_pct": 17.0, "pax_night": 3747, "veh_night": 667, "riders_night": 120795, "share_night_pct": 5.2 }, "geometry": { "type": "MultiLineString", "coordinates": [ [ [ -74.12780536231989, 40.612686006555485 ], [ -74.128381174751198, 40.612640825059657 ] ], [ [ -74.11395981089909, 40.61375669949291 ], [ -74.114145700299034, 40.613741530110644 ] ], [ [ -74.116497993418648, 40.613557215968171 ], [ -74.116842125155344, 40.613525460170663 ] ], [ [ -74.132305523688785, 40.612438431216276 ], [ -74.133234129479291, 40.612375906990529 ] ], [ [ -74.133234129479291, 40.612375906990529 ], [ -74.134170140942643, 40.612330278410752 ] ], [ [ -74.10935747921188, 40.614545605326128 ], [ -74.111453584722753, 40.614107397354644 ] ], [ [ -74.119449074148079, 40.613319730798601 ], [ -74.120444606626492, 40.613241679833628 ] ], [ [ -74.126048603028437, 40.612836884598764 ], [ -74.126870853106098, 40.612768314154728 ] ], [ [ -74.136040504132154, 40.612261351229932 ], [ -74.136633640981813, 40.612169343662899 ] ], [ [ -74.107949330644999, 40.614855292450798 ], [ -74.108850210848843, 40.614655238813405 ] ], [ [ -74.120662583305517, 40.613224440073409 ], [ -74.121404794482373, 40.613165016253724 ] ], [ [ -74.130718792131518, 40.612557845830274 ], [ -74.130947716985787, 40.612539953235157 ] ], [ [ -74.124636584869634, 40.612952375668272 ], [ -74.12476766345587, 40.612943696597512 ] ], [ [ -74.127112020311046, 40.612749523629041 ], [ -74.12780536231989, 40.612686006555485 ] ], [ [ -74.126870853106098, 40.612768314154728 ], [ -74.127112020311046, 40.612749523629041 ] ], [ [ -74.12915668087696, 40.612579594360746 ], [ -74.130216732118555, 40.612537451203792 ] ], [ [ -74.111453584722753, 40.614107397354644 ], [ -74.113374495023535, 40.613804464901506 ] ], [ [ -74.113712435054481, 40.61377689091001 ], [ -74.11395981089909, 40.61375669949291 ] ], [ [ -74.125599539967581, 40.612874332104546 ], [ -74.126048603028437, 40.612836884598764 ] ], [ [ -74.122557773822351, 40.613076631419744 ], [ -74.12407547435005, 40.612988670011795 ] ], [ [ -74.130947716985787, 40.612539953235157 ], [ -74.131307115123292, 40.612518767870817 ] ], [ [ -74.134170140942643, 40.612330278410752 ], [ -74.135107008864153, 40.61229397955023 ] ], [ [ -74.135107008864153, 40.61229397955023 ], [ -74.136040504132154, 40.612261351229932 ] ], [ [ -74.120444606626492, 40.613241679833628 ], [ -74.120662583305517, 40.613224440073409 ] ], [ [ -74.128381174751198, 40.612640825059657 ], [ -74.12915668087696, 40.612579594360746 ] ], [ [ -74.116842125155344, 40.613525460170663 ], [ -74.11828430623008, 40.613415237707763 ] ], [ [ -74.12407547435005, 40.612988670011795 ], [ -74.124636584869634, 40.612952375668272 ] ], [ [ -74.119183111124812, 40.613338575693717 ], [ -74.119449074148079, 40.613319730798601 ] ], [ [ -74.108850210848843, 40.614655238813405 ], [ -74.10935747921188, 40.614545605326128 ] ], [ [ -74.11828430623008, 40.613415237707763 ], [ -74.119183111124812, 40.613338575693717 ] ], [ [ -74.12476766345587, 40.612943696597512 ], [ -74.125599539967581, 40.612874332104546 ] ], [ [ -74.130216732118555, 40.612537451203792 ], [ -74.130718792131518, 40.612557845830274 ] ], [ [ -74.131307115123292, 40.612518767870817 ], [ -74.132305523688785, 40.612438431216276 ] ], [ [ -74.114145700299034, 40.613741530110644 ], [ -74.115132273120111, 40.613661804571677 ] ], [ [ -74.121404794482373, 40.613165016253724 ], [ -74.122557773822351, 40.613076631419744 ] ], [ [ -74.113374495023535, 40.613804464901506 ], [ -74.113712435054481, 40.61377689091001 ] ], [ [ -74.115132273120111, 40.613661804571677 ], [ -74.115541606978937, 40.613629166100552 ] ], [ [ -74.115541606978937, 40.613629166100552 ], [ -74.116497993418648, 40.613557215968171 ] ], [ [ -74.136633640981813, 40.612169343662899 ], [ -74.13680676014323, 40.612137363971215 ] ], [ [ -74.13680676014323, 40.612137363971215 ], [ -74.138222858860743, 40.611875761079894 ] ] ] } },
{ "type": "Feature", "properties": { "corridor_id": 262, "rank": 123, "name": "CONEY ISLAND AVENUE (Brooklyn)", "street": "CONEY ISLAND AVENUE", "borough": "Brooklyn", "n_blocks": 16, "n_routes": 6, "routes": [ "B103", "B68", "BM1", "BM2", "BM3", "BM4" ], "peak_period": "pm", "hourly_pax": [ 774, 341, 243, 17, 51, 655, 1873, 1270, 1215, 2339, 1600, 2519, 2990, 2939, 2827, 4744, 3919, 4879, 5614, 1366, 902, 1023, 1084, 1012 ], "miles": 0.8, "pax_delay_min": 49168, "veh_delay_min": 8715, "riders_20d": 48355, "bus_trips_20d": 6827, "rider_block_crossings": 773674, "bus_block_crossings": 109228, "min_per_bus": 1.28, "sec_per_rider": 77, "riders_per_delayed_bus_min": 5.6, "riders_per_bus": 7.1, "pax_delay_per_mile": 61669, "veh_delay_per_mile": 10931, "buses_per_day": 341, "riders_per_day": 2418, "share_of_city_delay_pct": 0.246, "cum_share_pct": 77.74, "pax_am": 6696, "veh_am": 1280, "riders_am": 158198, "share_am_pct": 14.5, "pax_md": 12875, "veh_md": 2584, "riders_md": 111558, "share_md_pct": 27.9, "pax_pm": 19156, "veh_pm": 2239, "riders_pm": 284451, "share_pm_pct": 41.5, "pax_ev": 5387, "veh_ev": 1083, "riders_ev": 84964, "share_ev_pct": 11.7, "pax_night": 2082, "veh_night": 298, "riders_night": 22775, "share_night_pct": 4.5 }, "geometry": { "type": "MultiLineString", "coordinates": [ [ [ -73.970841138078384, 40.646378571028016 ], [ -73.970769761548667, 40.646110906792266 ] ], [ [ -73.969399031328692, 40.641382445696983 ], [ -73.96891461130808, 40.639757159218959 ] ], [ [ -73.971908903877917, 40.650051409286903 ], [ -73.971559304315534, 40.648822828334957 ] ], [ [ -73.971559304315534, 40.648822828334957 ], [ -73.971396316879449, 40.648257785184732 ] ], [ [ -73.970545543903881, 40.645316667598948 ], [ -73.970316770651237, 40.644537940244867 ] ], [ [ -73.970316770651237, 40.644537940244867 ], [ -73.970088978051194, 40.643745839479863 ] ], [ [ -73.971210391136651, 40.647620154059616 ], [ -73.970841138078384, 40.646378571028016 ] ], [ [ -73.970769761548667, 40.646110906792266 ], [ -73.970545543903881, 40.645316667598948 ] ], [ [ -73.969884647389563, 40.643030296951054 ], [ -73.969686118149824, 40.642356009382837 ] ], [ [ -73.969484681320338, 40.641689896542211 ], [ -73.969399031328692, 40.641382445696983 ] ], [ [ -73.971396316879449, 40.648257785184732 ], [ -73.971210391136651, 40.647620154059616 ] ], [ [ -73.970088978051194, 40.643745839479863 ], [ -73.969884647389563, 40.643030296951054 ] ], [ [ -73.969686118149824, 40.642356009382837 ], [ -73.969484681320338, 40.641689896542211 ] ], [ [ -73.97189264754455, 40.650730151734521 ], [ -73.972035850011721, 40.650485627028246 ] ], [ [ -73.972341149108004, 40.65065904817245 ], [ -73.972035850011721, 40.650485627028246 ] ], [ [ -73.972035850011721, 40.650485627028246 ], [ -73.971908903877917, 40.650051409286903 ] ] ] } },
{ "type": "Feature", "properties": { "corridor_id": 74, "rank": 124, "name": "EAST 241 STREET (Bronx)", "street": "EAST 241 STREET", "borough": "Bronx", "n_blocks": 5, "n_routes": 2, "routes": [ "BX39", "BXM11" ], "peak_period": "md", "hourly_pax": [ 76, 161, 60, 160, 11, 224, 12, 55, 91, 51, 7215, 4355, 5121, 1277, 1943, 1524, 1866, 2804, 4826, 1452, 1308, 804, 1040, 450 ], "miles": 0.23, "pax_delay_min": 48452, "veh_delay_min": 21067, "riders_20d": 4627, "bus_trips_20d": 2286, "rider_block_crossings": 23133, "bus_block_crossings": 11428, "min_per_bus": 8.47, "sec_per_rider": 508, "riders_per_delayed_bus_min": 2.3, "riders_per_bus": 2.0, "pax_delay_per_mile": 212570, "veh_delay_per_mile": 92426, "buses_per_day": 114, "riders_per_day": 231, "share_of_city_delay_pct": 0.243, "cum_share_pct": 77.98, "pax_am": 209, "veh_am": 3386, "riders_am": 459, "share_am_pct": 0.6, "pax_md": 19911, "veh_md": 4520, "riders_md": 7658, "share_md_pct": 54.0, "pax_pm": 11019, "veh_pm": 4593, "riders_pm": 4361, "share_pm_pct": 29.9, "pax_ev": 5053, "veh_ev": 2841, "riders_ev": 3772, "share_ev_pct": 13.7, "pax_night": 691, "veh_night": 430, "riders_night": 1124, "share_night_pct": 1.9 }, "geometry": { "type": "MultiLineString", "coordinates": [ [ [ -73.850339151143217, 40.903482242466438 ], [ -73.849859648131059, 40.903180831607344 ] ], [ [ -73.849859648131059, 40.903180831607344 ], [ -73.849550096618827, 40.90304495965286 ] ], [ [ -73.84761904408991, 40.902161131882394 ], [ -73.846936985228311, 40.901520030227545 ] ], [ [ -73.848098299455515, 40.90237647500048 ], [ -73.84761904408991, 40.902161131882394 ] ], [ [ -73.849550096618827, 40.90304495965286 ], [ -73.848098299455515, 40.90237647500048 ] ] ] } },
{ "type": "Feature", "properties": { "corridor_id": 516, "rank": 125, "name": "BROADWAY (Queens)", "street": "BROADWAY", "borough": "Queens", "n_blocks": 15, "n_routes": 3, "routes": [ "Q53+", "Q58", "Q98" ], "peak_period": "md", "hourly_pax": [ 346, 433, 153, 122, 429, 1082, 2561, 2922, 2050, 1915, 2400, 2951, 2083, 2137, 2469, 2224, 2584, 2529, 2539, 1768, 1521, 1217, 1241, 893 ], "miles": 0.43, "pax_delay_min": 47730, "veh_delay_min": 4431, "riders_20d": 54388, "bus_trips_20d": 6325, "rider_block_crossings": 815817, "bus_block_crossings": 94873, "min_per_bus": 0.37, "sec_per_rider": 22, "riders_per_delayed_bus_min": 10.8, "riders_per_bus": 8.6, "pax_delay_per_mile": 111243, "veh_delay_per_mile": 10328, "buses_per_day": 316, "riders_per_day": 2719, "share_of_city_delay_pct": 0.239, "cum_share_pct": 78.22, "pax_am": 9448, "veh_am": 873, "riders_am": 135770, "share_am_pct": 23.3, "pax_md": 12040, "veh_md": 1057, "riders_md": 155965, "share_md_pct": 29.7, "pax_pm": 9877, "veh_pm": 875, "riders_pm": 154369, "share_pm_pct": 24.3, "pax_ev": 6640, "veh_ev": 803, "riders_ev": 98252, "share_ev_pct": 16.4, "pax_night": 2564, "veh_night": 328, "riders_night": 42946, "share_night_pct": 6.3 }, "geometry": { "type": "MultiLineString", "coordinates": [ [ [ -73.877168587189132, 40.737907599760106 ], [ -73.877209406645179, 40.737680453310801 ] ], [ [ -73.878632393822144, 40.740059962946596 ], [ -73.878486823035772, 40.73993390893677 ] ], [ [ -73.877550288372689, 40.736919690371778 ], [ -73.87762631171681, 40.736805891546425 ] ], [ [ -73.879319795904692, 40.740602079834751 ], [ -73.879107397577144, 40.740445078091945 ] ], [ [ -73.87762631171681, 40.736805891546425 ], [ -73.877669465558043, 40.736752599656754 ] ], [ [ -73.879991205032709, 40.741070261603149 ], [ -73.879319795904692, 40.740602079834751 ] ], [ [ -73.881003879689032, 40.741840661623478 ], [ -73.880277654609529, 40.741297461121313 ] ], [ [ -73.877918318073839, 40.739394957317195 ], [ -73.877430584182136, 40.738600515099606 ] ], [ [ -73.877430584182136, 40.738600515099606 ], [ -73.877168587189132, 40.737907599760106 ] ], [ [ -73.878486823035772, 40.73993390893677 ], [ -73.877918318073839, 40.739394957317195 ] ], [ [ -73.880277654609529, 40.741297461121313 ], [ -73.880112771837929, 40.741168238963631 ] ], [ [ -73.879107397577144, 40.740445078091945 ], [ -73.878632393822144, 40.740059962946596 ] ], [ [ -73.880112771837929, 40.741168238963631 ], [ -73.879991205032709, 40.741070261603149 ] ], [ [ -73.877209406645179, 40.737680453310801 ], [ -73.877335881362924, 40.737306551496928 ] ], [ [ -73.877335881362924, 40.737306551496928 ], [ -73.877550288372689, 40.736919690371778 ] ] ] } },
{ "type": "Feature", "properties": { "corridor_id": 200, "rank": 126, "name": "JAY STREET (Brooklyn)", "street": "JAY STREET", "borough": "Brooklyn", "n_blocks": 20, "n_routes": 5, "routes": [ "B26", "B54", "B57", "B62", "B67" ], "peak_period": "am", "hourly_pax": [ 291, 129, 69, 52, 52, 523, 2953, 3870, 5285, 6015, 3172, 2746, 2289, 2694, 4226, 2095, 1605, 1661, 1790, 968, 757, 1098, 668, 520 ], "miles": 0.64, "pax_delay_min": 47678, "veh_delay_min": 14551, "riders_20d": 17628, "bus_trips_20d": 4283, "rider_block_crossings": 352566, "bus_block_crossings": 85667, "min_per_bus": 2.34, "sec_per_rider": 140, "riders_per_delayed_bus_min": 3.3, "riders_per_bus": 4.1, "pax_delay_per_mile": 74711, "veh_delay_per_mile": 22801, "buses_per_day": 214, "riders_per_day": 881, "share_of_city_delay_pct": 0.239, "cum_share_pct": 78.46, "pax_am": 18123, "veh_am": 3039, "riders_am": 75059, "share_am_pct": 39.8, "pax_md": 15127, "veh_md": 3013, "riders_md": 91017, "share_md_pct": 33.2, "pax_pm": 7152, "veh_pm": 2816, "riders_pm": 76473, "share_pm_pct": 15.7, "pax_ev": 4011, "veh_ev": 2447, "riders_ev": 25702, "share_ev_pct": 8.8, "pax_night": 1115, "veh_night": 775, "riders_night": 13508, "share_night_pct": 2.4 }, "geometry": { "type": "MultiLineString", "coordinates": [ [ [ -73.987101017560519, 40.696207493385096 ], [ -73.987105661212027, 40.696131626326824 ] ], [ [ -73.986863548357135, 40.699220121730995 ], [ -73.986947497481395, 40.698734674250765 ] ], [ [ -73.987104562617887, 40.696054003070827 ], [ -73.987159726035074, 40.694968656858535 ] ], [ [ -73.987300072667622, 40.692226080584213 ], [ -73.987333443273158, 40.691453377348687 ] ], [ [ -73.987227510708223, 40.693799519026179 ], [ -73.987253964327181, 40.693124902809423 ] ], [ [ -73.986928885052734, 40.700194579498365 ], [ -73.986867266471862, 40.700071920399907 ] ], [ [ -73.986867266471862, 40.700071920399907 ], [ -73.986815132426329, 40.699934330549084 ] ], [ [ -73.987179332646804, 40.700636987148663 ], [ -73.986928885052734, 40.700194579498365 ] ], [ [ -73.986968922729801, 40.698503614509434 ], [ -73.987021805688684, 40.697681821827175 ] ], [ [ -73.987038203703761, 40.69727720214604 ], [ -73.987062350659755, 40.696839343079652 ] ], [ [ -73.987021805688684, 40.697681821827175 ], [ -73.987038203703761, 40.69727720214604 ] ], [ [ -73.987105661212027, 40.696131626326824 ], [ -73.987104562617887, 40.696054003070827 ] ], [ [ -73.986947497481395, 40.698734674250765 ], [ -73.986968922729801, 40.698503614509434 ] ], [ [ -73.987253964327181, 40.693124902809423 ], [ -73.987300072667622, 40.692226080584213 ] ], [ [ -73.987159726035074, 40.694968656858535 ], [ -73.987200832878457, 40.694267987947207 ] ], [ [ -73.987200832878457, 40.694267987947207 ], [ -73.987227510708223, 40.693799519026179 ] ], [ [ -73.986815132426329, 40.699934330549084 ], [ -73.986844616577159, 40.699499399307285 ] ], [ [ -73.986844616577159, 40.699499399307285 ], [ -73.986863548357135, 40.699220121730995 ] ], [ [ -73.987062350659755, 40.696839343079652 ], [ -73.98709567061664, 40.696294864508793 ] ], [ [ -73.98709567061664, 40.696294864508793 ], [ -73.987101017560519, 40.696207493385096 ] ] ] } },
{ "type": "Feature", "properties": { "corridor_id": 184, "rank": 127, "name": "CORTELYOU ROAD (Brooklyn)", "street": "CORTELYOU ROAD", "borough": "Brooklyn", "n_blocks": 15, "n_routes": 5, "routes": [ "B103", "BM1", "BM2", "BM3", "BM4" ], "peak_period": "pm", "hourly_pax": [ 591, 253, 112, 0, 0, 470, 607, 2207, 2201, 343, 597, 736, 1027, 943, 1402, 2293, 4973, 11374, 15497, 2558, 552, 694, 407, 617 ], "miles": 0.66, "pax_delay_min": 47413, "veh_delay_min": 3553, "riders_20d": 61982, "bus_trips_20d": 5351, "rider_block_crossings": 929737, "bus_block_crossings": 80261, "min_per_bus": 0.67, "sec_per_rider": 40, "riders_per_delayed_bus_min": 13.3, "riders_per_bus": 11.6, "pax_delay_per_mile": 71454, "veh_delay_per_mile": 5354, "buses_per_day": 268, "riders_per_day": 3099, "share_of_city_delay_pct": 0.237, "cum_share_pct": 78.69, "pax_am": 5358, "veh_am": 429, "riders_am": 192841, "share_am_pct": 10.6, "pax_md": 4706, "veh_md": 775, "riders_md": 118553, "share_md_pct": 9.3, "pax_pm": 34136, "veh_pm": 1488, "riders_pm": 353845, "share_pm_pct": 67.7, "pax_ev": 4829, "veh_ev": 704, "riders_ev": 115860, "share_ev_pct": 9.6, "pax_night": 1426, "veh_night": 117, "riders_night": 30663, "share_night_pct": 2.8 }, "geometry": { "type": "MultiLineString", "coordinates": [ [ [ -73.961745218523973, 40.642424332251693 ], [ -73.960856740274323, 40.642825484223778 ] ], [ [ -73.958753358530899, 40.64377225663489 ], [ -73.957918737219927, 40.644143265227896 ] ], [ [ -73.960856740274323, 40.642825484223778 ], [ -73.959727135137598, 40.643331851837019 ] ], [ [ -73.962652084649591, 40.642016713482512 ], [ -73.961745218523973, 40.642424332251693 ] ], [ [ -73.967916574630308, 40.639649776942228 ], [ -73.967044122591162, 40.640040715514573 ] ], [ [ -73.963556846443538, 40.641609924588757 ], [ -73.962652084649591, 40.642016713482512 ] ], [ [ -73.967044122591162, 40.640040715514573 ], [ -73.966173978124431, 40.640431261117683 ] ], [ [ -73.965300772091723, 40.640823464735078 ], [ -73.964429838842079, 40.641213609860067 ] ], [ [ -73.966173978124431, 40.640431261117683 ], [ -73.965300772091723, 40.640823464735078 ] ], [ [ -73.968790991618889, 40.639255932677443 ], [ -73.967916574630308, 40.639649776942228 ] ], [ [ -73.959727135137598, 40.643331851837019 ], [ -73.958753358530899, 40.64377225663489 ] ], [ [ -73.964429838842079, 40.641213609860067 ], [ -73.964145555669489, 40.641340823647951 ] ], [ [ -73.964145555669489, 40.641340823647951 ], [ -73.963995426867598, 40.641408004233334 ] ], [ [ -73.963995426867598, 40.641408004233334 ], [ -73.963838958386404, 40.641480041997866 ] ], [ [ -73.963838958386404, 40.641480041997866 ], [ -73.963556846443538, 40.641609924588757 ] ] ] } },
{ "type": "Feature", "properties": { "corridor_id": 42, "rank": 128, "name": "WEST 238 STREET (Bronx)", "street": "WEST 238 STREET", "borough": "Bronx", "n_blocks": 10, "n_routes": 1, "routes": [ "BX3" ], "peak_period": "am", "hourly_pax": [ 544, 9, 0, 0, 0, 131, 2743, 2801, 3880, 2928, 2078, 2492, 1972, 1738, 2686, 3894, 2792, 2582, 3007, 733, 495, 411, 378, 403 ], "miles": 0.27, "pax_delay_min": 47273, "veh_delay_min": 16706, "riders_20d": 16178, "bus_trips_20d": 4353, "rider_block_crossings": 161776, "bus_block_crossings": 43525, "min_per_bus": 3.56, "sec_per_rider": 214, "riders_per_delayed_bus_min": 2.8, "riders_per_bus": 3.7, "pax_delay_per_mile": 176720, "veh_delay_per_mile": 62451, "buses_per_day": 218, "riders_per_day": 809, "share_of_city_delay_pct": 0.237, "cum_share_pct": 78.93, "pax_am": 12352, "veh_am": 2199, "riders_am": 29043, "share_am_pct": 31.9, "pax_md": 10966, "veh_md": 3393, "riders_md": 36161, "share_md_pct": 28.3, "pax_pm": 12275, "veh_pm": 3170, "riders_pm": 43545, "share_pm_pct": 31.7, "pax_ev": 2420, "veh_ev": 2024, "riders_ev": 17067, "share_ev_pct": 6.3, "pax_night": 685, "veh_night": 501, "riders_night": 3400, "share_night_pct": 1.8 }, "geometry": { "type": "MultiLineString", "coordinates": [ [ [ -73.898499424077073, 40.884344605647925 ], [ -73.898550599406477, 40.884374727219154 ] ], [ [ -73.897947848531231, 40.882595346559384 ], [ -73.897642122071801, 40.883695894076084 ] ], [ [ -73.898600564841402, 40.88440476618721 ], [ -73.898698303048477, 40.884462798437951 ] ], [ [ -73.898882691138724, 40.884576024847433 ], [ -73.899700102975771, 40.8848153673705 ] ], [ [ -73.897642122071801, 40.883695894076084 ], [ -73.897966724485087, 40.884033666312156 ] ], [ [ -73.897966724485087, 40.884033666312156 ], [ -73.898499424077073, 40.884344605647925 ] ], [ [ -73.899700102975771, 40.8848153673705 ], [ -73.900647009940599, 40.885099244729894 ] ], [ [ -73.898550599406477, 40.884374727219154 ], [ -73.898600564841402, 40.88440476618721 ] ], [ [ -73.898698303048477, 40.884462798437951 ], [ -73.898743627714566, 40.884490631480652 ] ], [ [ -73.898743627714566, 40.884490631480652 ], [ -73.898882691138724, 40.884576024847433 ] ] ] } },
{ "type": "Feature", "properties": { "corridor_id": 351, "rank": 129, "name": "ST NICHOLAS AVENUE (Manhattan)", "street": "ST NICHOLAS AVENUE", "borough": "Manhattan", "n_blocks": 9, "n_routes": 4, "routes": [ "BX7", "M100", "M2", "M3" ], "peak_period": "md", "hourly_pax": [ 237, 87, 8, 6, 26, 89, 704, 758, 1355, 896, 3871, 5459, 3696, 4243, 4380, 2687, 3221, 2157, 3151, 1653, 766, 450, 483, 409 ], "miles": 0.4, "pax_delay_min": 47163, "veh_delay_min": 5394, "riders_20d": 47905, "bus_trips_20d": 5759, "rider_block_crossings": 431145, "bus_block_crossings": 51829, "min_per_bus": 0.97, "sec_per_rider": 58, "riders_per_delayed_bus_min": 8.7, "riders_per_bus": 8.3, "pax_delay_per_mile": 118216, "veh_delay_per_mile": 13519, "buses_per_day": 288, "riders_per_day": 2395, "share_of_city_delay_pct": 0.236, "cum_share_pct": 79.17, "pax_am": 3712, "veh_am": 721, "riders_am": 55431, "share_am_pct": 9.1, "pax_md": 21648, "veh_md": 1539, "riders_md": 123199, "share_md_pct": 53.1, "pax_pm": 11216, "veh_pm": 1279, "riders_pm": 91781, "share_pm_pct": 27.5, "pax_ev": 3761, "veh_ev": 884, "riders_ev": 34967, "share_ev_pct": 9.2, "pax_night": 453, "veh_night": 155, "riders_night": 8673, "share_night_pct": 1.1 }, "geometry": { "type": "MultiLineString", "coordinates": [ [ [ -73.939949813567708, 40.836077487143278 ], [ -73.940102276175892, 40.836945084565933 ] ], [ [ -73.939887859853513, 40.835793943186019 ], [ -73.939949813567708, 40.836077487143278 ] ], [ [ -73.939875403871483, 40.839566330779647 ], [ -73.93968716653778, 40.840254857379328 ] ], [ [ -73.940102276175892, 40.836945084565933 ], [ -73.939993948941293, 40.837714202740358 ] ], [ [ -73.939471003752431, 40.84095427449482 ], [ -73.939351463910185, 40.841507754196158 ] ], [ [ -73.939993948941293, 40.837714202740358 ], [ -73.939826678548584, 40.838497545179742 ] ], [ [ -73.93968716653778, 40.840254857379328 ], [ -73.939471003752431, 40.84095427449482 ] ], [ [ -73.939826678548584, 40.838497545179742 ], [ -73.939834364744058, 40.838666155370575 ] ], [ [ -73.939834364744058, 40.838666155370575 ], [ -73.939875403871483, 40.839566330779647 ] ] ] } },
{ "type": "Feature", "properties": { "corridor_id": 23, "rank": 130, "name": "RICHMOND AVENUE (Staten Island)", "street": "RICHMOND AVENUE", "borough": "Staten Island", "n_blocks": 17, "n_routes": 9, "routes": [ "S44", "S59", "S89", "S94", "SIM33", "SIM33C", "SIM4", "SIM4C", "SIM8" ], "peak_period": "pm", "hourly_pax": [ 570, 368, 115, 0, 371, 1651, 1905, 2562, 2192, 1854, 1486, 1518, 1668, 1526, 1942, 2845, 4663, 4990, 4993, 4623, 1902, 1751, 1169, 1007 ], "miles": 0.63, "pax_delay_min": 47147, "veh_delay_min": 4395, "riders_20d": 80514, "bus_trips_20d": 8580, "rider_block_crossings": 1368737, "bus_block_crossings": 145857, "min_per_bus": 0.49, "sec_per_rider": 29, "riders_per_delayed_bus_min": 10.7, "riders_per_bus": 9.4, "pax_delay_per_mile": 74469, "veh_delay_per_mile": 6941, "buses_per_day": 429, "riders_per_day": 4026, "share_of_city_delay_pct": 0.236, "cum_share_pct": 79.4, "pax_am": 8513, "veh_am": 725, "riders_am": 299747, "share_am_pct": 17.9, "pax_md": 8140, "veh_md": 637, "riders_md": 274849, "share_md_pct": 17.1, "pax_pm": 17492, "veh_pm": 1369, "riders_pm": 301050, "share_pm_pct": 36.7, "pax_ev": 10452, "veh_ev": 1192, "riders_ev": 132380, "share_ev_pct": 21.9, "pax_night": 3074, "veh_night": 250, "riders_night": 103289, "share_night_pct": 6.4 }, "geometry": { "type": "MultiLineString", "coordinates": [ [ [ -74.156755674621465, 40.616363886197483 ], [ -74.156826743684434, 40.616221883783908 ] ], [ [ -74.160675452359612, 40.609265340019554 ], [ -74.161187457552742, 40.608835587344714 ] ], [ [ -74.157313466935065, 40.615169125174823 ], [ -74.157373836477248, 40.615031910796844 ] ], [ [ -74.157083848453766, 40.615651407543993 ], [ -74.157313466935065, 40.615169125174823 ] ], [ [ -74.158208438375823, 40.613593412939963 ], [ -74.158760097087864, 40.613006980984864 ] ], [ [ -74.159432742829551, 40.611942920298951 ], [ -74.159996567480007, 40.610704034898056 ] ], [ [ -74.157661193836617, 40.614391560806588 ], [ -74.158208438375823, 40.613593412939963 ] ], [ [ -74.159180659310152, 40.612527573634324 ], [ -74.159266303805026, 40.612363163978522 ] ], [ [ -74.157436518554675, 40.614893334268231 ], [ -74.157661193836617, 40.614391560806588 ] ], [ [ -74.156826743684434, 40.616221883783908 ], [ -74.157052146166521, 40.615728040596039 ] ], [ [ -74.161187457552742, 40.608835587344714 ], [ -74.162057755176306, 40.608321961032445 ] ], [ [ -74.160401130588269, 40.60980682965068 ], [ -74.160675452359612, 40.609265340019554 ] ], [ [ -74.157052146166521, 40.615728040596039 ], [ -74.157083848453766, 40.615651407543993 ] ], [ [ -74.158760097087864, 40.613006980984864 ], [ -74.159180659310152, 40.612527573634324 ] ], [ [ -74.159996567480007, 40.610704034898056 ], [ -74.160401130588269, 40.60980682965068 ] ], [ [ -74.159266303805026, 40.612363163978522 ], [ -74.159432742829551, 40.611942920298951 ] ], [ [ -74.157373836477248, 40.615031910796844 ], [ -74.157436518554675, 40.614893334268231 ] ] ] } },
{ "type": "Feature", "properties": { "corridor_id": 191, "rank": 131, "name": "AVENUE U (Brooklyn)", "street": "AVENUE U", "borough": "Brooklyn", "n_blocks": 14, "n_routes": 1, "routes": [ "B3" ], "peak_period": "md", "hourly_pax": [ 255, 256, 83, 120, 285, 414, 2344, 2829, 4242, 4414, 4519, 4693, 4683, 4721, 3740, 4103, 3023, 3543, 2939, 1435, 1300, 763, 645, 446 ], "miles": 0.67, "pax_delay_min": 46971, "veh_delay_min": 3121, "riders_20d": 68496, "bus_trips_20d": 4662, "rider_block_crossings": 958939, "bus_block_crossings": 65263, "min_per_bus": 0.66, "sec_per_rider": 40, "riders_per_delayed_bus_min": 15.0, "riders_per_bus": 14.7, "pax_delay_per_mile": 69826, "veh_delay_per_mile": 4640, "buses_per_day": 233, "riders_per_day": 3425, "share_of_city_delay_pct": 0.235, "cum_share_pct": 79.64, "pax_am": 13829, "veh_am": 830, "riders_am": 194511, "share_am_pct": 24.8, "pax_md": 22355, "veh_md": 1266, "riders_md": 213286, "share_md_pct": 40.1, "pax_pm": 13609, "veh_pm": 787, "riders_pm": 185397, "share_pm_pct": 24.4, "pax_ev": 4589, "veh_ev": 614, "riders_ev": 67100, "share_ev_pct": 8.2, "pax_night": 1413, "veh_night": 184, "riders_night": 35686, "share_night_pct": 2.5 }, "geometry": { "type": "MultiLineString", "coordinates": [ [ [ -73.949448105010163, 40.599597566700794 ], [ -73.948520989251918, 40.59969760871558 ] ], [ [ -73.94288954069205, 40.600318649737751 ], [ -73.941890576553575, 40.600427418830165 ] ], [ [ -73.948520989251918, 40.59969760871558 ], [ -73.947595379753068, 40.599801515750322 ] ], [ [ -73.952607043350653, 40.599250617716777 ], [ -73.951405574519342, 40.599381025264258 ] ], [ [ -73.951405574519342, 40.599381025264258 ], [ -73.950373601016551, 40.59949524765748 ] ], [ [ -73.945668868680855, 40.60001176690669 ], [ -73.944742025412566, 40.600111174710065 ] ], [ [ -73.946632124240509, 40.599908963896141 ], [ -73.945668868680855, 40.60001176690669 ] ], [ [ -73.941890576553575, 40.600427418830165 ], [ -73.94116609788685, 40.60050801572946 ] ], [ [ -73.944742025412566, 40.600111174710065 ], [ -73.943816839544539, 40.600217339031516 ] ], [ [ -73.950373601016551, 40.59949524765748 ], [ -73.949448105010163, 40.599597566700794 ] ], [ [ -73.953551835961974, 40.599146452999584 ], [ -73.952607043350653, 40.599250617716777 ] ], [ [ -73.94116609788685, 40.60050801572946 ], [ -73.940892636162388, 40.600537835977313 ] ], [ [ -73.947595379753068, 40.599801515750322 ], [ -73.946632124240509, 40.599908963896141 ] ], [ [ -73.943816839544539, 40.600217339031516 ], [ -73.94288954069205, 40.600318649737751 ] ] ] } },
{ "type": "Feature", "properties": { "corridor_id": 10, "rank": 132, "name": "STORY AVENUE (Bronx)", "street": "STORY AVENUE", "borough": "Bronx", "n_blocks": 17, "n_routes": 1, "routes": [ "BX5" ], "peak_period": "md", "hourly_pax": [ 463, 141, 0, 0, 0, 509, 1208, 2044, 2620, 1998, 1993, 1966, 2337, 2280, 3029, 1864, 2526, 2824, 2797, 2447, 1997, 1648, 1219, 881 ], "miles": 0.64, "pax_delay_min": 46684, "veh_delay_min": 4587, "riders_20d": 42226, "bus_trips_20d": 4328, "rider_block_crossings": 717840, "bus_block_crossings": 73579, "min_per_bus": 1.06, "sec_per_rider": 64, "riders_per_delayed_bus_min": 10.2, "riders_per_bus": 9.8, "pax_delay_per_mile": 73025, "veh_delay_per_mile": 7176, "buses_per_day": 216, "riders_per_day": 2111, "share_of_city_delay_pct": 0.234, "cum_share_pct": 79.87, "pax_am": 7870, "veh_am": 776, "riders_am": 140582, "share_am_pct": 20.3, "pax_md": 11605, "veh_md": 903, "riders_md": 142119, "share_md_pct": 29.9, "pax_pm": 10010, "veh_pm": 814, "riders_pm": 150191, "share_pm_pct": 25.8, "pax_ev": 8192, "veh_ev": 1084, "riders_ev": 110532, "share_ev_pct": 21.1, "pax_night": 1113, "veh_night": 152, "riders_night": 22436, "share_night_pct": 2.9 }, "geometry": { "type": "MultiLineString", "coordinates": [ [ [ -73.878484933234077, 40.821555429477499 ], [ -73.877564335529897, 40.82168229923662 ] ], [ [ -73.882266203120153, 40.821050166319786 ], [ -73.881266620117501, 40.821180325558259 ] ], [ [ -73.881266620117501, 40.821180325558259 ], [ -73.880330527374994, 40.821301509990811 ] ], [ [ -73.880330527374994, 40.821301509990811 ], [ -73.879403910724378, 40.821431072249602 ] ], [ [ -73.872991445479315, 40.822301622115013 ], [ -73.871001613183793, 40.822562844900439 ] ], [ [ -73.877564335529897, 40.82168229923662 ], [ -73.876630925897075, 40.821803775150812 ] ], [ [ -73.871001613183793, 40.822562844900439 ], [ -73.87068795226304, 40.822605179467971 ] ], [ [ -73.87068795226304, 40.822605179467971 ], [ -73.870538673935016, 40.822625327287788 ] ], [ [ -73.870538673935016, 40.822625327287788 ], [ -73.870325520011392, 40.822654095628494 ] ], [ [ -73.870325520011392, 40.822654095628494 ], [ -73.87025710089911, 40.822663329855004 ] ], [ [ -73.875279583040694, 40.821986289328358 ], [ -73.874640875224969, 40.822082351679647 ] ], [ [ -73.874640875224969, 40.822082351679647 ], [ -73.873501689926258, 40.822231108467157 ] ], [ [ -73.873501689926258, 40.822231108467157 ], [ -73.872991445479315, 40.822301622115013 ] ], [ [ -73.876630925897075, 40.821803775150812 ], [ -73.876075644229971, 40.8218780666665 ] ], [ [ -73.876075644229971, 40.8218780666665 ], [ -73.875279583040694, 40.821986289328358 ] ], [ [ -73.879403910724378, 40.821431072249602 ], [ -73.878593038334316, 40.821540801183474 ] ], [ [ -73.878593038334316, 40.821540801183474 ], [ -73.878484933234077, 40.821555429477499 ] ] ] } },
{ "type": "Feature", "properties": { "corridor_id": 510, "rank": 133, "name": "ROOSEVELT AVENUE (Queens)", "street": "ROOSEVELT AVENUE", "borough": "Queens", "n_blocks": 23, "n_routes": 8, "routes": [ "Q12", "Q13", "Q15", "Q19", "Q61", "Q63", "Q66", "Q90" ], "peak_period": "md", "hourly_pax": [ 120, 91, 0, 5, 3, 201, 1843, 2311, 3802, 3845, 6457, 3267, 3771, 3989, 3286, 2267, 1793, 2609, 1810, 1128, 1231, 711, 402, 112 ], "miles": 0.96, "pax_delay_min": 46558, "veh_delay_min": 7005, "riders_20d": 8914, "bus_trips_20d": 2449, "rider_block_crossings": 205032, "bus_block_crossings": 56329, "min_per_bus": 1.81, "sec_per_rider": 109, "riders_per_delayed_bus_min": 6.6, "riders_per_bus": 3.6, "pax_delay_per_mile": 48582, "veh_delay_per_mile": 7309, "buses_per_day": 122, "riders_per_day": 446, "share_of_city_delay_pct": 0.233, "cum_share_pct": 80.11, "pax_am": 11800, "veh_am": 1127, "riders_am": 41503, "share_am_pct": 26.2, "pax_md": 20770, "veh_md": 2479, "riders_md": 41851, "share_md_pct": 46.1, "pax_pm": 8479, "veh_pm": 1628, "riders_pm": 40535, "share_pm_pct": 18.8, "pax_ev": 3584, "veh_ev": 1032, "riders_ev": 24972, "share_ev_pct": 8.0, "pax_night": 421, "veh_night": 139, "riders_night": 8659, "share_night_pct": 0.9 }, "geometry": { "type": "MultiLineString", "coordinates": [ [ [ -73.826541021166832, 40.760464067495469 ], [ -73.824422072894578, 40.760993831260144 ] ], [ [ -73.830139595811957, 40.75957044555031 ], [ -73.827795049202251, 40.760151212865928 ] ], [ [ -73.837193478493973, 40.75759977726176 ], [ -73.834244532187554, 40.758111562247052 ] ], [ [ -73.832401604990096, 40.758783521162378 ], [ -73.831910343796196, 40.758949081494322 ] ], [ [ -73.836453839719837, 40.757921723458502 ], [ -73.8351614245896, 40.758141009371535 ] ], [ [ -73.837193478493973, 40.75759977726176 ], [ -73.836453839719837, 40.757921723458502 ] ], [ [ -73.827795049202251, 40.760151212865928 ], [ -73.826541021166832, 40.760464067495469 ] ], [ [ -73.834307172112688, 40.758290510391085 ], [ -73.833912526508442, 40.758311907494601 ] ], [ [ -73.834244532187554, 40.758111562247052 ], [ -73.833897974472066, 40.758266259170831 ] ], [ [ -73.831910343796196, 40.758949081494322 ], [ -73.830139595811957, 40.75957044555031 ] ], [ [ -73.8351614245896, 40.758141009371535 ], [ -73.834307172112688, 40.758290510391085 ] ], [ [ -73.833912526508442, 40.758311907494601 ], [ -73.833779562756675, 40.758319116111331 ] ], [ [ -73.833897974472066, 40.758266259170831 ], [ -73.833779562756675, 40.758319116111331 ] ], [ [ -73.833779562756675, 40.758319116111331 ], [ -73.833591882998206, 40.758382369910919 ] ], [ [ -73.833591882998206, 40.758382369910919 ], [ -73.833438640999717, 40.758434017074521 ] ], [ [ -73.833438640999717, 40.758434017074521 ], [ -73.833204117206265, 40.758513057547965 ] ], [ [ -73.833204117206265, 40.758513057547965 ], [ -73.833055366614147, 40.758563190387932 ] ], [ [ -73.833055366614147, 40.758563190387932 ], [ -73.832903973479389, 40.758614213442129 ] ], [ [ -73.832903973479389, 40.758614213442129 ], [ -73.832741193628053, 40.758669073942507 ] ], [ [ -73.832741193628053, 40.758669073942507 ], [ -73.832537649977681, 40.758737671719956 ] ], [ [ -73.832537649977681, 40.758737671719956 ], [ -73.832401604990096, 40.758783521162378 ] ], [ [ -73.83817432028566, 40.757207736770688 ], [ -73.837285738402016, 40.757562901528352 ] ], [ [ -73.837285738402016, 40.757562901528352 ], [ -73.837193478493973, 40.75759977726176 ] ] ] } },
{ "type": "Feature", "properties": { "corridor_id": 18, "rank": 134, "name": "BAY STREET (Staten Island)", "street": "BAY STREET", "borough": "Staten Island", "n_blocks": 31, "n_routes": 7, "routes": [ "S51", "S52", "S74", "S76", "S81", "S84", "S86" ], "peak_period": "md", "hourly_pax": [ 670, 427, 403, 290, 252, 595, 502, 812, 1919, 2033, 3227, 3790, 3528, 3666, 4193, 3999, 3502, 2955, 2670, 1201, 1195, 1633, 1018, 966 ], "miles": 1.22, "pax_delay_min": 46262, "veh_delay_min": 6813, "riders_20d": 31722, "bus_trips_20d": 4636, "rider_block_crossings": 983368, "bus_block_crossings": 143727, "min_per_bus": 1.32, "sec_per_rider": 79, "riders_per_delayed_bus_min": 6.8, "riders_per_bus": 6.8, "pax_delay_per_mile": 37823, "veh_delay_per_mile": 5571, "buses_per_day": 232, "riders_per_day": 1586, "share_of_city_delay_pct": 0.232, "cum_share_pct": 80.34, "pax_am": 5265, "veh_am": 1036, "riders_am": 152170, "share_am_pct": 11.6, "pax_md": 18403, "veh_md": 2400, "riders_md": 198852, "share_md_pct": 40.5, "pax_pm": 13125, "veh_pm": 1640, "riders_pm": 241207, "share_pm_pct": 28.9, "pax_ev": 6013, "veh_ev": 1066, "riders_ev": 118790, "share_ev_pct": 13.2, "pax_night": 2638, "veh_night": 507, "riders_night": 75835, "share_night_pct": 5.8 }, "geometry": { "type": "MultiLineString", "coordinates": [ [ [ -74.075348089858409, 40.633131465643302 ], [ -74.075958550969645, 40.631969366476461 ] ], [ [ -74.076748144977316, 40.630128540442072 ], [ -74.076662603223554, 40.629622541648203 ] ], [ [ -74.076285689171897, 40.627764497273546 ], [ -74.076234830449934, 40.627661610137245 ] ], [ [ -74.074399455697147, 40.624463471225567 ], [ -74.074233250768273, 40.624221078238499 ] ], [ [ -74.073636696990931, 40.62367227955081 ], [ -74.072535517520905, 40.622464021681076 ] ], [ [ -74.075096756414595, 40.634162355978319 ], [ -74.075092319228943, 40.633591267112685 ] ], [ [ -74.075244039838907, 40.626006324111898 ], [ -74.075030453533316, 40.62560289511449 ] ], [ [ -74.076373252384016, 40.631270603737725 ], [ -74.076534546458035, 40.630950298641991 ] ], [ [ -74.075092319228943, 40.633591267112685 ], [ -74.075173579778607, 40.633524188462175 ] ], [ [ -74.07660380632943, 40.629298456239667 ], [ -74.076561998121363, 40.629069509284683 ] ], [ [ -74.072535517520905, 40.622464021681076 ], [ -74.07206380589551, 40.621859267310342 ] ], [ [ -74.075173579778607, 40.633524188462175 ], [ -74.075348089858409, 40.633131465643302 ] ], [ [ -74.07095381252087, 40.620431606145296 ], [ -74.070144596109827, 40.61946597931032 ] ], [ [ -74.075030453533316, 40.62560289511449 ], [ -74.074839662581226, 40.625226088794712 ] ], [ [ -74.076234830449934, 40.627661610137245 ], [ -74.075942825419105, 40.627165760942134 ] ], [ [ -74.075942825419105, 40.627165760942134 ], [ -74.075646136631619, 40.626663718521549 ] ], [ [ -74.075646136631619, 40.626663718521549 ], [ -74.075244039838907, 40.626006324111898 ] ], [ [ -74.074233250768273, 40.624221078238499 ], [ -74.073636696990931, 40.62367227955081 ] ], [ [ -74.071270259692838, 40.620835842972141 ], [ -74.071165687561489, 40.620698785874204 ] ], [ [ -74.076662603223554, 40.629622541648203 ], [ -74.07660380632943, 40.629298456239667 ] ], [ [ -74.076467087509641, 40.628544154775952 ], [ -74.076285689171897, 40.627764497273546 ] ], [ [ -74.07206380589551, 40.621859267310342 ], [ -74.071741655867925, 40.621460817894878 ] ], [ [ -74.071165687561489, 40.620698785874204 ], [ -74.07095381252087, 40.620431606145296 ] ], [ [ -74.069739501152242, 40.618989823026467 ], [ -74.069148180454803, 40.618187069111258 ] ], [ [ -74.076534546458035, 40.630950298641991 ], [ -74.076748144977316, 40.630128540442072 ] ], [ [ -74.070144596109827, 40.61946597931032 ], [ -74.069739501152242, 40.618989823026467 ] ], [ [ -74.074839662581226, 40.625226088794712 ], [ -74.074399455697147, 40.624463471225567 ] ], [ [ -74.076561998121363, 40.629069509284683 ], [ -74.076467087509641, 40.628544154775952 ] ], [ [ -74.075958550969645, 40.631969366476461 ], [ -74.076373252384016, 40.631270603737725 ] ], [ [ -74.071741655867925, 40.621460817894878 ], [ -74.071343301532323, 40.620931700720149 ] ], [ [ -74.071343301532323, 40.620931700720149 ], [ -74.071270259692838, 40.620835842972141 ] ] ] } },
{ "type": "Feature", "properties": { "corridor_id": 492, "rank": 135, "name": "NORTHERN BOULEVARD (Queens)", "street": "NORTHERN BOULEVARD", "borough": "Queens", "n_blocks": 13, "n_routes": 10, "routes": [ "Q19", "Q20", "Q25", "Q26", "Q28", "Q44+", "Q50", "Q61", "Q63", "Q66" ], "peak_period": "pm", "hourly_pax": [ 378, 273, 439, 110, 276, 442, 824, 1148, 1979, 3035, 2165, 1659, 2149, 2590, 3270, 4123, 4445, 4557, 2570, 1793, 1682, 1167, 771, 506 ], "miles": 0.57, "pax_delay_min": 44881, "veh_delay_min": 3800, "riders_20d": 55378, "bus_trips_20d": 5013, "rider_block_crossings": 719911, "bus_block_crossings": 65175, "min_per_bus": 0.46, "sec_per_rider": 27, "riders_per_delayed_bus_min": 11.8, "riders_per_bus": 11.0, "pax_delay_per_mile": 79137, "veh_delay_per_mile": 6700, "buses_per_day": 251, "riders_per_day": 2769, "share_of_city_delay_pct": 0.225, "cum_share_pct": 80.56, "pax_am": 6985, "veh_am": 836, "riders_am": 162826, "share_am_pct": 16.5, "pax_md": 11833, "veh_md": 1186, "riders_md": 111760, "share_md_pct": 27.9, "pax_pm": 15696, "veh_pm": 1121, "riders_pm": 146663, "share_pm_pct": 37.1, "pax_ev": 5919, "veh_ev": 677, "riders_ev": 81965, "share_ev_pct": 14.0, "pax_night": 1917, "veh_night": 212, "riders_night": 50115, "share_night_pct": 4.5 }, "geometry": { "type": "MultiLineString", "coordinates": [ [ [ -73.834854199767776, 40.762585666313143 ], [ -73.834391502580146, 40.762572574997733 ] ], [ [ -73.833245157522384, 40.762570822068987 ], [ -73.833149204159824, 40.762669685095197 ] ], [ [ -73.828673924734403, 40.763671989406497 ], [ -73.828197354431239, 40.763795621445574 ] ], [ [ -73.835534691869412, 40.762604911010264 ], [ -73.834854199767776, 40.762585666313143 ] ], [ [ -73.833149204159824, 40.762669685095197 ], [ -73.831881626269038, 40.762828987558407 ] ], [ [ -73.833263353703273, 40.762649399792352 ], [ -73.833149204159824, 40.762669685095197 ] ], [ [ -73.831171506341249, 40.762975533098064 ], [ -73.830521344633041, 40.763169375983857 ] ], [ [ -73.836334442646802, 40.762520123416856 ], [ -73.835534691869412, 40.762604911010264 ] ], [ [ -73.834391502580146, 40.762572574997733 ], [ -73.833245157522384, 40.762570822068987 ] ], [ [ -73.831881626269038, 40.762828987558407 ], [ -73.831171506341249, 40.762975533098064 ] ], [ [ -73.830521344633041, 40.763169375983857 ], [ -73.82964017330147, 40.763404549258688 ] ], [ [ -73.82964017330147, 40.763404549258688 ], [ -73.828673924734403, 40.763671989406497 ] ], [ [ -73.828197354431239, 40.763795621445574 ], [ -73.826032998384903, 40.764257998304572 ] ] ] } },
{ "type": "Feature", "properties": { "corridor_id": 22, "rank": 136, "name": "TOMPKINS AVENUE (Staten Island)", "street": "TOMPKINS AVENUE", "borough": "Staten Island", "n_blocks": 28, "n_routes": 3, "routes": [ "S52", "S78", "SIM30" ], "peak_period": "md", "hourly_pax": [ 538, 468, 340, 292, 261, 575, 1158, 1007, 1260, 1710, 6342, 6056, 5108, 4747, 6752, 3018, 1604, 1181, 1858, 850, 969, 920, 918, 568 ], "miles": 1.04, "pax_delay_min": 44702, "veh_delay_min": 3523, "riders_20d": 38501, "bus_trips_20d": 4481, "rider_block_crossings": 1078040, "bus_block_crossings": 125473, "min_per_bus": 0.77, "sec_per_rider": 46, "riders_per_delayed_bus_min": 12.7, "riders_per_bus": 8.6, "pax_delay_per_mile": 43047, "veh_delay_per_mile": 3393, "buses_per_day": 224, "riders_per_day": 1925, "share_of_city_delay_pct": 0.224, "cum_share_pct": 80.79, "pax_am": 5134, "veh_am": 617, "riders_am": 164660, "share_am_pct": 10.6, "pax_md": 29005, "veh_md": 1461, "riders_md": 382332, "share_md_pct": 59.8, "pax_pm": 7661, "veh_pm": 795, "riders_pm": 195231, "share_pm_pct": 15.8, "pax_ev": 4224, "veh_ev": 810, "riders_ev": 77393, "share_ev_pct": 8.7, "pax_night": 2473, "veh_night": 460, "riders_night": 59780, "share_night_pct": 5.1 }, "geometry": { "type": "MultiLineString", "coordinates": [ [ [ -74.078042760421553, 40.621562325468979 ], [ -74.077855676963267, 40.621197093520017 ] ], [ [ -74.07556205853183, 40.618492802337073 ], [ -74.075417598680858, 40.618267399794775 ] ], [ [ -74.073454029706298, 40.615415394935056 ], [ -74.072783575402298, 40.61452044204475 ] ], [ [ -74.071866234515468, 40.613315437641511 ], [ -74.071411531735066, 40.612726059496708 ] ], [ [ -74.070927161521567, 40.612099803944403 ], [ -74.070677027933542, 40.611776391138477 ] ], [ [ -74.074546768467229, 40.616942929664859 ], [ -74.074455290018236, 40.616805974882027 ] ], [ [ -74.070927161521567, 40.612099803944403 ], [ -74.070978801523978, 40.611623720285408 ] ], [ [ -74.072783575402298, 40.61452044204475 ], [ -74.072457820525173, 40.614078249276687 ] ], [ [ -74.076416400329251, 40.61956925083242 ], [ -74.076044771356038, 40.619141579069584 ] ], [ [ -74.073584819145267, 40.615583672570267 ], [ -74.073454029706298, 40.615415394935056 ] ], [ [ -74.071411531735066, 40.612726059496708 ], [ -74.070927161521567, 40.612099803944403 ] ], [ [ -74.077855676963267, 40.621197093520017 ], [ -74.07695605033139, 40.620160560079675 ] ], [ [ -74.078256314459182, 40.621980426844758 ], [ -74.078042760421553, 40.621562325468979 ] ], [ [ -74.072457820525173, 40.614078249276687 ], [ -74.071866234515468, 40.613315437641511 ] ], [ [ -74.079597626799909, 40.624601362444643 ], [ -74.079218321072219, 40.623870492302792 ] ], [ [ -74.07695605033139, 40.620160560079675 ], [ -74.076416400329251, 40.61956925083242 ] ], [ [ -74.073941327428287, 40.616038072286926 ], [ -74.073584819145267, 40.615583672570267 ] ], [ [ -74.076044771356038, 40.619141579069584 ], [ -74.07556205853183, 40.618492802337073 ] ], [ [ -74.079218321072219, 40.623870492302792 ], [ -74.078838911834211, 40.623137667461442 ] ], [ [ -74.078838911834211, 40.623137667461442 ], [ -74.078256314459182, 40.621980426844758 ] ], [ [ -74.075417598680858, 40.618267399794775 ], [ -74.075381855043943, 40.61821135369599 ] ], [ [ -74.074878057134555, 40.617421374540505 ], [ -74.074815347968453, 40.61733081137713 ] ], [ [ -74.074815347968453, 40.61733081137713 ], [ -74.074633354746581, 40.617067978438207 ] ], [ [ -74.074633354746581, 40.617067978438207 ], [ -74.074546768467229, 40.616942929664859 ] ], [ [ -74.075381855043943, 40.61821135369599 ], [ -74.074960245871466, 40.617550251620038 ] ], [ [ -74.074960245871466, 40.617550251620038 ], [ -74.074878057134555, 40.617421374540505 ] ], [ [ -74.074455290018236, 40.616805974882027 ], [ -74.074384089703727, 40.616699596534872 ] ], [ [ -74.074384089703727, 40.616699596534872 ], [ -74.073941327428287, 40.616038072286926 ] ] ] } },
{ "type": "Feature", "properties": { "corridor_id": 16, "rank": 137, "name": "FOREST AVENUE (Staten Island)", "street": "FOREST AVENUE", "borough": "Staten Island", "n_blocks": 34, "n_routes": 11, "routes": [ "S48", "S57", "S59", "S98", "SIM3", "SIM30", "SIM33", "SIM33C", "SIM34", "SIM35", "SIM3C" ], "peak_period": "md", "hourly_pax": [ 586, 589, 403, 257, 369, 1354, 1819, 1969, 1635, 1445, 3409, 4219, 4695, 4470, 2805, 2013, 1907, 3742, 3934, 1292, 1023, 1036, 1110, 778 ], "miles": 1.43, "pax_delay_min": 44251, "veh_delay_min": 6270, "riders_20d": 35382, "bus_trips_20d": 5640, "rider_block_crossings": 1203001, "bus_block_crossings": 191761, "min_per_bus": 0.95, "sec_per_rider": 57, "riders_per_delayed_bus_min": 7.1, "riders_per_bus": 6.3, "pax_delay_per_mile": 30992, "veh_delay_per_mile": 4392, "buses_per_day": 282, "riders_per_day": 1769, "share_of_city_delay_pct": 0.222, "cum_share_pct": 81.01, "pax_am": 6868, "veh_am": 947, "riders_am": 239454, "share_am_pct": 14.7, "pax_md": 19598, "veh_md": 1809, "riders_md": 308722, "share_md_pct": 41.8, "pax_pm": 11596, "veh_pm": 1844, "riders_pm": 230774, "share_pm_pct": 24.7, "pax_ev": 5238, "veh_ev": 1299, "riders_ev": 109430, "share_ev_pct": 11.2, "pax_night": 3559, "veh_night": 632, "riders_night": 91166, "share_night_pct": 7.6 }, "geometry": { "type": "MultiLineString", "coordinates": [ [ [ -74.153133853187498, 40.625597696253209 ], [ -74.154519105092746, 40.625738125259339 ] ], [ [ -74.144024377919806, 40.624991197991569 ], [ -74.144996629426217, 40.624961411370016 ] ], [ [ -74.145767164584498, 40.624957456138802 ], [ -74.146112140718969, 40.624933433852604 ] ], [ [ -74.156677299569694, 40.62604791029856 ], [ -74.157825758814752, 40.626217681346603 ] ], [ [ -74.152136218477722, 40.62550214294847 ], [ -74.152258359623588, 40.625514128891943 ] ], [ [ -74.154897466859964, 40.62578897286587 ], [ -74.155761695239349, 40.625909249497916 ] ], [ [ -74.13439199882022, 40.625982034137515 ], [ -74.134730329978709, 40.625771960902028 ] ], [ [ -74.143074562487527, 40.6248464100265 ], [ -74.144024377919806, 40.624991197991569 ] ], [ [ -74.141664808751827, 40.624640369395394 ], [ -74.142190773419543, 40.624714049110793 ] ], [ [ -74.146341016026838, 40.624923741550106 ], [ -74.146699791462552, 40.624913963532656 ] ], [ [ -74.142190773419543, 40.624714049110793 ], [ -74.143074562487527, 40.6248464100265 ] ], [ [ -74.146699791462552, 40.624913963532656 ], [ -74.148768046593133, 40.625104756164127 ] ], [ [ -74.135810082694576, 40.625064339502813 ], [ -74.136181738538752, 40.624837896285193 ] ], [ [ -74.146228125388745, 40.624925361617912 ], [ -74.146341016026838, 40.624923741550106 ] ], [ [ -74.146112140718969, 40.624933433852604 ], [ -74.146228125388745, 40.624925361617912 ] ], [ [ -74.152258359623588, 40.625514128891943 ], [ -74.153133853187498, 40.625597696253209 ] ], [ [ -74.160244194444971, 40.626497424203905 ], [ -74.160502686162474, 40.626529626225363 ] ], [ [ -74.157825758814752, 40.626217681346603 ], [ -74.158569666739609, 40.626312815568575 ] ], [ [ -74.151349725285215, 40.625421699600736 ], [ -74.152136218477722, 40.62550214294847 ] ], [ [ -74.155761695239349, 40.625909249497916 ], [ -74.156677299569694, 40.62604791029856 ] ], [ [ -74.159409638713498, 40.626416222696697 ], [ -74.160244194444971, 40.626497424203905 ] ], [ [ -74.141284432988897, 40.62459359572545 ], [ -74.141664808751827, 40.624640369395394 ] ], [ [ -74.154519105092746, 40.625738125259339 ], [ -74.154897466859964, 40.62578897286587 ] ], [ [ -74.137232136654632, 40.624287499884154 ], [ -74.138263582002864, 40.624243769138779 ] ], [ [ -74.134730329978709, 40.625771960902028 ], [ -74.13547443709983, 40.625279473900378 ] ], [ [ -74.144996629426217, 40.624961411370016 ], [ -74.145767164584498, 40.624957456138802 ] ], [ [ -74.13547443709983, 40.625279473900378 ], [ -74.135810082694576, 40.625064339502813 ] ], [ [ -74.148768046593133, 40.625104756164127 ], [ -74.150430654253711, 40.625308436386064 ] ], [ [ -74.150430654253711, 40.625308436386064 ], [ -74.151349725285215, 40.625421699600736 ] ], [ [ -74.158569666739609, 40.626312815568575 ], [ -74.159409638713498, 40.626416222696697 ] ], [ [ -74.138263582002864, 40.624243769138779 ], [ -74.140669133441634, 40.624521958757576 ] ], [ [ -74.140669133441634, 40.624521958757576 ], [ -74.141284432988897, 40.62459359572545 ] ], [ [ -74.136181738538752, 40.624837896285193 ], [ -74.137002909886704, 40.624347010875823 ] ], [ [ -74.137002909886704, 40.624347010875823 ], [ -74.137232136654632, 40.624287499884154 ] ] ] } },
{ "type": "Feature", "properties": { "corridor_id": 4, "rank": 138, "name": "BLOOMFIELD ROAD (Staten Island)", "street": "BLOOMFIELD ROAD", "borough": "Staten Island", "n_blocks": 2, "n_routes": 2, "routes": [ "S40", "S90" ], "peak_period": "am", "hourly_pax": [ 42, 490, 1095, 839, 1126, 1513, 1364, 1967, 2982, 2080, 2609, 996, 850, 799, 1017, 1098, 1039, 1518, 3388, 817, 745, 378, 315, 728 ], "miles": 0.36, "pax_delay_min": 44131, "veh_delay_min": 7412, "riders_20d": 18523, "bus_trips_20d": 2873, "rider_block_crossings": 37047, "bus_block_crossings": 5746, "min_per_bus": 2.62, "sec_per_rider": 157, "riders_per_delayed_bus_min": 6.0, "riders_per_bus": 6.4, "pax_delay_per_mile": 122341, "veh_delay_per_mile": 20548, "buses_per_day": 144, "riders_per_day": 926, "share_of_city_delay_pct": 0.221, "cum_share_pct": 81.23, "pax_am": 8393, "veh_am": 1437, "riders_am": 4013, "share_am_pct": 28.2, "pax_md": 6271, "veh_md": 1076, "riders_md": 3076, "share_md_pct": 21.0, "pax_pm": 7043, "veh_pm": 1465, "riders_pm": 6890, "share_pm_pct": 23.6, "pax_ev": 2983, "veh_ev": 571, "riders_ev": 5624, "share_ev_pct": 10.0, "pax_night": 5105, "veh_night": 1059, "riders_night": 6233, "share_night_pct": 17.1 }, "geometry": { "type": "MultiLineString", "coordinates": [ [ [ -74.186068937635397, 40.617733530975357 ], [ -74.187678934108675, 40.614379581730745 ] ], [ [ -74.184112716911443, 40.61845583827467 ], [ -74.186068937635397, 40.617733530975357 ] ] ] } },
{ "type": "Feature", "properties": { "corridor_id": 460, "rank": 139, "name": "48 AVENUE (Queens)", "street": "48 AVENUE", "borough": "Queens", "n_blocks": 28, "n_routes": 2, "routes": [ "Q27", "Q31" ], "peak_period": "md", "hourly_pax": [ 239, 83, 49, 262, 192, 491, 1675, 1693, 2656, 2548, 1950, 2678, 2460, 2495, 2059, 2285, 2496, 2497, 3173, 1789, 1427, 1188, 1108, 474 ], "miles": 0.73, "pax_delay_min": 43987, "veh_delay_min": 5678, "riders_20d": 51389, "bus_trips_20d": 7303, "rider_block_crossings": 1438900, "bus_block_crossings": 204476, "min_per_bus": 0.81, "sec_per_rider": 49, "riders_per_delayed_bus_min": 7.7, "riders_per_bus": 7.0, "pax_delay_per_mile": 60057, "veh_delay_per_mile": 7752, "buses_per_day": 365, "riders_per_day": 2569, "share_of_city_delay_pct": 0.22, "cum_share_pct": 81.45, "pax_am": 8572, "veh_am": 919, "riders_am": 315155, "share_am_pct": 22.6, "pax_md": 11641, "veh_md": 1447, "riders_md": 364043, "share_md_pct": 30.7, "pax_pm": 10451, "veh_pm": 1213, "riders_pm": 316991, "share_pm_pct": 27.5, "pax_ev": 5987, "veh_ev": 1067, "riders_ev": 129245, "share_ev_pct": 15.8, "pax_night": 1316, "veh_night": 251, "riders_night": 53347, "share_night_pct": 3.5 }, "geometry": { "type": "MultiLineString", "coordinates": [ [ [ -73.771289980270126, 40.754689132090036 ], [ -73.770967719452173, 40.754777245661934 ] ], [ [ -73.77364041770285, 40.753927793214899 ], [ -73.773003217989029, 40.75419698005593 ] ], [ [ -73.768313367492922, 40.755452920142801 ], [ -73.768145804980037, 40.755482641918803 ] ], [ [ -73.767164516565771, 40.755657621983261 ], [ -73.766991659472197, 40.755636749382809 ] ], [ [ -73.771892741891577, 40.754531279133772 ], [ -73.771289980270126, 40.754689132090036 ] ], [ [ -73.774750134098952, 40.75350089411107 ], [ -73.774465978902455, 40.753574765446253 ] ], [ [ -73.773003217989029, 40.75419698005593 ], [ -73.77280079493039, 40.754269377933376 ] ], [ [ -73.765236213671415, 40.755864615823235 ], [ -73.764534521996424, 40.755642937340205 ], [ -73.764237919825135, 40.755239452160858 ] ], [ [ -73.77280079493039, 40.754269377933376 ], [ -73.772100249671524, 40.754482044922277 ] ], [ [ -73.775694919001921, 40.753291730804719 ], [ -73.775354925384079, 40.753353527353951 ] ], [ [ -73.776257524573779, 40.753204881359046 ], [ -73.775878438323701, 40.753261002564926 ] ], [ [ -73.766991659472197, 40.755636749382809 ], [ -73.766149528818701, 40.755745706482308 ] ], [ [ -73.775800421285567, 40.753272557399796 ], [ -73.775694919001921, 40.753291730804719 ] ], [ [ -73.770133054963665, 40.754992605974337 ], [ -73.769940870131535, 40.755044469824874 ] ], [ [ -73.772100249671524, 40.754482044922277 ], [ -73.771892741891577, 40.754531279133772 ] ], [ [ -73.769940870131535, 40.755044469824874 ], [ -73.769326416135414, 40.755207844545858 ] ], [ [ -73.770967719452173, 40.754777245661934 ], [ -73.770133054963665, 40.754992605974337 ] ], [ [ -73.765236213671415, 40.755864615823235 ], [ -73.76433278009047, 40.755994371693255 ] ], [ [ -73.775354925384079, 40.753353527353951 ], [ -73.774750134098952, 40.75350089411107 ] ], [ [ -73.773860096890857, 40.75383662534216 ], [ -73.77364041770285, 40.753927793214899 ] ], [ [ -73.769326416135414, 40.755207844545858 ], [ -73.769048859801586, 40.755276915712223 ] ], [ [ -73.775878438323701, 40.753261002564926 ], [ -73.775800421285567, 40.753272557399796 ] ], [ [ -73.774465978902455, 40.753574765446253 ], [ -73.773860096890857, 40.75383662534216 ] ], [ [ -73.768145804980037, 40.755482641918803 ], [ -73.767164516565771, 40.755657621983261 ] ], [ [ -73.766149528818701, 40.755745706482308 ], [ -73.765703589515383, 40.755803767015273 ] ], [ [ -73.765703589515383, 40.755803767015273 ], [ -73.765236213671415, 40.755864615823235 ] ], [ [ -73.769048859801586, 40.755276915712223 ], [ -73.768727236805475, 40.755353881141673 ] ], [ [ -73.768727236805475, 40.755353881141673 ], [ -73.768313367492922, 40.755452920142801 ] ] ] } },
{ "type": "Feature", "properties": { "corridor_id": 380, "rank": 140, "name": "EAST 96 STREET (Manhattan)", "street": "EAST 96 STREET", "borough": "Manhattan", "n_blocks": 17, "n_routes": 3, "routes": [ "BXM1", "M106", "M96" ], "peak_period": "md", "hourly_pax": [ 475, 285, 118, 174, 151, 615, 1587, 2187, 4620, 4337, 4603, 5243, 5149, 5066, 5688, 6910, 6765, 6608, 4881, 1875, 1022, 1293, 1047, 1085 ], "miles": 0.66, "pax_delay_min": 43882, "veh_delay_min": 15700, "riders_20d": 46890, "bus_trips_20d": 6359, "rider_block_crossings": 797133, "bus_block_crossings": 108111, "min_per_bus": 3.19, "sec_per_rider": 192, "riders_per_delayed_bus_min": 2.8, "riders_per_bus": 7.4, "pax_delay_per_mile": 66167, "veh_delay_per_mile": 23672, "buses_per_day": 318, "riders_per_day": 2345, "share_of_city_delay_pct": 0.22, "cum_share_pct": 81.67, "pax_am": 12731, "veh_am": 3404, "riders_am": 172574, "share_am_pct": 17.7, "pax_md": 25748, "veh_md": 4651, "riders_md": 199050, "share_md_pct": 35.9, "pax_pm": 25163, "veh_pm": 4556, "riders_pm": 194770, "share_pm_pct": 35.1, "pax_ev": 6321, "veh_ev": 2197, "riders_ev": 61287, "share_ev_pct": 8.8, "pax_night": 1817, "veh_night": 621, "riders_night": 21433, "share_night_pct": 2.5 }, "geometry": { "type": "MultiLineString", "coordinates": [ [ [ -73.952551455329228, 40.786548580795404 ], [ -73.952464301684387, 40.786510430965578 ] ], [ [ -73.955777359092082, 40.787913924397039 ], [ -73.954164769865642, 40.78722756348381 ] ], [ [ -73.952661367102536, 40.78659501967163 ], [ -73.952551455329228, 40.786548580795404 ] ], [ [ -73.950928127809917, 40.785865380241347 ], [ -73.950338041221514, 40.785617150121254 ] ], [ [ -73.950338041221514, 40.785617150121254 ], [ -73.949331706399491, 40.785193126094583 ] ], [ [ -73.945921859853016, 40.78375279832764 ], [ -73.944722645093492, 40.7832475720042 ] ], [ [ -73.947089519108303, 40.78424490580737 ], [ -73.946444972716435, 40.783973178004594 ] ], [ [ -73.946444972716435, 40.783973178004594 ], [ -73.945921859853016, 40.78375279832764 ] ], [ [ -73.953416467538531, 40.786912571026974 ], [ -73.952661367102536, 40.78659501967163 ] ], [ [ -73.954164769865642, 40.78722756348381 ], [ -73.953713450578164, 40.787037585096449 ] ], [ [ -73.953713450578164, 40.787037585096449 ], [ -73.953416467538531, 40.786912571026974 ] ], [ [ -73.952464301684387, 40.786510430965578 ], [ -73.952229476002586, 40.786411550368804 ] ], [ [ -73.949331706399491, 40.785193126094583 ], [ -73.948776263013542, 40.78495823599264 ] ], [ [ -73.948776263013542, 40.78495823599264 ], [ -73.947843460352303, 40.784563755586412 ] ], [ [ -73.947843460352303, 40.784563755586412 ], [ -73.947089519108303, 40.78424490580737 ] ], [ [ -73.952229476002586, 40.786411550368804 ], [ -73.951296709065701, 40.786020074971972 ] ], [ [ -73.951296709065701, 40.786020074971972 ], [ -73.950928127809917, 40.785865380241347 ] ] ] } },
{ "type": "Feature", "properties": { "corridor_id": 503, "rank": 141, "name": "UNION STREET (Queens)", "street": "UNION STREET", "borough": "Queens", "n_blocks": 6, "n_routes": 5, "routes": [ "Q16", "Q20", "Q28", "Q44+", "Q61" ], "peak_period": "am", "hourly_pax": [ 193, 209, 420, 52, 59, 512, 3147, 3215, 3873, 3318, 2306, 2379, 2553, 2777, 2318, 1376, 1805, 2818, 1175, 999, 486, 695, 822, 334 ], "miles": 0.26, "pax_delay_min": 43710, "veh_delay_min": 5427, "riders_20d": 57382, "bus_trips_20d": 6074, "rider_block_crossings": 344292, "bus_block_crossings": 36445, "min_per_bus": 0.72, "sec_per_rider": 43, "riders_per_delayed_bus_min": 8.1, "riders_per_bus": 9.4, "pax_delay_per_mile": 165391, "veh_delay_per_mile": 20535, "buses_per_day": 304, "riders_per_day": 2869, "share_of_city_delay_pct": 0.219, "cum_share_pct": 81.89, "pax_am": 13554, "veh_am": 1142, "riders_am": 70169, "share_am_pct": 35.8, "pax_md": 12333, "veh_md": 1118, "riders_md": 65198, "share_md_pct": 32.6, "pax_pm": 7174, "veh_pm": 972, "riders_pm": 69924, "share_pm_pct": 19.0, "pax_ev": 3336, "veh_ev": 798, "riders_ev": 38947, "share_ev_pct": 8.8, "pax_night": 1444, "veh_night": 346, "riders_night": 19433, "share_night_pct": 3.8 }, "geometry": { "type": "MultiLineString", "coordinates": [ [ [ -73.828114262883943, 40.764056356390419 ], [ -73.828147437794598, 40.763941059788699 ] ], [ [ -73.828147437794598, 40.763941059788699 ], [ -73.828197354431239, 40.763795621445574 ] ], [ [ -73.82686748440986, 40.761092436907056 ], [ -73.826541021166832, 40.760464067495469 ] ], [ [ -73.827515967647898, 40.762421088933301 ], [ -73.82713925102459, 40.761652041427332 ] ], [ [ -73.82713925102459, 40.761652041427332 ], [ -73.82686748440986, 40.761092436907056 ] ], [ [ -73.828197354431239, 40.763795621445574 ], [ -73.827515967647898, 40.762421088933301 ] ] ] } },
{ "type": "Feature", "properties": { "corridor_id": 511, "rank": 142, "name": "135 STREET (Queens)", "street": "135 STREET", "borough": "Queens", "n_blocks": 5, "n_routes": 1, "routes": [ "Q09" ], "peak_period": "am", "hourly_pax": [ 377, 1, 0, 0, 6, 1222, 2990, 4263, 4056, 2006, 1355, 1321, 1350, 1514, 1583, 2766, 2187, 1836, 2398, 868, 890, 786, 680, 750 ], "miles": 0.62, "pax_delay_min": 43479, "veh_delay_min": 3217, "riders_20d": 18634, "bus_trips_20d": 1384, "rider_block_crossings": 93171, "bus_block_crossings": 6920, "min_per_bus": 2.34, "sec_per_rider": 140, "riders_per_delayed_bus_min": 13.5, "riders_per_bus": 13.5, "pax_delay_per_mile": 70521, "veh_delay_per_mile": 5218, "buses_per_day": 69, "riders_per_day": 932, "share_of_city_delay_pct": 0.218, "cum_share_pct": 82.11, "pax_am": 13315, "veh_am": 830, "riders_am": 30671, "share_am_pct": 37.8, "pax_md": 7125, "veh_md": 494, "riders_md": 17667, "share_md_pct": 20.2, "pax_pm": 9187, "veh_pm": 646, "riders_pm": 14958, "share_pm_pct": 26.1, "pax_ev": 3974, "veh_ev": 380, "riders_ev": 7303, "share_ev_pct": 11.3, "pax_night": 1605, "veh_night": 152, "riders_night": 3891, "share_night_pct": 4.6 }, "geometry": { "type": "MultiLineString", "coordinates": [ [ [ -73.809169398018796, 40.686651512463399 ], [ -73.808014106068825, 40.684285898266531 ] ], [ [ -73.808014106068825, 40.684285898266531 ], [ -73.807540651011209, 40.68332499558764 ] ], [ [ -73.809932130570559, 40.688169062507654 ], [ -73.809169398018796, 40.686651512463399 ] ], [ [ -73.811863151395713, 40.691630079637207 ], [ -73.811180162493386, 40.690381756270639 ] ], [ [ -73.811180162493386, 40.690381756270639 ], [ -73.809932130570559, 40.688169062507654 ] ] ] } },
{ "type": "Feature", "properties": { "corridor_id": 479, "rank": 143, "name": "UNION TURNPIKE (Queens)", "street": "UNION TURNPIKE", "borough": "Queens", "n_blocks": 14, "n_routes": 11, "routes": [ "Q45", "Q46", "Q48", "QM1", "QM31", "QM35", "QM36", "QM5", "QM6", "QM7", "QM8" ], "peak_period": "md", "hourly_pax": [ 375, 590, 195, 162, 482, 841, 2474, 3122, 1915, 1006, 1855, 3034, 2400, 238, 1910, 1323, 2893, 1766, 1499, 270, 1427, 2172, 1256, 1094 ], "miles": 0.5, "pax_delay_min": 43289, "veh_delay_min": 5785, "riders_20d": 43150, "bus_trips_20d": 4562, "rider_block_crossings": 604101, "bus_block_crossings": 63868, "min_per_bus": 1.06, "sec_per_rider": 64, "riders_per_delayed_bus_min": 7.5, "riders_per_bus": 9.5, "pax_delay_per_mile": 86485, "veh_delay_per_mile": 11557, "buses_per_day": 228, "riders_per_day": 2158, "share_of_city_delay_pct": 0.217, "cum_share_pct": 82.32, "pax_am": 8517, "veh_am": 878, "riders_am": 280700, "share_am_pct": 24.8, "pax_md": 9438, "veh_md": 1041, "riders_md": 99262, "share_md_pct": 27.5, "pax_pm": 7481, "veh_pm": 809, "riders_pm": 81821, "share_pm_pct": 21.8, "pax_ev": 6219, "veh_ev": 1056, "riders_ev": 39409, "share_ev_pct": 18.1, "pax_night": 2644, "veh_night": 474, "riders_night": 18236, "share_night_pct": 7.7 }, "geometry": { "type": "MultiLineString", "coordinates": [ [ [ -73.82488893618698, 40.717361751496796 ], [ -73.823725782912064, 40.717475844806636 ] ], [ [ -73.82165299281256, 40.717388877809199 ], [ -73.820854152959186, 40.717377912553168 ] ], [ [ -73.82518900199436, 40.717323161024062 ], [ -73.82488893618698, 40.717361751496796 ] ], [ [ -73.819627905251977, 40.717376069813248 ], [ -73.819523438826508, 40.717339732824819 ] ], [ [ -73.823725782912064, 40.717475844806636 ], [ -73.82165299281256, 40.717388877809199 ] ], [ [ -73.819624889289017, 40.717296423779906 ], [ -73.819523438826508, 40.717339732824819 ] ], [ [ -73.820848535812416, 40.717292715060033 ], [ -73.819624889289017, 40.717296423779906 ] ], [ [ -73.825399239674866, 40.7174148560539 ], [ -73.82518900199436, 40.717323161024062 ] ], [ [ -73.820854152959186, 40.717377912553168 ], [ -73.819627905251977, 40.717376069813248 ] ], [ [ -73.819154306194449, 40.717349249369875 ], [ -73.818938676902803, 40.717385871470697 ] ], [ [ -73.818938676902803, 40.717385871470697 ], [ -73.818824258406693, 40.717405395868596 ] ], [ [ -73.818824258406693, 40.717405395868596 ], [ -73.81732944857103, 40.717660456617949 ] ], [ [ -73.819523438826508, 40.717339732824819 ], [ -73.819341857854809, 40.717344414135916 ] ], [ [ -73.819341857854809, 40.717344414135916 ], [ -73.819154306194449, 40.717349249369875 ] ] ] } },
{ "type": "Feature", "properties": { "corridor_id": 2, "rank": 144, "name": "EAST TREMONT AVENUE (Bronx)", "street": "EAST TREMONT AVENUE", "borough": "Bronx", "n_blocks": 26, "n_routes": 7, "routes": [ "BX21", "BX36", "BX40", "BX42", "BX9", "BXM10", "Q44+" ], "peak_period": "md", "hourly_pax": [ 366, 185, 204, 132, 252, 371, 2114, 1404, 1733, 2174, 2770, 3442, 4385, 4576, 5177, 7338, 5007, 2801, 1542, 705, 1589, 1237, 967, 843 ], "miles": 0.76, "pax_delay_min": 42970, "veh_delay_min": 5265, "riders_20d": 63885, "bus_trips_20d": 8708, "rider_block_crossings": 1661018, "bus_block_crossings": 226400, "min_per_bus": 0.5, "sec_per_rider": 30, "riders_per_delayed_bus_min": 8.2, "riders_per_bus": 7.3, "pax_delay_per_mile": 56593, "veh_delay_per_mile": 6935, "buses_per_day": 435, "riders_per_day": 3194, "share_of_city_delay_pct": 0.215, "cum_share_pct": 82.54, "pax_am": 7424, "veh_am": 835, "riders_am": 351914, "share_am_pct": 14.5, "pax_md": 20350, "veh_md": 2252, "riders_md": 369390, "share_md_pct": 39.7, "pax_pm": 16689, "veh_pm": 1666, "riders_pm": 379580, "share_pm_pct": 32.5, "pax_ev": 5342, "veh_ev": 1097, "riders_ev": 157690, "share_ev_pct": 10.4, "pax_night": 1511, "veh_night": 315, "riders_night": 69015, "share_night_pct": 2.9 }, "geometry": { "type": "MultiLineString", "coordinates": [ [ [ -73.867248189512921, 40.840343803965922 ], [ -73.866361308437035, 40.840592685013085 ] ], [ [ -73.872834538655866, 40.839754862986908 ], [ -73.872772047324133, 40.839751281938952 ] ], [ [ -73.865464501924492, 40.840856891973026 ], [ -73.864480117998767, 40.841087797019568 ] ], [ [ -73.877913804318524, 40.83997032786661 ], [ -73.877387402303796, 40.840003634833629 ] ], [ [ -73.867402071033013, 40.840290275466245 ], [ -73.867248189512921, 40.840343803965922 ] ], [ [ -73.866361308437035, 40.840592685013085 ], [ -73.865464501924492, 40.840856891973026 ] ], [ [ -73.872727185034719, 40.839748944727191 ], [ -73.871206059315597, 40.839674622354522 ] ], [ [ -73.867822581717363, 40.84016649896936 ], [ -73.867402071033013, 40.840290275466245 ] ], [ [ -73.868308469404909, 40.839995213547127 ], [ -73.867822581717363, 40.84016649896936 ] ], [ [ -73.864480117998767, 40.841087797019568 ], [ -73.864391177695154, 40.841151303103445 ] ], [ [ -73.873597136396683, 40.839798555525626 ], [ -73.872834538655866, 40.839754862986908 ] ], [ [ -73.872772047324133, 40.839751281938952 ], [ -73.872727185034719, 40.839748944727191 ] ], [ [ -73.875612852559129, 40.839902520577368 ], [ -73.873597136396683, 40.839798555525626 ] ], [ [ -73.877387402303796, 40.840003634833629 ], [ -73.875612852559129, 40.839902520577368 ] ], [ [ -73.869207668732372, 40.839600046288624 ], [ -73.868740735467824, 40.839824576221645 ] ], [ [ -73.868740735467824, 40.839824576221645 ], [ -73.868308469404909, 40.839995213547127 ] ], [ [ -73.869558621476259, 40.839595652826141 ], [ -73.869207668732372, 40.839600046288624 ] ], [ [ -73.878419250461448, 40.839994590066844 ], [ -73.878310091316024, 40.839989350849415 ] ], [ [ -73.878310091316024, 40.839989350849415 ], [ -73.878238567707697, 40.839985917486942 ] ], [ [ -73.871206059315597, 40.839674622354522 ], [ -73.870347869557136, 40.839625566110684 ] ], [ [ -73.870347869557136, 40.839625566110684 ], [ -73.870276386325486, 40.839621478730763 ] ], [ [ -73.870065251025821, 40.839613882775865 ], [ -73.869558621476259, 40.839595652826141 ] ], [ [ -73.870276386325486, 40.839621478730763 ], [ -73.870181782127716, 40.839618075617317 ] ], [ [ -73.870181782127716, 40.839618075617317 ], [ -73.870065251025821, 40.839613882775865 ] ], [ [ -73.878238567707697, 40.839985917486942 ], [ -73.878124953589449, 40.839980463969773 ] ], [ [ -73.878124953589449, 40.839980463969773 ], [ -73.877913804318524, 40.83997032786661 ] ] ] } },
{ "type": "Feature", "properties": { "corridor_id": 70, "rank": 145, "name": "RIVERDALE AVENUE (Bronx)", "street": "RIVERDALE AVENUE", "borough": "Bronx", "n_blocks": 8, "n_routes": 5, "routes": [ "BX10", "BX7", "BXM1", "BXM18", "BXM2" ], "peak_period": "md", "hourly_pax": [ 242, 244, 34, 31, 61, 397, 807, 1466, 1441, 1311, 2694, 2188, 1796, 2884, 1951, 1681, 1581, 1490, 2522, 2037, 1656, 1668, 1237, 528 ], "miles": 0.76, "pax_delay_min": 42484, "veh_delay_min": 25728, "riders_20d": 29703, "bus_trips_20d": 11207, "rider_block_crossings": 237627, "bus_block_crossings": 89657, "min_per_bus": 2.46, "sec_per_rider": 148, "riders_per_delayed_bus_min": 1.7, "riders_per_bus": 2.7, "pax_delay_per_mile": 55623, "veh_delay_per_mile": 33685, "buses_per_day": 560, "riders_per_day": 1485, "share_of_city_delay_pct": 0.213, "cum_share_pct": 82.75, "pax_am": 5025, "veh_am": 3623, "riders_am": 44620, "share_am_pct": 15.7, "pax_md": 11513, "veh_md": 4121, "riders_md": 63033, "share_md_pct": 36.0, "pax_pm": 7273, "veh_pm": 4743, "riders_pm": 46003, "share_pm_pct": 22.8, "pax_ev": 7125, "veh_ev": 5801, "riders_ev": 26775, "share_ev_pct": 22.3, "pax_night": 1010, "veh_night": 735, "riders_night": 9490, "share_night_pct": 3.2 }, "geometry": { "type": "MultiLineString", "coordinates": [ [ [ -73.904339068523726, 40.905968370152991 ], [ -73.90409996247574, 40.906861747714586 ] ], [ [ -73.903673422323322, 40.908436796626454 ], [ -73.903215023339811, 40.910128896711612 ] ], [ [ -73.905006776194483, 40.904139950147183 ], [ -73.904720880315494, 40.904922837793009 ] ], [ [ -73.9054747412561, 40.90295358713675 ], [ -73.905006776194483, 40.904139950147183 ] ], [ [ -73.903215023339811, 40.910128896711612 ], [ -73.902587810613582, 40.912469136352392 ] ], [ [ -73.90409996247574, 40.906861747714586 ], [ -73.903673422323322, 40.908436796626454 ] ], [ [ -73.904720880315494, 40.904922837793009 ], [ -73.904339068523726, 40.905968370152991 ] ], [ [ -73.906026067778924, 40.901725052253823 ], [ -73.9054747412561, 40.90295358713675 ] ] ] } },
{ "type": "Feature", "properties": { "corridor_id": 387, "rank": 146, "name": "EAST 34 STREET (Manhattan)", "street": "EAST 34 STREET", "borough": "Manhattan", "n_blocks": 3, "n_routes": 15, "routes": [ "BM5", "M34+", "M34A+", "QM1", "QM15", "QM16", "QM17", "QM2", "QM20", "QM24", "QM4", "QM5", "QM6", "SIM23", "SIM24" ], "peak_period": "am", "hourly_pax": [ 106, 221, 0, 0, 0, 104, 1334, 3069, 6073, 5017, 556, 485, 1254, 1742, 2242, 1999, 2234, 2762, 1507, 1414, 652, 1089, 3572, 239 ], "miles": 0.19, "pax_delay_min": 42465, "veh_delay_min": 4833, "riders_20d": 70662, "bus_trips_20d": 7795, "rider_block_crossings": 211985, "bus_block_crossings": 23386, "min_per_bus": 0.47, "sec_per_rider": 28, "riders_per_delayed_bus_min": 8.8, "riders_per_bus": 9.1, "pax_delay_per_mile": 223289, "veh_delay_per_mile": 25411, "buses_per_day": 390, "riders_per_day": 3533, "share_of_city_delay_pct": 0.213, "cum_share_pct": 82.96, "pax_am": 15493, "veh_am": 1132, "riders_am": 88640, "share_am_pct": 41.1, "pax_md": 6280, "veh_md": 771, "riders_md": 33446, "share_md_pct": 16.7, "pax_pm": 8503, "veh_pm": 1073, "riders_pm": 36988, "share_pm_pct": 22.6, "pax_ev": 6966, "veh_ev": 976, "riders_ev": 21096, "share_ev_pct": 18.5, "pax_night": 431, "veh_night": 56, "riders_night": 4178, "share_night_pct": 1.1 }, "geometry": { "type": "MultiLineString", "coordinates": [ [ [ -73.984560771363547, 40.748438842400091 ], [ -73.982956910243473, 40.747764352559059 ] ], [ [ -73.982956910243473, 40.747764352559059 ], [ -73.981432819556986, 40.747119777827692 ] ], [ [ -73.981432819556986, 40.747119777827692 ], [ -73.981391973981374, 40.747101551317684 ] ] ] } },
{ "type": "Feature", "properties": { "corridor_id": 19, "rank": 147, "name": "MC CLEAN AVENUE (Staten Island)", "street": "MC CLEAN AVENUE", "borough": "Staten Island", "n_blocks": 26, "n_routes": 4, "routes": [ "S51", "S52", "S53", "S81" ], "peak_period": "pm", "hourly_pax": [ 496, 617, 172, 173, 109, 741, 2001, 2475, 2173, 1945, 1672, 1542, 1601, 1658, 1809, 2109, 2476, 2266, 2852, 1872, 1295, 887, 911, 711 ], "miles": 1.07, "pax_delay_min": 42240, "veh_delay_min": 3943, "riders_20d": 23309, "bus_trips_20d": 2592, "rider_block_crossings": 606033, "bus_block_crossings": 67399, "min_per_bus": 1.07, "sec_per_rider": 64, "riders_per_delayed_bus_min": 10.7, "riders_per_bus": 9.0, "pax_delay_per_mile": 39441, "veh_delay_per_mile": 3682, "buses_per_day": 130, "riders_per_day": 1165, "share_of_city_delay_pct": 0.212, "cum_share_pct": 83.17, "pax_am": 8594, "veh_am": 812, "riders_am": 114772, "share_am_pct": 24.9, "pax_md": 8282, "veh_md": 797, "riders_md": 109276, "share_md_pct": 24.0, "pax_pm": 9703, "veh_pm": 831, "riders_pm": 112667, "share_pm_pct": 28.1, "pax_ev": 5676, "veh_ev": 684, "riders_ev": 67030, "share_ev_pct": 16.4, "pax_night": 2308, "veh_night": 358, "riders_night": 39050, "share_night_pct": 6.7 }, "geometry": { "type": "MultiLineString", "coordinates": [ [ [ -74.069569742855691, 40.597020057714488 ], [ -74.0704397610603, 40.596734746297621 ] ], [ [ -74.06592312015006, 40.598221154294798 ], [ -74.066265560379492, 40.598109535534022 ] ], [ [ -74.075398990509996, 40.595104147420876 ], [ -74.076262029868886, 40.59482256969514 ] ], [ [ -74.077149223697205, 40.59453408036223 ], [ -74.078001624033945, 40.594245773575146 ] ], [ [ -74.062063423709347, 40.599494794683913 ], [ -74.062840729236726, 40.599237599131641 ] ], [ [ -74.068351464218182, 40.59742112486569 ], [ -74.068926479422615, 40.597230519085187 ] ], [ [ -74.078001624033945, 40.594245773575146 ], [ -74.078955586867139, 40.594259418097018 ] ], [ [ -74.072800055064533, 40.595957800566538 ], [ -74.073679590866163, 40.595668395692641 ] ], [ [ -74.076262029868886, 40.59482256969514 ], [ -74.077149223697205, 40.59453408036223 ] ], [ [ -74.078001624033945, 40.594245773575146 ], [ -74.078891513297179, 40.593958479391887 ] ], [ [ -74.074537304720735, 40.595386780286603 ], [ -74.075398990509996, 40.595104147420876 ] ], [ [ -74.073679590866163, 40.595668395692641 ], [ -74.074537304720735, 40.595386780286603 ] ], [ [ -74.066619797956065, 40.597994667305208 ], [ -74.067396914474784, 40.59773399901006 ] ], [ [ -74.068926479422615, 40.597230519085187 ], [ -74.069569742855691, 40.597020057714488 ] ], [ [ -74.066265560379492, 40.598109535534022 ], [ -74.066619797956065, 40.597994667305208 ] ], [ [ -74.06375933341242, 40.598934859554689 ], [ -74.065125191489315, 40.598486164476483 ] ], [ [ -74.071186350213537, 40.596489992518606 ], [ -74.072800055064533, 40.595957800566538 ] ], [ [ -74.0704397610603, 40.596734746297621 ], [ -74.071186350213537, 40.596489992518606 ] ], [ [ -74.065125191489315, 40.598486164476483 ], [ -74.065237648143906, 40.59844689234162 ] ], [ [ -74.065815376214474, 40.598257587927812 ], [ -74.06592312015006, 40.598221154294798 ] ], [ [ -74.065237648143906, 40.59844689234162 ], [ -74.065815376214474, 40.598257587927812 ] ], [ [ -74.067396914474784, 40.59773399901006 ], [ -74.068351464218182, 40.59742112486569 ] ], [ [ -74.062840729236726, 40.599237599131641 ], [ -74.06375933341242, 40.598934859554689 ] ], [ [ -74.061920026665632, 40.599542241215758 ], [ -74.062063423709347, 40.599494794683913 ] ], [ [ -74.061084140630186, 40.599816393243216 ], [ -74.0612897003858, 40.599748974759841 ] ], [ [ -74.0612897003858, 40.599748974759841 ], [ -74.061920026665632, 40.599542241215758 ] ] ] } },
{ "type": "Feature", "properties": { "corridor_id": 535, "rank": 148, "name": "80 STREET (Queens)", "street": "80 STREET", "borough": "Queens", "n_blocks": 14, "n_routes": 3, "routes": [ "Q29", "Q47", "Q54" ], "peak_period": "pm", "hourly_pax": [ 296, 239, 25, 74, 144, 257, 677, 1164, 2133, 2156, 1524, 1843, 2211, 1117, 2056, 2208, 3622, 2760, 2728, 428, 507, 418, 521, 370 ], "miles": 0.59, "pax_delay_min": 42221, "veh_delay_min": 17009, "riders_20d": 24793, "bus_trips_20d": 3882, "rider_block_crossings": 347095, "bus_block_crossings": 54350, "min_per_bus": 5.92, "sec_per_rider": 355, "riders_per_delayed_bus_min": 2.5, "riders_per_bus": 6.4, "pax_delay_per_mile": 71351, "veh_delay_per_mile": 28744, "buses_per_day": 194, "riders_per_day": 1240, "share_of_city_delay_pct": 0.211, "cum_share_pct": 83.39, "pax_am": 6129, "veh_am": 3641, "riders_am": 66113, "share_am_pct": 20.8, "pax_md": 8750, "veh_md": 2191, "riders_md": 70858, "share_md_pct": 29.7, "pax_pm": 11319, "veh_pm": 3619, "riders_pm": 83939, "share_pm_pct": 38.4, "pax_ev": 2244, "veh_ev": 2614, "riders_ev": 32278, "share_ev_pct": 7.6, "pax_night": 1035, "veh_night": 657, "riders_night": 17948, "share_night_pct": 3.5 }, "geometry": { "type": "MultiLineString", "coordinates": [ [ [ -73.868607556380695, 40.705376296450325 ], [ -73.868473052810884, 40.704606718004904 ] ], [ [ -73.868473052810884, 40.704606718004904 ], [ -73.868242739818371, 40.702970195612068 ] ], [ [ -73.870178801106036, 40.709231871132658 ], [ -73.869758047742451, 40.708324999338863 ] ], [ [ -73.87094471592404, 40.711245722727135 ], [ -73.870632703122396, 40.710577534821368 ] ], [ [ -73.869497386129936, 40.707872069597478 ], [ -73.869110071601085, 40.707089336702616 ] ], [ [ -73.870632703122396, 40.710577534821368 ], [ -73.870320633744328, 40.709898999270713 ] ], [ [ -73.868812247986426, 40.706084809764107 ], [ -73.868607556380695, 40.705376296450325 ] ], [ [ -73.869110071601085, 40.707089336702616 ], [ -73.869013076534841, 40.706762205763553 ] ], [ [ -73.870320633744328, 40.709898999270713 ], [ -73.870212183732662, 40.709418474922551 ] ], [ [ -73.870212183732662, 40.709418474922551 ], [ -73.870178801106036, 40.709231871132658 ] ], [ [ -73.869013076534841, 40.706762205763553 ], [ -73.868837893708402, 40.706171314532078 ] ], [ [ -73.868837893708402, 40.706171314532078 ], [ -73.868812247986426, 40.706084809764107 ] ], [ [ -73.869758047742451, 40.708324999338863 ], [ -73.869713137736966, 40.708246964210026 ] ], [ [ -73.869713137736966, 40.708246964210026 ], [ -73.869497386129936, 40.707872069597478 ] ] ] } },
{ "type": "Feature", "properties": { "corridor_id": 378, "rank": 149, "name": "EAST 116 STREET (Manhattan)", "street": "EAST 116 STREET", "borough": "Manhattan", "n_blocks": 20, "n_routes": 8, "routes": [ "BXM1", "BXM11", "BXM6", "BXM7", "BXM8", "BXM9", "M102", "M116" ], "peak_period": "am", "hourly_pax": [ 829, 379, 33, 37, 266, 1596, 4887, 9765, 10448, 5290, 4439, 5060, 7171, 5533, 5124, 5929, 6290, 3587, 2441, 2363, 1958, 1683, 1243, 1627 ], "miles": 0.8, "pax_delay_min": 42186, "veh_delay_min": 6043, "riders_20d": 81008, "bus_trips_20d": 6731, "rider_block_crossings": 1620156, "bus_block_crossings": 134616, "min_per_bus": 0.4, "sec_per_rider": 24, "riders_per_delayed_bus_min": 7.0, "riders_per_bus": 12.0, "pax_delay_per_mile": 52870, "veh_delay_per_mile": 7574, "buses_per_day": 337, "riders_per_day": 4050, "share_of_city_delay_pct": 0.211, "cum_share_pct": 83.6, "pax_am": 30391, "veh_am": 2158, "riders_am": 416814, "share_am_pct": 34.5, "pax_md": 27328, "veh_md": 1825, "riders_md": 362566, "share_md_pct": 31.1, "pax_pm": 18247, "veh_pm": 1381, "riders_pm": 334367, "share_pm_pct": 20.7, "pax_ev": 8875, "veh_ev": 1373, "riders_ev": 150039, "share_ev_pct": 10.1, "pax_night": 3140, "veh_night": 564, "riders_night": 46416, "share_night_pct": 3.6 }, "geometry": { "type": "MultiLineString", "coordinates": [ [ [ -73.943100259187844, 40.79924984810814 ], [ -73.941619226678924, 40.79862363887765 ] ], [ [ -73.943233863894392, 40.799307186023199 ], [ -73.943100259187844, 40.79924984810814 ] ], [ [ -73.941619226678924, 40.79862363887765 ], [ -73.940021750743185, 40.797946399339729 ] ], [ [ -73.937554560825362, 40.796909870202313 ], [ -73.935410848641951, 40.796005495097404 ] ], [ [ -73.944847768883719, 40.79998638771422 ], [ -73.943372717914116, 40.799365795798344 ] ], [ [ -73.943372717914116, 40.799365795798344 ], [ -73.943233863894392, 40.799307186023199 ] ], [ [ -73.937774731564119, 40.797002745193019 ], [ -73.937638196491932, 40.796945150117942 ] ], [ [ -73.937638196491932, 40.796945150117942 ], [ -73.937554560825362, 40.796909870202313 ] ], [ [ -73.934956154164581, 40.795813500285561 ], [ -73.934879982840272, 40.795781328569454 ] ], [ [ -73.933462292382217, 40.795182533954993 ], [ -73.933156972515647, 40.795053571274863 ] ], [ [ -73.934879982840272, 40.795781328569454 ], [ -73.933629016417015, 40.795252955549017 ] ], [ [ -73.933629016417015, 40.795252955549017 ], [ -73.933462292382217, 40.795182533954993 ] ], [ [ -73.946461338603044, 40.800665305266413 ], [ -73.945947627194357, 40.800449163078497 ] ], [ [ -73.945947627194357, 40.800449163078497 ], [ -73.945296553242713, 40.800175219790958 ] ], [ [ -73.945296553242713, 40.800175219790958 ], [ -73.944847768883719, 40.79998638771422 ] ], [ [ -73.940021750743185, 40.797946399339729 ], [ -73.939658156809145, 40.797793710255512 ] ], [ [ -73.939658156809145, 40.797793710255512 ], [ -73.938147700769349, 40.797159381763343 ] ], [ [ -73.938147700769349, 40.797159381763343 ], [ -73.937774731564119, 40.797002745193019 ] ], [ [ -73.935410848641951, 40.796005495097404 ], [ -73.935011155968695, 40.795836724824426 ] ], [ [ -73.935011155968695, 40.795836724824426 ], [ -73.934956154164581, 40.795813500285561 ] ] ] } },
{ "type": "Feature", "properties": { "corridor_id": 618, "rank": 150, "name": "UNION TURNPIKE PED AND BIKE PATH (Queens)", "street": "UNION TURNPIKE PED AND BIKE PATH", "borough": "Queens", "n_blocks": 11, "n_routes": 11, "routes": [ "Q45", "Q46", "Q48", "QM1", "QM31", "QM35", "QM36", "QM5", "QM6", "QM7", "QM8" ], "peak_period": "am", "hourly_pax": [ 417, 606, 288, 240, 389, 699, 2354, 3232, 2106, 1204, 1907, 2605, 2013, 317, 1655, 1169, 2362, 1426, 1390, 361, 1362, 1668, 1091, 1075 ], "miles": 0.26, "pax_delay_min": 42147, "veh_delay_min": 5886, "riders_20d": 51720, "bus_trips_20d": 5450, "rider_block_crossings": 568915, "bus_block_crossings": 59954, "min_per_bus": 0.98, "sec_per_rider": 59, "riders_per_delayed_bus_min": 7.2, "riders_per_bus": 9.5, "pax_delay_per_mile": 160698, "veh_delay_per_mile": 22444, "buses_per_day": 273, "riders_per_day": 2586, "share_of_city_delay_pct": 0.211, "cum_share_pct": 83.81, "pax_am": 8896, "veh_am": 897, "riders_am": 261332, "share_am_pct": 27.9, "pax_md": 8497, "veh_md": 951, "riders_md": 94502, "share_md_pct": 26.6, "pax_pm": 6348, "veh_pm": 684, "riders_pm": 78455, "share_pm_pct": 19.9, "pax_ev": 5557, "veh_ev": 1017, "riders_ev": 37664, "share_ev_pct": 17.4, "pax_night": 2638, "veh_night": 520, "riders_night": 16981, "share_night_pct": 8.3 }, "geometry": { "type": "MultiLineString", "coordinates": [ [ [ -73.831033860051519, 40.714498760569946 ], [ -73.830936277864197, 40.714574893265649 ] ], [ [ -73.830936277864197, 40.714574893265649 ], [ -73.829404151518887, 40.715058685068662 ] ], [ [ -73.829404151518887, 40.715058685068662 ], [ -73.828986963270594, 40.715340643628437 ] ], [ [ -73.828986963270594, 40.715340643628437 ], [ -73.828306666877765, 40.71613685221056 ] ], [ [ -73.828306666877765, 40.71613685221056 ], [ -73.828157365051638, 40.716293881481931 ] ], [ [ -73.828157365051638, 40.716293881481931 ], [ -73.828089308783774, 40.716365418266868 ] ], [ [ -73.828089308783774, 40.716365418266868 ], [ -73.827997507310229, 40.716450113626657 ] ], [ [ -73.827997507310229, 40.716450113626657 ], [ -73.827868890124904, 40.71656061395894 ] ], [ [ -73.827868890124904, 40.71656061395894 ], [ -73.82769669885414, 40.716708364579453 ] ], [ [ -73.82769669885414, 40.716708364579453 ], [ -73.827685608139561, 40.716713758462312 ] ], [ [ -73.827685608139561, 40.716713758462312 ], [ -73.827420482957592, 40.716941617698694 ] ] ] } },
{ "type": "Feature", "properties": { "corridor_id": 72, "rank": 151, "name": "SOUTHERN BOULEVARD (Bronx)", "street": "SOUTHERN BOULEVARD", "borough": "Bronx", "n_blocks": 7, "n_routes": 1, "routes": [ "BX19" ], "peak_period": "md", "hourly_pax": [ 438, 429, 88, 79, 295, 570, 688, 792, 1106, 983, 1802, 2528, 1249, 1595, 1951, 1717, 2429, 1554, 3337, 1102, 1330, 1296, 585, 799 ], "miles": 0.39, "pax_delay_min": 40266, "veh_delay_min": 5063, "riders_20d": 41251, "bus_trips_20d": 5048, "rider_block_crossings": 288757, "bus_block_crossings": 35335, "min_per_bus": 1.0, "sec_per_rider": 60, "riders_per_delayed_bus_min": 8.0, "riders_per_bus": 8.2, "pax_delay_per_mile": 103063, "veh_delay_per_mile": 12958, "buses_per_day": 252, "riders_per_day": 2063, "share_of_city_delay_pct": 0.202, "cum_share_pct": 84.01, "pax_am": 3569, "veh_am": 472, "riders_am": 48359, "share_am_pct": 12.4, "pax_md": 9125, "veh_md": 1050, "riders_md": 60131, "share_md_pct": 31.7, "pax_pm": 9036, "veh_pm": 955, "riders_pm": 60156, "share_pm_pct": 31.4, "pax_ev": 5112, "veh_ev": 761, "riders_ev": 34493, "share_ev_pct": 17.8, "pax_night": 1899, "veh_night": 278, "riders_night": 17839, "share_night_pct": 6.6 }, "geometry": { "type": "MultiLineString", "coordinates": [ [ [ -73.885297449318628, 40.844571598124588 ], [ -73.885202862881158, 40.844982739676418 ] ], [ [ -73.885202862881158, 40.844982739676418 ], [ -73.884465322155336, 40.845985727950094 ] ], [ [ -73.886101739487813, 40.840525357647508 ], [ -73.885964474276221, 40.841186436601248 ] ], [ [ -73.885659944554362, 40.842710410049015 ], [ -73.885454591610682, 40.843766395342016 ] ], [ [ -73.885964474276221, 40.841186436601248 ], [ -73.885815479006496, 40.841930565232971 ] ], [ [ -73.885454591610682, 40.843766395342016 ], [ -73.885297449318628, 40.844571598124588 ] ], [ [ -73.885815479006496, 40.841930565232971 ], [ -73.885659944554362, 40.842710410049015 ] ] ] } },
{ "type": "Feature", "properties": { "corridor_id": 326, "rank": 152, "name": "STATE STREET (Manhattan)", "street": "STATE STREET", "borough": "Manhattan", "n_blocks": 8, "n_routes": 15, "routes": [ "BM1", "BM2", "BM3", "BM4", "M15+", "M20", "M55", "QM11", "QM25", "QM65", "QM7", "QM8", "SIM15", "SIM35", "SIM5" ], "peak_period": "pm", "hourly_pax": [ 362, 57, 0, 0, 0, 219, 305, 330, 760, 1340, 687, 693, 892, 790, 618, 3460, 5029, 9075, 10181, 1175, 700, 543, 803, 397 ], "miles": 0.21, "pax_delay_min": 40135, "veh_delay_min": 18642, "riders_20d": 32255, "bus_trips_20d": 8055, "rider_block_crossings": 258037, "bus_block_crossings": 64439, "min_per_bus": 2.21, "sec_per_rider": 132, "riders_per_delayed_bus_min": 2.2, "riders_per_bus": 4.0, "pax_delay_per_mile": 189407, "veh_delay_per_mile": 87975, "buses_per_day": 403, "riders_per_day": 1613, "share_of_city_delay_pct": 0.201, "cum_share_pct": 84.21, "pax_am": 2735, "veh_am": 2293, "riders_am": 64723, "share_am_pct": 7.1, "pax_md": 3680, "veh_md": 3260, "riders_md": 19884, "share_md_pct": 9.6, "pax_pm": 27746, "veh_pm": 4615, "riders_pm": 116157, "share_pm_pct": 72.2, "pax_ev": 3619, "veh_ev": 3397, "riders_ev": 29464, "share_ev_pct": 9.4, "pax_night": 637, "veh_night": 577, "riders_night": 3719, "share_night_pct": 1.7 }, "geometry": { "type": "MultiLineString", "coordinates": [ [ [ -74.014391768959797, 40.703598782715055 ], [ -74.014255239391446, 40.704425471892442 ] ], [ [ -74.01442983244668, 40.703150647255271 ], [ -74.014391768959797, 40.703598782715055 ] ], [ [ -74.013749458500257, 40.702389550520572 ], [ -74.013834410551127, 40.702405700972463 ] ], [ [ -74.014255239391446, 40.704425471892442 ], [ -74.014289229379742, 40.704549075420658 ] ], [ [ -74.013834410551127, 40.702405700972463 ], [ -74.014205805534175, 40.7027371965181 ] ], [ [ -74.014205805534175, 40.7027371965181 ], [ -74.01442983244668, 40.703150647255271 ] ], [ [ -74.012826710721043, 40.702408626673076 ], [ -74.013638206840028, 40.702371128812395 ] ], [ [ -74.013638206840028, 40.702371128812395 ], [ -74.013749458500257, 40.702389550520572 ] ] ] } },
{ "type": "Feature", "properties": { "corridor_id": 199, "rank": 153, "name": "FULTON STREET (Brooklyn)", "street": "FULTON STREET", "borough": "Brooklyn", "n_blocks": 15, "n_routes": 9, "routes": [ "B103", "B25", "B26", "B38", "B41", "B45", "B52", "B61", "B65" ], "peak_period": "md", "hourly_pax": [ 176, 202, 104, 70, 14, 120, 292, 715, 1624, 4475, 2850, 3401, 3500, 3420, 3493, 2608, 2185, 3931, 3223, 1259, 944, 687, 486, 275 ], "miles": 0.47, "pax_delay_min": 40035, "veh_delay_min": 18869, "riders_20d": 52640, "bus_trips_20d": 17407, "rider_block_crossings": 789601, "bus_block_crossings": 261108, "min_per_bus": 1.06, "sec_per_rider": 64, "riders_per_delayed_bus_min": 2.1, "riders_per_bus": 3.0, "pax_delay_per_mile": 84326, "veh_delay_per_mile": 39743, "buses_per_day": 870, "riders_per_day": 2632, "share_of_city_delay_pct": 0.201, "cum_share_pct": 84.41, "pax_am": 7106, "veh_am": 3087, "riders_am": 132836, "share_am_pct": 17.7, "pax_md": 16664, "veh_md": 6541, "riders_md": 241028, "share_md_pct": 41.6, "pax_pm": 11947, "veh_pm": 5027, "riders_pm": 166120, "share_pm_pct": 29.8, "pax_ev": 3652, "veh_ev": 2423, "riders_ev": 59877, "share_ev_pct": 9.1, "pax_night": 686, "veh_night": 521, "riders_night": 23619, "share_night_pct": 1.7 }, "geometry": { "type": "MultiLineString", "coordinates": [ [ [ -73.986331350577103, 40.691050510029953 ], [ -73.985363918969327, 40.69066661297019 ] ], [ [ -73.987333443273158, 40.691453377348687 ], [ -73.986464362520493, 40.691103611242248 ] ], [ [ -73.989029447826013, 40.692123860975521 ], [ -73.988933563276163, 40.692086640958671 ] ], [ [ -73.988933563276163, 40.692086640958671 ], [ -73.988209558989141, 40.691805754459615 ] ], [ [ -73.984070341177116, 40.690143078623912 ], [ -73.983720111354629, 40.690006718571219 ] ], [ [ -73.986464362520493, 40.691103611242248 ], [ -73.986331350577103, 40.691050510029953 ] ], [ [ -73.982956843526452, 40.689699819352334 ], [ -73.98209738004492, 40.689358009163449 ] ], [ [ -73.9851041203177, 40.690561145343565 ], [ -73.984432163233592, 40.690292172164455 ] ], [ [ -73.988209558989141, 40.691805754459615 ], [ -73.987333443273158, 40.691453377348687 ] ], [ [ -73.984432163233592, 40.690292172164455 ], [ -73.984070341177116, 40.690143078623912 ] ], [ [ -73.985363918969327, 40.69066661297019 ], [ -73.9851041203177, 40.690561145343565 ] ], [ [ -73.98209738004492, 40.689358009163449 ], [ -73.981552983368886, 40.689146164159759 ] ], [ [ -73.981552983368886, 40.689146164159759 ], [ -73.981017868788896, 40.688937926930059 ] ], [ [ -73.983720111354629, 40.690006718571219 ], [ -73.983509821789468, 40.689922170849066 ] ], [ [ -73.983509821789468, 40.689922170849066 ], [ -73.982956843526452, 40.689699819352334 ] ] ] } },
{ "type": "Feature", "properties": { "corridor_id": 346, "rank": 154, "name": "WEST 106 STREET (Manhattan)", "street": "WEST 106 STREET", "borough": "Manhattan", "n_blocks": 9, "n_routes": 2, "routes": [ "M116", "M7" ], "peak_period": "md", "hourly_pax": [ 316, 299, 38, 16, 41, 197, 731, 1020, 1469, 1583, 2624, 2273, 2272, 2708, 2775, 1638, 1819, 1682, 1648, 614, 814, 625, 531, 454 ], "miles": 0.38, "pax_delay_min": 39882, "veh_delay_min": 11001, "riders_20d": 19953, "bus_trips_20d": 4655, "rider_block_crossings": 179577, "bus_block_crossings": 41898, "min_per_bus": 2.75, "sec_per_rider": 165, "riders_per_delayed_bus_min": 3.6, "riders_per_bus": 4.3, "pax_delay_per_mile": 105809, "veh_delay_per_mile": 29187, "buses_per_day": 233, "riders_per_day": 998, "share_of_city_delay_pct": 0.2, "cum_share_pct": 84.61, "pax_am": 4804, "veh_am": 2206, "riders_am": 20790, "share_am_pct": 17.0, "pax_md": 12652, "veh_md": 2411, "riders_md": 45805, "share_md_pct": 44.9, "pax_pm": 6788, "veh_pm": 2277, "riders_pm": 35968, "share_pm_pct": 24.1, "pax_ev": 3039, "veh_ev": 1672, "riders_ev": 15285, "share_ev_pct": 10.8, "pax_night": 908, "veh_night": 434, "riders_night": 6052, "share_night_pct": 3.2 }, "geometry": { "type": "MultiLineString", "coordinates": [ [ [ -73.961477799715325, 40.798654156345179 ], [ -73.962866682730663, 40.799233703307877 ] ], [ [ -73.962866682730663, 40.799233703307877 ], [ -73.96432680327672, 40.799854145942511 ] ], [ [ -73.96432680327672, 40.799854145942511 ], [ -73.964604790409666, 40.799971379892597 ] ], [ [ -73.964604790409666, 40.799971379892597 ], [ -73.965710586343064, 40.80043707000322 ] ], [ [ -73.965710586343064, 40.80043707000322 ], [ -73.966801883327037, 40.800898976233391 ] ], [ [ -73.966801883327037, 40.800898976233391 ], [ -73.96693654893194, 40.800955895010397 ] ], [ [ -73.96693654893194, 40.800955895010397 ], [ -73.967033303267726, 40.800996790057312 ] ], [ [ -73.967202752831525, 40.801068410438454 ], [ -73.967760898371409, 40.801307679699342 ] ], [ [ -73.967033303267726, 40.800996790057312 ], [ -73.967202752831525, 40.801068410438454 ] ] ] } },
{ "type": "Feature", "properties": { "corridor_id": 185, "rank": 155, "name": "BRIGHTON BEACH AVENUE (Brooklyn)", "street": "BRIGHTON BEACH AVENUE", "borough": "Brooklyn", "n_blocks": 25, "n_routes": 2, "routes": [ "B1", "B68" ], "peak_period": "md", "hourly_pax": [ 133, 82, 38, 36, 61, 145, 631, 887, 1536, 1546, 2788, 2595, 3593, 2967, 2735, 2749, 2584, 2428, 1930, 809, 715, 517, 341, 190 ], "miles": 0.79, "pax_delay_min": 39726, "veh_delay_min": 16632, "riders_20d": 13420, "bus_trips_20d": 6286, "rider_block_crossings": 335496, "bus_block_crossings": 157149, "min_per_bus": 2.36, "sec_per_rider": 141, "riders_per_delayed_bus_min": 2.4, "riders_per_bus": 2.1, "pax_delay_per_mile": 50238, "veh_delay_per_mile": 21033, "buses_per_day": 314, "riders_per_day": 671, "share_of_city_delay_pct": 0.199, "cum_share_pct": 84.81, "pax_am": 4601, "veh_am": 2318, "riders_am": 48855, "share_am_pct": 14.4, "pax_md": 14677, "veh_md": 4968, "riders_md": 86635, "share_md_pct": 45.8, "pax_pm": 9690, "veh_pm": 3176, "riders_pm": 85235, "share_pm_pct": 30.2, "pax_ev": 2572, "veh_ev": 2124, "riders_ev": 24141, "share_ev_pct": 8.0, "pax_night": 495, "veh_night": 426, "riders_night": 11519, "share_night_pct": 1.5 }, "geometry": { "type": "MultiLineString", "coordinates": [ [ [ -73.96327833453843, 40.577212539897559 ], [ -73.962364403402589, 40.577411097471085 ] ], [ [ -73.959632990544463, 40.577993322938589 ], [ -73.959016140538338, 40.578122788821709 ] ], [ [ -73.961441501900012, 40.577610689983132 ], [ -73.960564013051467, 40.577798889586497 ] ], [ [ -73.954293334406415, 40.577317253233453 ], [ -73.954086222518512, 40.57734042242906 ] ], [ [ -73.9650948476704, 40.576827006162624 ], [ -73.964190899226395, 40.577017864012547 ] ], [ [ -73.966379433605951, 40.576551036397767 ], [ -73.96595581387183, 40.57663733288905 ] ], [ [ -73.954832964165973, 40.577370984840883 ], [ -73.954422907974902, 40.577350093038902 ] ], [ [ -73.965830834744963, 40.576663620100014 ], [ -73.9650948476704, 40.576827006162624 ] ], [ [ -73.955219206190606, 40.577486511122984 ], [ -73.954832964165973, 40.577370984840883 ] ], [ [ -73.956925423916672, 40.578006847067563 ], [ -73.956758373465433, 40.577955904987512 ] ], [ [ -73.956758373465433, 40.577955904987512 ], [ -73.956065539593396, 40.577744640287158 ] ], [ [ -73.960564013051467, 40.577798889586497 ], [ -73.959632990544463, 40.577993322938589 ] ], [ [ -73.96595581387183, 40.57663733288905 ], [ -73.965830834744963, 40.576663620100014 ] ], [ [ -73.958197409486161, 40.578278107722156 ], [ -73.95780968059772, 40.578268759368484 ] ], [ [ -73.959016140538338, 40.578122788821709 ], [ -73.958197409486161, 40.578278107722156 ] ], [ [ -73.964190899226395, 40.577017864012547 ], [ -73.96327833453843, 40.577212539897559 ] ], [ [ -73.954422907974902, 40.577350093038902 ], [ -73.954293334406415, 40.577317253233453 ] ], [ [ -73.96735538217726, 40.576347862576533 ], [ -73.967171607366524, 40.576386226483045 ] ], [ [ -73.956065539593396, 40.577744640287158 ], [ -73.955799550268779, 40.577662914386551 ] ], [ [ -73.968532341848018, 40.576305031143903 ], [ -73.968246848563581, 40.57628898386956 ] ], [ [ -73.962364403402589, 40.577411097471085 ], [ -73.961441501900012, 40.577610689983132 ] ], [ [ -73.967171607366524, 40.576386226483045 ], [ -73.966379433605951, 40.576551036397767 ] ], [ [ -73.95780968059772, 40.578268759368484 ], [ -73.956925423916672, 40.578006847067563 ] ], [ [ -73.955799550268779, 40.577662914386551 ], [ -73.955219206190606, 40.577486511122984 ] ], [ [ -73.968246848563581, 40.57628898386956 ], [ -73.96735538217726, 40.576347862576533 ] ] ] } },
{ "type": "Feature", "properties": { "corridor_id": 355, "rank": 156, "name": "FORT WASHINGTON AVENUE (Manhattan)", "street": "FORT WASHINGTON AVENUE", "borough": "Manhattan", "n_blocks": 16, "n_routes": 2, "routes": [ "M4", "M98" ], "peak_period": "md", "hourly_pax": [ 112, 4, 0, 0, 0, 177, 883, 1575, 2373, 1830, 4217, 4382, 4247, 4666, 5970, 3633, 2221, 2244, 1990, 803, 515, 378, 289, 227 ], "miles": 0.75, "pax_delay_min": 39623, "veh_delay_min": 6570, "riders_20d": 23895, "bus_trips_20d": 4014, "rider_block_crossings": 382324, "bus_block_crossings": 64231, "min_per_bus": 1.55, "sec_per_rider": 93, "riders_per_delayed_bus_min": 6.0, "riders_per_bus": 6.0, "pax_delay_per_mile": 52970, "veh_delay_per_mile": 8783, "buses_per_day": 201, "riders_per_day": 1195, "share_of_city_delay_pct": 0.198, "cum_share_pct": 85.01, "pax_am": 6661, "veh_am": 1243, "riders_am": 58286, "share_am_pct": 15.6, "pax_md": 23481, "veh_md": 3173, "riders_md": 110827, "share_md_pct": 54.9, "pax_pm": 10089, "veh_pm": 1759, "riders_pm": 70037, "share_pm_pct": 23.6, "pax_ev": 2212, "veh_ev": 749, "riders_ev": 36721, "share_ev_pct": 5.2, "pax_night": 293, "veh_night": 97, "riders_night": 4687, "share_night_pct": 0.7 }, "geometry": { "type": "MultiLineString", "coordinates": [ [ [ -73.94024163027774, 40.84604817007029 ], [ -73.940060749692122, 40.846518403667957 ] ], [ [ -73.940060749692122, 40.846518403667957 ], [ -73.939778692423602, 40.847209753699758 ] ], [ [ -73.939778692423602, 40.847209753699758 ], [ -73.939523557007703, 40.847838397804445 ] ], [ [ -73.943064942504535, 40.84019341758075 ], [ -73.942278965977039, 40.842154342481201 ] ], [ [ -73.943713173677466, 40.838548239642115 ], [ -73.943464837436039, 40.839174062494777 ] ], [ [ -73.940794092422578, 40.844686433309789 ], [ -73.940517999137413, 40.845368756413414 ] ], [ [ -73.942278965977039, 40.842154342481201 ], [ -73.942013451205867, 40.842810497635405 ] ], [ [ -73.942013451205867, 40.842810497635405 ], [ -73.941633507110296, 40.84343666157497 ] ], [ [ -73.941633507110296, 40.84343666157497 ], [ -73.941141013309476, 40.844049548036914 ] ], [ [ -73.941141013309476, 40.844049548036914 ], [ -73.940794092422578, 40.844686433309789 ] ], [ [ -73.940517999137413, 40.845368756413414 ], [ -73.94024163027774, 40.84604817007029 ] ], [ [ -73.943464837436039, 40.839174062494777 ], [ -73.943064942504535, 40.84019341758075 ] ], [ [ -73.939183247457848, 40.848669523291626 ], [ -73.939144224405183, 40.848782561523905 ] ], [ [ -73.939523557007703, 40.847838397804445 ], [ -73.939380017616188, 40.848187615377391 ] ], [ [ -73.939380017616188, 40.848187615377391 ], [ -73.939329400063613, 40.848310761828543 ] ], [ [ -73.939329400063613, 40.848310761828543 ], [ -73.939183247457848, 40.848669523291626 ] ] ] } },
{ "type": "Feature", "properties": { "corridor_id": 464, "rank": 157, "name": "69 STREET (Queens)", "street": "69 STREET", "borough": "Queens", "n_blocks": 21, "n_routes": 2, "routes": [ "Q18", "Q47" ], "peak_period": "pm", "hourly_pax": [ 56, 25, 6, 0, 14, 674, 2442, 3888, 6347, 3196, 1823, 1678, 1310, 1673, 2470, 3853, 4787, 6466, 5850, 3155, 1282, 1038, 353, 265 ], "miles": 0.77, "pax_delay_min": 39345, "veh_delay_min": 2773, "riders_20d": 37902, "bus_trips_20d": 3083, "rider_block_crossings": 795944, "bus_block_crossings": 64747, "min_per_bus": 0.82, "sec_per_rider": 49, "riders_per_delayed_bus_min": 14.2, "riders_per_bus": 12.3, "pax_delay_per_mile": 50944, "veh_delay_per_mile": 3591, "buses_per_day": 154, "riders_per_day": 1895, "share_of_city_delay_pct": 0.197, "cum_share_pct": 85.21, "pax_am": 15872, "veh_am": 1130, "riders_am": 198088, "share_am_pct": 30.1, "pax_md": 8952, "veh_md": 593, "riders_md": 139249, "share_md_pct": 17.0, "pax_pm": 20956, "veh_pm": 1393, "riders_pm": 185647, "share_pm_pct": 39.8, "pax_ev": 6093, "veh_ev": 532, "riders_ev": 107326, "share_ev_pct": 11.6, "pax_night": 776, "veh_night": 99, "riders_night": 26772, "share_night_pct": 1.5 }, "geometry": { "type": "MultiLineString", "coordinates": [ [ [ -73.895929851614184, 40.737639271657834 ], [ -73.895956396840276, 40.736925390438927 ] ], [ [ -73.895852108280778, 40.740212979214952 ], [ -73.895855289595673, 40.740071494435902 ] ], [ [ -73.895884360011138, 40.739462263891518 ], [ -73.895871812711277, 40.739066416212943 ] ], [ [ -73.895855289595673, 40.740071494435902 ], [ -73.895884360011138, 40.739462263891518 ] ], [ [ -73.895975040115161, 40.736441275881049 ], [ -73.896015759165891, 40.735238855423688 ] ], [ [ -73.895871812711277, 40.739066416212943 ], [ -73.895901660350802, 40.738353600902819 ] ], [ [ -73.895737161446149, 40.741672472151443 ], [ -73.89580696651889, 40.740893217562267 ] ], [ [ -73.89585115168785, 40.740272042701562 ], [ -73.895852108280778, 40.740212979214952 ] ], [ [ -73.895838320235569, 40.740452465428547 ], [ -73.895848827776447, 40.740304791822545 ] ], [ [ -73.896015759165891, 40.735238855423688 ], [ -73.896029315968519, 40.735017891515518 ] ], [ [ -73.895913104529171, 40.732877178534977 ], [ -73.895851187877554, 40.732174734422969 ] ], [ [ -73.895651667640792, 40.742685501649149 ], [ -73.895737161446149, 40.741672472151443 ] ], [ [ -73.895848827776447, 40.740304791822545 ], [ -73.89585115168785, 40.740272042701562 ] ], [ [ -73.895956396840276, 40.736925390438927 ], [ -73.895975040115161, 40.736441275881049 ] ], [ [ -73.895851187877554, 40.732174734422969 ], [ -73.895798668889611, 40.731505059582105 ] ], [ [ -73.895958711992392, 40.733531799648524 ], [ -73.895913104529171, 40.732877178534977 ] ], [ [ -73.895901660350802, 40.738353600902819 ], [ -73.895929851614184, 40.737639271657834 ] ], [ [ -73.89580696651889, 40.740893217562267 ], [ -73.895838320235569, 40.740452465428547 ] ], [ [ -73.896029315968519, 40.735017891515518 ], [ -73.896016618685366, 40.734255924067945 ] ], [ [ -73.896016618685366, 40.734255924067945 ], [ -73.895988456375008, 40.733903753039286 ] ], [ [ -73.895988456375008, 40.733903753039286 ], [ -73.895958711992392, 40.733531799648524 ] ] ] } },
{ "type": "Feature", "properties": { "corridor_id": 45, "rank": 158, "name": "HUTCHINSON RIVER PARKWAY EAST (Bronx)", "street": "HUTCHINSON RIVER PARKWAY EAST", "borough": "Bronx", "n_blocks": 26, "n_routes": 6, "routes": [ "BX23", "BX26", "BX28", "BX30", "BXM7", "Q50" ], "peak_period": "pm", "hourly_pax": [ 666, 259, 236, 42, 219, 913, 2631, 2291, 2768, 1884, 1979, 1798, 1728, 2060, 1697, 1554, 1906, 3116, 3840, 2622, 1997, 1447, 1608, 902 ], "miles": 0.76, "pax_delay_min": 39217, "veh_delay_min": 6682, "riders_20d": 34343, "bus_trips_20d": 7723, "rider_block_crossings": 892916, "bus_block_crossings": 200785, "min_per_bus": 0.47, "sec_per_rider": 28, "riders_per_delayed_bus_min": 5.9, "riders_per_bus": 4.4, "pax_delay_per_mile": 51282, "veh_delay_per_mile": 8737, "buses_per_day": 386, "riders_per_day": 1717, "share_of_city_delay_pct": 0.196, "cum_share_pct": 85.4, "pax_am": 9574, "veh_am": 2063, "riders_am": 155367, "share_am_pct": 23.8, "pax_md": 9262, "veh_md": 1541, "riders_md": 195118, "share_md_pct": 23.1, "pax_pm": 10416, "veh_pm": 2033, "riders_pm": 197584, "share_pm_pct": 25.9, "pax_ev": 8576, "veh_ev": 1571, "riders_ev": 120224, "share_ev_pct": 21.4, "pax_night": 2335, "veh_night": 571, "riders_night": 36721, "share_night_pct": 5.8 }, "geometry": { "type": "MultiLineString", "coordinates": [ [ [ -73.82341803025831, 40.865685948159751 ], [ -73.822504243409384, 40.866694464739354 ] ], [ [ -73.821900227569103, 40.867065011576706 ], [ -73.821585455453231, 40.867102968970251 ] ], [ [ -73.821480696271792, 40.868462070601019 ], [ -73.821539959344264, 40.868502009015558 ] ], [ [ -73.821417679786776, 40.868428375756629 ], [ -73.821480696271792, 40.868462070601019 ] ], [ [ -73.821179865949546, 40.8671435256596 ], [ -73.820940909448055, 40.867303977872474 ] ], [ [ -73.821890902754291, 40.866994422395045 ], [ -73.821605645712296, 40.867037836577289 ] ], [ [ -73.821006603753688, 40.867966429226151 ], [ -73.821476071578573, 40.868377219248238 ] ], [ [ -73.82111610391776, 40.867077835595182 ], [ -73.82086296706602, 40.867258003911665 ] ], [ [ -73.82658968126961, 40.862135510858586 ], [ -73.825986926742473, 40.862820084058207 ] ], [ [ -73.824232704587587, 40.864773167689222 ], [ -73.82341803025831, 40.865685948159751 ] ], [ [ -73.822504243409384, 40.866694464739354 ], [ -73.82242369674637, 40.866727032954046 ] ], [ [ -73.822504243409384, 40.866694464739354 ], [ -73.822501967433396, 40.86677398320866 ] ], [ [ -73.821585455453231, 40.867102968970251 ], [ -73.821179865949546, 40.8671435256596 ] ], [ [ -73.820917402255347, 40.867993140588744 ], [ -73.821417679786776, 40.868428375756629 ] ], [ [ -73.821605645712296, 40.867037836577289 ], [ -73.82111610391776, 40.867077835595182 ] ], [ [ -73.824715907810415, 40.864235256479375 ], [ -73.824232704587587, 40.864773167689222 ] ], [ [ -73.82242369674637, 40.866727032954046 ], [ -73.822102970540541, 40.866926153952853 ] ], [ [ -73.822102970540541, 40.866926153952853 ], [ -73.821890902754291, 40.866994422395045 ] ], [ [ -73.822501967433396, 40.86677398320866 ], [ -73.822140341710735, 40.866990308032349 ] ], [ [ -73.822140341710735, 40.866990308032349 ], [ -73.821900227569103, 40.867065011576706 ] ], [ [ -73.825986926742473, 40.862820084058207 ], [ -73.824983667938653, 40.863947738105857 ] ], [ [ -73.824983667938653, 40.863947738105857 ], [ -73.824715907810415, 40.864235256479375 ] ], [ [ -73.820940909448055, 40.867303977872474 ], [ -73.820900553462053, 40.867780721491009 ] ], [ [ -73.820900553462053, 40.867780721491009 ], [ -73.821006603753688, 40.867966429226151 ] ], [ [ -73.82086296706602, 40.867258003911665 ], [ -73.820802165814285, 40.867794664428395 ] ], [ [ -73.820802165814285, 40.867794664428395 ], [ -73.820917402255347, 40.867993140588744 ] ] ] } },
{ "type": "Feature", "properties": { "corridor_id": 455, "rank": 159, "name": "LINCOLN STREET (Queens)", "street": "LINCOLN STREET", "borough": "Queens", "n_blocks": 9, "n_routes": 1, "routes": [ "Q09" ], "peak_period": "pm", "hourly_pax": [ 342, 56, 0, 0, 6, 575, 1822, 2388, 1957, 1383, 1438, 1261, 1384, 1384, 1791, 2184, 2133, 1959, 2600, 994, 1040, 782, 713, 902 ], "miles": 0.67, "pax_delay_min": 38955, "veh_delay_min": 4561, "riders_20d": 23208, "bus_trips_20d": 2530, "rider_block_crossings": 208869, "bus_block_crossings": 22772, "min_per_bus": 1.74, "sec_per_rider": 104, "riders_per_delayed_bus_min": 8.5, "riders_per_bus": 9.2, "pax_delay_per_mile": 58075, "veh_delay_per_mile": 6800, "buses_per_day": 127, "riders_per_day": 1160, "share_of_city_delay_pct": 0.195, "cum_share_pct": 85.6, "pax_am": 7550, "veh_am": 770, "riders_am": 42669, "share_am_pct": 26.0, "pax_md": 7258, "veh_md": 762, "riders_md": 39906, "share_md_pct": 24.9, "pax_pm": 8876, "veh_pm": 793, "riders_pm": 56917, "share_pm_pct": 30.5, "pax_ev": 4431, "veh_ev": 790, "riders_ev": 20801, "share_ev_pct": 15.2, "pax_night": 979, "veh_night": 137, "riders_night": 6588, "share_night_pct": 3.4 }, "geometry": { "type": "MultiLineString", "coordinates": [ [ [ -73.807819872789395, 40.681862195294755 ], [ -73.807866597028578, 40.680339212159822 ] ], [ [ -73.807866597028578, 40.680339212159822 ], [ -73.807806713018607, 40.679820225230607 ] ], [ [ -73.807685859647464, 40.678405582320941 ], [ -73.807561463698647, 40.677264869378988 ] ], [ [ -73.807510618402986, 40.676460334851171 ], [ -73.807442082528979, 40.674896850870233 ] ], [ [ -73.807771146549257, 40.682363998981117 ], [ -73.807819872789395, 40.681862195294755 ] ], [ [ -73.807806713018607, 40.679820225230607 ], [ -73.807685859647464, 40.678405582320941 ] ], [ [ -73.807540651011209, 40.68332499558764 ], [ -73.807771146549257, 40.682363998981117 ] ], [ [ -73.807086910845996, 40.68454155307824 ], [ -73.807540651011209, 40.68332499558764 ] ], [ [ -73.807561463698647, 40.677264869378988 ], [ -73.807510618402986, 40.676460334851171 ] ] ] } },
{ "type": "Feature", "properties": { "corridor_id": 477, "rank": 160, "name": "WOODHAVEN BOULEVARD (Queens)", "street": "WOODHAVEN BOULEVARD", "borough": "Queens", "n_blocks": 25, "n_routes": 31, "routes": [ "BM5", "Q11", "Q14", "Q29", "Q52+", "Q53+", "QM1", "QM10", "QM11", "QM12", "QM15", "QM16", "QM17", "QM18", "QM2", "QM20", "QM21", "QM24", "QM25", "QM31", "QM34", "QM35", "QM36", "QM40", "QM42", "QM44", "QM5", "QM6", "QM65", "QM7", "QM8" ], "peak_period": "md", "hourly_pax": [ 78, 95, 86, 67, 37, 206, 275, 478, 1023, 664, 5813, 696, 1890, 2944, 4140, 2694, 3991, 4088, 3414, 1715, 786, 488, 177, 284 ], "miles": 0.36, "pax_delay_min": 38332, "veh_delay_min": 2965, "riders_20d": 108257, "bus_trips_20d": 7884, "rider_block_crossings": 2706425, "bus_block_crossings": 197090, "min_per_bus": 0.35, "sec_per_rider": 21, "riders_per_delayed_bus_min": 12.9, "riders_per_bus": 13.7, "pax_delay_per_mile": 105164, "veh_delay_per_mile": 8133, "buses_per_day": 394, "riders_per_day": 5413, "share_of_city_delay_pct": 0.192, "cum_share_pct": 85.79, "pax_am": 2440, "veh_am": 134, "riders_am": 1065551, "share_am_pct": 6.8, "pax_md": 15483, "veh_md": 983, "riders_md": 437806, "share_md_pct": 42.9, "pax_pm": 14188, "veh_pm": 945, "riders_pm": 463576, "share_pm_pct": 39.3, "pax_ev": 3450, "veh_ev": 572, "riders_ev": 173664, "share_ev_pct": 9.5, "pax_night": 569, "veh_night": 72, "riders_night": 72608, "share_night_pct": 1.6 }, "geometry": { "type": "MultiLineString", "coordinates": [ [ [ -73.871122313727753, 40.731871528460957 ], [ -73.871195337715079, 40.731750851801273 ] ], [ [ -73.870361976935172, 40.733266941391371 ], [ -73.870462770702133, 40.733082072447203 ] ], [ [ -73.871531296225314, 40.731014248611856 ], [ -73.871554699841624, 40.730882192018946 ] ], [ [ -73.871485092466827, 40.731141545595243 ], [ -73.871531296225314, 40.731014248611856 ] ], [ [ -73.871554699841624, 40.730882192018946 ], [ -73.871547679589796, 40.730639006847319 ] ], [ [ -73.871059675775754, 40.731952792100344 ], [ -73.871122313727753, 40.731871528460957 ] ], [ [ -73.87025924020034, 40.73345833673374 ], [ -73.870286978484287, 40.733408984309889 ] ], [ [ -73.870223033589241, 40.733516045627333 ], [ -73.87025924020034, 40.73345833673374 ] ], [ [ -73.871195337715079, 40.731750851801273 ], [ -73.871248384046169, 40.731615447443509 ] ], [ [ -73.871428903441057, 40.729516563970279 ], [ -73.871365862533025, 40.729297271607557 ] ], [ [ -73.871365862533025, 40.729297271607557 ], [ -73.871318521681061, 40.729127481731936 ] ], [ [ -73.870933041252371, 40.732193950667899 ], [ -73.871059675775754, 40.731952792100344 ] ], [ [ -73.870462770702133, 40.733082072447203 ], [ -73.870631840373633, 40.732771956156341 ] ], [ [ -73.870631840373633, 40.732771956156341 ], [ -73.870933041252371, 40.732193950667899 ] ], [ [ -73.871248384046169, 40.731615447443509 ], [ -73.871378195382491, 40.731383495234333 ] ], [ [ -73.871491702120849, 40.730107147463343 ], [ -73.871428903441057, 40.729516563970279 ] ], [ [ -73.871378195382491, 40.731383495234333 ], [ -73.871485092466827, 40.731141545595243 ] ], [ [ -73.871547679589796, 40.730639006847319 ], [ -73.871491702120849, 40.730107147463343 ] ], [ [ -73.870286978484287, 40.733408984309889 ], [ -73.870326546051885, 40.733334044849386 ] ], [ [ -73.870326546051885, 40.733334044849386 ], [ -73.870361976935172, 40.733266941391371 ] ], [ [ -73.870132049514439, 40.733647543731671 ], [ -73.870167647269739, 40.733596094972214 ] ], [ [ -73.870167647269739, 40.733596094972214 ], [ -73.870223033589241, 40.733516045627333 ] ], [ [ -73.871318521681061, 40.729127481731936 ], [ -73.87124862587396, 40.728931921325795 ] ], [ [ -73.871485092466827, 40.731141545595243 ], [ -73.871451434041319, 40.731000643473536 ] ], [ [ -73.871280282279201, 40.729121894030072 ], [ -73.87124862587396, 40.728931921325795 ] ] ] } },
{ "type": "Feature", "properties": { "corridor_id": 343, "rank": 161, "name": "EAST 86 STREET (Manhattan)", "street": "EAST 86 STREET", "borough": "Manhattan", "n_blocks": 15, "n_routes": 2, "routes": [ "BXM10", "M86+" ], "peak_period": "pm", "hourly_pax": [ 73, 91, 67, 5, 63, 118, 1531, 1824, 4030, 2957, 2306, 2570, 2207, 2371, 2652, 3744, 3443, 4174, 3557, 1428, 1195, 844, 866, 389 ], "miles": 0.8, "pax_delay_min": 37872, "veh_delay_min": 4975, "riders_20d": 32585, "bus_trips_20d": 7066, "rider_block_crossings": 488781, "bus_block_crossings": 105995, "min_per_bus": 0.73, "sec_per_rider": 44, "riders_per_delayed_bus_min": 7.6, "riders_per_bus": 4.6, "pax_delay_per_mile": 47520, "veh_delay_per_mile": 6243, "buses_per_day": 353, "riders_per_day": 1629, "share_of_city_delay_pct": 0.19, "cum_share_pct": 85.98, "pax_am": 10342, "veh_am": 1438, "riders_am": 97674, "share_am_pct": 24.3, "pax_md": 12106, "veh_md": 1702, "riders_md": 97897, "share_md_pct": 28.5, "pax_pm": 14917, "veh_pm": 2106, "riders_pm": 133616, "share_pm_pct": 35.1, "pax_ev": 4722, "veh_ev": 1385, "riders_ev": 36834, "share_ev_pct": 11.1, "pax_night": 417, "veh_night": 144, "riders_night": 17096, "share_night_pct": 1.0 }, "geometry": { "type": "MultiLineString", "coordinates": [ [ [ -73.957306532865829, 40.780223138127823 ], [ -73.957198925404313, 40.780177505403429 ] ], [ [ -73.957198925404313, 40.780177505403429 ], [ -73.95709761924779, 40.780134171444786 ] ], [ [ -73.95709761924779, 40.780134171444786 ], [ -73.95558440510645, 40.779496799345274 ] ], [ [ -73.95881439123572, 40.780858081228281 ], [ -73.957306532865829, 40.780223138127823 ] ], [ [ -73.95558440510645, 40.779496799345274 ], [ -73.953983702267948, 40.778822109581675 ] ], [ [ -73.960414306538411, 40.781524267705272 ], [ -73.95881439123572, 40.780858081228281 ] ], [ [ -73.949374387939855, 40.776876102631867 ], [ -73.948963531010577, 40.776703479697233 ] ], [ [ -73.948963531010577, 40.776703479697233 ], [ -73.947856919718845, 40.776238660571728 ] ], [ [ -73.947856919718845, 40.776238660571728 ], [ -73.947632297305049, 40.77614430853302 ] ], [ [ -73.947632297305049, 40.77614430853302 ], [ -73.947121683675519, 40.775929822489168 ] ], [ [ -73.951742382629476, 40.777874305256915 ], [ -73.950618241659768, 40.777400445852493 ] ], [ [ -73.953983702267948, 40.778822109581675 ], [ -73.952284127008099, 40.778103403484835 ] ], [ [ -73.952284127008099, 40.778103403484835 ], [ -73.951742382629476, 40.777874305256915 ] ], [ [ -73.950618241659768, 40.777400445852493 ], [ -73.950309857458151, 40.777270449338928 ] ], [ [ -73.950309857458151, 40.777270449338928 ], [ -73.949374387939855, 40.776876102631867 ] ] ] } },
{ "type": "Feature", "properties": { "corridor_id": 336, "rank": 162, "name": "4 AVENUE (Manhattan)", "street": "4 AVENUE", "borough": "Manhattan", "n_blocks": 8, "n_routes": 3, "routes": [ "M1", "M2", "M3" ], "peak_period": "md", "hourly_pax": [ 11, 3, 9, 1, 16, 20, 1140, 1807, 2203, 2785, 3728, 3880, 3443, 2978, 3172, 776, 633, 918, 695, 65, 118, 34, 45, 9 ], "miles": 0.32, "pax_delay_min": 37485, "veh_delay_min": 12948, "riders_20d": 6723, "bus_trips_20d": 3996, "rider_block_crossings": 53781, "bus_block_crossings": 31970, "min_per_bus": 8.27, "sec_per_rider": 496, "riders_per_delayed_bus_min": 2.9, "riders_per_bus": 1.7, "pax_delay_per_mile": 117590, "veh_delay_per_mile": 40618, "buses_per_day": 200, "riders_per_day": 336, "share_of_city_delay_pct": 0.188, "cum_share_pct": 86.17, "pax_am": 7935, "veh_am": 1975, "riders_am": 6827, "share_am_pct": 27.9, "pax_md": 17200, "veh_md": 3892, "riders_md": 13190, "share_md_pct": 60.4, "pax_pm": 3022, "veh_pm": 2410, "riders_pm": 13655, "share_pm_pct": 10.6, "pax_ev": 271, "veh_ev": 1573, "riders_ev": 3872, "share_ev_pct": 1.0, "pax_night": 59, "veh_night": 224, "riders_night": 1299, "share_night_pct": 0.2 }, "geometry": { "type": "MultiLineString", "coordinates": [ [ [ -73.989868521563324, 40.733527114668007 ], [ -73.98990296023986, 40.734434789734593 ] ], [ [ -73.990505585864227, 40.730564956332806 ], [ -73.990390100046596, 40.731288523231711 ] ], [ [ -73.990390100046596, 40.731288523231711 ], [ -73.990211909557104, 40.731996334403703 ] ], [ [ -73.99072530393147, 40.729878687389174 ], [ -73.990505585864227, 40.730564956332806 ] ], [ [ -73.990034557178944, 40.732754151436978 ], [ -73.989868521563324, 40.733527114668007 ] ], [ [ -73.990211909557104, 40.731996334403703 ], [ -73.99011350312685, 40.732400503753119 ] ], [ [ -73.99011350312685, 40.732400503753119 ], [ -73.990102257261995, 40.732445372388725 ] ], [ [ -73.990102257261995, 40.732445372388725 ], [ -73.990034557178944, 40.732754151436978 ] ] ] } },
{ "type": "Feature", "properties": { "corridor_id": 344, "rank": 163, "name": "1 AVENUE (Manhattan)", "street": "1 AVENUE", "borough": "Manhattan", "n_blocks": 21, "n_routes": 3, "routes": [ "M15", "M15+", "M57" ], "peak_period": "md", "hourly_pax": [ 54, 117, 11, 2, 22, 70, 359, 0, 340, 3977, 4501, 6032, 3938, 2619, 2441, 2385, 737, 5, 464, 660, 196, 1360, 415, 254 ], "miles": 0.57, "pax_delay_min": 37391, "veh_delay_min": 3906, "riders_20d": 57279, "bus_trips_20d": 4551, "rider_block_crossings": 1202854, "bus_block_crossings": 95574, "min_per_bus": 0.73, "sec_per_rider": 44, "riders_per_delayed_bus_min": 9.6, "riders_per_bus": 12.6, "pax_delay_per_mile": 65060, "veh_delay_per_mile": 6797, "buses_per_day": 228, "riders_per_day": 2864, "share_of_city_delay_pct": 0.187, "cum_share_pct": 86.35, "pax_am": 4676, "veh_am": 520, "riders_am": 259947, "share_am_pct": 15.1, "pax_md": 19530, "veh_md": 1741, "riders_md": 229956, "share_md_pct": 63.1, "pax_pm": 3590, "veh_pm": 344, "riders_pm": 285498, "share_pm_pct": 11.6, "pax_ev": 2885, "veh_ev": 481, "riders_ev": 153596, "share_ev_pct": 9.3, "pax_night": 277, "veh_night": 112, "riders_night": 12992, "share_night_pct": 0.9 }, "geometry": { "type": "MultiLineString", "coordinates": [ [ [ -73.961727014237113, 40.759949807094181 ], [ -73.96169733404345, 40.759987137277555 ] ], [ [ -73.966732687475726, 40.752997035246906 ], [ -73.966609449614268, 40.753167888896868 ] ], [ [ -73.966156834340666, 40.753877850753547 ], [ -73.965696199078835, 40.754505069371291 ] ], [ [ -73.962432784759017, 40.758980651440275 ], [ -73.961965736803123, 40.75961946040367 ] ], [ [ -73.965696199078835, 40.754505069371291 ], [ -73.965240944179754, 40.755129928607033 ] ], [ [ -73.965240944179754, 40.755129928607033 ], [ -73.964786332110137, 40.755755731476512 ] ], [ [ -73.964325435291784, 40.756381531100416 ], [ -73.963870876420216, 40.757008077933548 ] ], [ [ -73.962924486302626, 40.75830898892854 ], [ -73.962432784759017, 40.758980651440275 ] ], [ [ -73.966571116311471, 40.753224074546957 ], [ -73.966490714286692, 40.753331262639215 ] ], [ [ -73.966903856896494, 40.752759747390535 ], [ -73.966732687475726, 40.752997035246906 ] ], [ [ -73.966609449614268, 40.753167888896868 ], [ -73.966571116311471, 40.753224074546957 ] ], [ [ -73.964786332110137, 40.755755731476512 ], [ -73.964325435291784, 40.756381531100416 ] ], [ [ -73.963411120923737, 40.757637313863022 ], [ -73.962924486302626, 40.75830898892854 ] ], [ [ -73.963870876420216, 40.757008077933548 ], [ -73.963411120923737, 40.757637313863022 ] ], [ [ -73.961767664592273, 40.759893040619382 ], [ -73.961727014237113, 40.759949807094181 ] ], [ [ -73.96169733404345, 40.759987137277555 ], [ -73.961678168424427, 40.76001396626669 ] ], [ [ -73.961678168424427, 40.76001396626669 ], [ -73.961643632677436, 40.76005959218196 ] ], [ [ -73.966490714286692, 40.753331262639215 ], [ -73.966382984227309, 40.753484177865992 ] ], [ [ -73.966360823547888, 40.753574243275928 ], [ -73.966156834340666, 40.753877850753547 ] ], [ [ -73.966382984227309, 40.753484177865992 ], [ -73.966360823547888, 40.753574243275928 ] ], [ [ -73.961965736803123, 40.75961946040367 ], [ -73.961767664592273, 40.759893040619382 ] ] ] } },
{ "type": "Feature", "properties": { "corridor_id": 293, "rank": 164, "name": "STILLWELL AVENUE (Brooklyn)", "street": "STILLWELL AVENUE", "borough": "Brooklyn", "n_blocks": 3, "n_routes": 2, "routes": [ "B64", "B68" ], "peak_period": "md", "hourly_pax": [ 243, 72, 108, 24, 100, 228, 1423, 2350, 2926, 2640, 2001, 2229, 2185, 3148, 4157, 1964, 788, 1439, 1796, 606, 641, 363, 213, 238 ], "miles": 0.37, "pax_delay_min": 37112, "veh_delay_min": 16587, "riders_20d": 12434, "bus_trips_20d": 3604, "rider_block_crossings": 37303, "bus_block_crossings": 10811, "min_per_bus": 2.38, "sec_per_rider": 143, "riders_per_delayed_bus_min": 2.2, "riders_per_bus": 3.5, "pax_delay_per_mile": 100269, "veh_delay_per_mile": 44814, "buses_per_day": 180, "riders_per_day": 622, "share_of_city_delay_pct": 0.186, "cum_share_pct": 86.54, "pax_am": 9339, "veh_am": 3106, "riders_am": 5514, "share_am_pct": 29.3, "pax_md": 13720, "veh_md": 4006, "riders_md": 15234, "share_md_pct": 43.0, "pax_pm": 5986, "veh_pm": 2750, "riders_pm": 7121, "share_pm_pct": 18.8, "pax_ev": 2061, "veh_ev": 2778, "riders_ev": 1434, "share_ev_pct": 6.5, "pax_night": 774, "veh_night": 1162, "riders_night": 568, "share_night_pct": 2.4 }, "geometry": { "type": "MultiLineString", "coordinates": [ [ [ -73.981938395943999, 40.579199708846261 ], [ -73.981563674131252, 40.576981820571824 ] ], [ [ -73.982532955829399, 40.582294586000067 ], [ -73.98251446717056, 40.582198350971566 ] ], [ [ -73.98251446717056, 40.582198350971566 ], [ -73.981938395943999, 40.579199708846261 ] ] ] } },
{ "type": "Feature", "properties": { "corridor_id": 282, "rank": 165, "name": "EASTERN PARKWAY (Brooklyn)", "street": "EASTERN PARKWAY", "borough": "Brooklyn", "n_blocks": 10, "n_routes": 1, "routes": [ "B14" ], "peak_period": "md", "hourly_pax": [ 228, 255, 0, 163, 79, 0, 1007, 920, 2568, 3868, 1936, 3098, 2478, 1398, 1735, 1231, 640, 1654, 1786, 898, 592, 336, 774, 228 ], "miles": 0.77, "pax_delay_min": 36398, "veh_delay_min": 5652, "riders_20d": 8707, "bus_trips_20d": 1150, "rider_block_crossings": 87070, "bus_block_crossings": 11497, "min_per_bus": 4.12, "sec_per_rider": 247, "riders_per_delayed_bus_min": 6.4, "riders_per_bus": 7.6, "pax_delay_per_mile": 47240, "veh_delay_per_mile": 7336, "buses_per_day": 57, "riders_per_day": 435, "share_of_city_delay_pct": 0.182, "cum_share_pct": 86.72, "pax_am": 8362, "veh_am": 968, "riders_am": 16348, "share_am_pct": 30.0, "pax_md": 10644, "veh_md": 905, "riders_md": 28955, "share_md_pct": 38.2, "pax_pm": 5311, "veh_pm": 1161, "riders_pm": 13335, "share_pm_pct": 19.1, "pax_ev": 2829, "veh_ev": 980, "riders_ev": 5856, "share_ev_pct": 10.1, "pax_night": 725, "veh_night": 247, "riders_night": 3008, "share_night_pct": 2.6 }, "geometry": { "type": "MultiLineString", "coordinates": [ [ [ -73.922065037637708, 40.668664981967147 ], [ -73.920829880236354, 40.669180917726095 ] ], [ [ -73.925310400471247, 40.668698247898355 ], [ -73.922613543103708, 40.668564107255555 ] ], [ [ -73.925573493050976, 40.668711331488758 ], [ -73.925310400471247, 40.668698247898355 ] ], [ [ -73.922505244750781, 40.66856597930461 ], [ -73.922065037637708, 40.668664981967147 ] ], [ [ -73.928329549164175, 40.668861036555299 ], [ -73.925573493050976, 40.668711331488758 ] ], [ [ -73.933867766766525, 40.669160343736458 ], [ -73.931099893406838, 40.669010908666309 ] ], [ [ -73.922509975218546, 40.668454012557852 ], [ -73.922065037637708, 40.668664981967147 ] ], [ [ -73.920829880236354, 40.669180917726095 ], [ -73.92005576623292, 40.669504226126747 ] ], [ [ -73.931099893406838, 40.669010908666309 ], [ -73.928329549164175, 40.668861036555299 ] ], [ [ -73.922613543103708, 40.668564107255555 ], [ -73.922505244750781, 40.66856597930461 ] ] ] } },
{ "type": "Feature", "properties": { "corridor_id": 0, "rank": 166, "name": "TARGEE STREET (Staten Island)", "street": "TARGEE STREET", "borough": "Staten Island", "n_blocks": 19, "n_routes": 4, "routes": [ "S53", "S74", "S76", "SIM15" ], "peak_period": "am", "hourly_pax": [ 212, 189, 155, 102, 49, 692, 2961, 4914, 2936, 1467, 1646, 1297, 1592, 1734, 2428, 2173, 2444, 2922, 1956, 849, 595, 522, 414, 334 ], "miles": 0.96, "pax_delay_min": 35878, "veh_delay_min": 4401, "riders_20d": 21408, "bus_trips_20d": 3036, "rider_block_crossings": 406754, "bus_block_crossings": 57689, "min_per_bus": 1.14, "sec_per_rider": 68, "riders_per_delayed_bus_min": 8.2, "riders_per_bus": 7.1, "pax_delay_per_mile": 37479, "veh_delay_per_mile": 4598, "buses_per_day": 152, "riders_per_day": 1070, "share_of_city_delay_pct": 0.18, "cum_share_pct": 86.9, "pax_am": 12279, "veh_am": 1511, "riders_am": 104939, "share_am_pct": 35.5, "pax_md": 8697, "veh_md": 989, "riders_md": 86059, "share_md_pct": 25.1, "pax_pm": 9494, "veh_pm": 992, "riders_pm": 78155, "share_pm_pct": 27.5, "pax_ev": 2715, "veh_ev": 538, "riders_ev": 32578, "share_ev_pct": 7.9, "pax_night": 1399, "veh_night": 215, "riders_night": 27041, "share_night_pct": 4.0 }, "geometry": { "type": "MultiLineString", "coordinates": [ [ [ -74.089442345754819, 40.607691287434797 ], [ -74.090941344470068, 40.606208780398404 ] ], [ [ -74.089206747868772, 40.607919870015131 ], [ -74.089442345754819, 40.607691287434797 ] ], [ [ -74.091422071538048, 40.601719032783144 ], [ -74.091502122717884, 40.601007898522369 ] ], [ [ -74.088378449536165, 40.608726143670204 ], [ -74.08864680922693, 40.608464488824097 ] ], [ [ -74.088844461366605, 40.608274145961047 ], [ -74.089206747868772, 40.607919870015131 ] ], [ [ -74.091344704697264, 40.602424581883689 ], [ -74.091422071538048, 40.601719032783144 ] ], [ [ -74.091502122717884, 40.601007898522369 ], [ -74.091615390226949, 40.599755330194824 ] ], [ [ -74.091265002712831, 40.603125449561446 ], [ -74.091344704697264, 40.602424581883689 ] ], [ [ -74.08864680922693, 40.608464488824097 ], [ -74.088746386419558, 40.608370046148146 ] ], [ [ -74.088746386419558, 40.608370046148146 ], [ -74.088844461366605, 40.608274145961047 ] ], [ [ -74.091051387281766, 40.605091963646849 ], [ -74.091152442622146, 40.604147604502295 ] ], [ [ -74.086342149301217, 40.610726039143735 ], [ -74.08720823337157, 40.609878958265412 ] ], [ [ -74.085456112191466, 40.611630149725507 ], [ -74.086342149301217, 40.610726039143735 ] ], [ [ -74.088125461883365, 40.608980627667208 ], [ -74.088378449536165, 40.608726143670204 ] ], [ [ -74.090941344470068, 40.606208780398404 ], [ -74.091051387281766, 40.605091963646849 ] ], [ [ -74.08720823337157, 40.609878958265412 ], [ -74.088125461883365, 40.608980627667208 ] ], [ [ -74.091152442622146, 40.604147604502295 ], [ -74.091265002712831, 40.603125449561446 ] ], [ [ -74.091615390226949, 40.599755330194824 ], [ -74.091652034916123, 40.599288219056419 ] ], [ [ -74.091652034916123, 40.599288219056419 ], [ -74.091720515056309, 40.599220857004966 ] ] ] } },
{ "type": "Feature", "properties": { "corridor_id": 127, "rank": 167, "name": "BRUSH AVENUE (Bronx)", "street": "BRUSH AVENUE", "borough": "Bronx", "n_blocks": 7, "n_routes": 2, "routes": [ "Q44+", "Q50" ], "peak_period": "md", "hourly_pax": [ 620, 489, 304, 356, 584, 1120, 1336, 954, 444, 1213, 975, 1159, 1188, 1197, 1259, 2038, 1155, 860, 1512, 1328, 1072, 1246, 982, 849 ], "miles": 0.28, "pax_delay_min": 35823, "veh_delay_min": 3077, "riders_20d": 46626, "bus_trips_20d": 3932, "rider_block_crossings": 326381, "bus_block_crossings": 27526, "min_per_bus": 0.78, "sec_per_rider": 47, "riders_per_delayed_bus_min": 11.6, "riders_per_bus": 11.9, "pax_delay_per_mile": 129067, "veh_delay_per_mile": 11086, "buses_per_day": 197, "riders_per_day": 2331, "share_of_city_delay_pct": 0.179, "cum_share_pct": 87.08, "pax_am": 3948, "veh_am": 349, "riders_am": 50011, "share_am_pct": 16.3, "pax_md": 5777, "veh_md": 588, "riders_md": 45812, "share_md_pct": 23.8, "pax_pm": 5565, "veh_pm": 353, "riders_pm": 64829, "share_pm_pct": 23.0, "pax_ev": 5478, "veh_ev": 506, "riders_ev": 42983, "share_ev_pct": 22.6, "pax_night": 3474, "veh_night": 321, "riders_night": 33689, "share_night_pct": 14.3 }, "geometry": { "type": "MultiLineString", "coordinates": [ [ [ -73.840988195026355, 40.827951238138454 ], [ -73.841010964899624, 40.82802243268776 ] ], [ [ -73.841047535890723, 40.828127490013145 ], [ -73.84109419170737, 40.828258702473974 ] ], [ [ -73.841010964899624, 40.82802243268776 ], [ -73.841047535890723, 40.828127490013145 ] ], [ [ -73.84109419170737, 40.828258702473974 ], [ -73.841148014310903, 40.828432095469253 ] ], [ [ -73.839183424192086, 40.824703747506831 ], [ -73.840017965941087, 40.82614020436904 ] ], [ [ -73.840017965941087, 40.82614020436904 ], [ -73.840802415073227, 40.827538129394867 ] ], [ [ -73.840802415073227, 40.827538129394867 ], [ -73.840988195026355, 40.827951238138454 ] ] ] } },
{ "type": "Feature", "properties": { "corridor_id": 354, "rank": 168, "name": "FREDERICK DOUGLASS BOULEVARD (Manhattan)", "street": "FREDERICK DOUGLASS BOULEVARD", "borough": "Manhattan", "n_blocks": 25, "n_routes": 1, "routes": [ "M10" ], "peak_period": "md", "hourly_pax": [ 324, 161, 310, 0, 19, 27, 638, 561, 886, 998, 3636, 4105, 2446, 3707, 3640, 1656, 2632, 2463, 2311, 667, 758, 472, 526, 488 ], "miles": 0.55, "pax_delay_min": 35511, "veh_delay_min": 9498, "riders_20d": 14541, "bus_trips_20d": 2354, "rider_block_crossings": 363523, "bus_block_crossings": 58849, "min_per_bus": 4.08, "sec_per_rider": 245, "riders_per_delayed_bus_min": 3.7, "riders_per_bus": 6.2, "pax_delay_per_mile": 63987, "veh_delay_per_mile": 17114, "buses_per_day": 118, "riders_per_day": 727, "share_of_city_delay_pct": 0.178, "cum_share_pct": 87.26, "pax_am": 3083, "veh_am": 1242, "riders_am": 47868, "share_am_pct": 9.2, "pax_md": 17533, "veh_md": 2266, "riders_md": 105276, "share_md_pct": 52.4, "pax_pm": 9062, "veh_pm": 1989, "riders_pm": 81523, "share_pm_pct": 27.1, "pax_ev": 2911, "veh_ev": 1843, "riders_ev": 26153, "share_ev_pct": 8.7, "pax_night": 840, "veh_night": 331, "riders_night": 9893, "share_night_pct": 2.5 }, "geometry": { "type": "MultiLineString", "coordinates": [ [ [ -73.940515311671732, 40.824756686614123 ], [ -73.940053794733032, 40.825378708344118 ] ], [ [ -73.940971784532479, 40.82413235538192 ], [ -73.940515311671732, 40.824756686614123 ] ], [ [ -73.93986038277184, 40.825647981784954 ], [ -73.939350566040318, 40.825897485603775 ] ], [ [ -73.940053794733032, 40.825378708344118 ], [ -73.93986038277184, 40.825647981784954 ] ], [ [ -73.93914886970029, 40.826626456066265 ], [ -73.938691248078442, 40.82725177007277 ] ], [ [ -73.938691248078442, 40.82725177007277 ], [ -73.938236189618834, 40.827877344323269 ] ], [ [ -73.938236189618834, 40.827877344323269 ], [ -73.937782275547363, 40.828500315344961 ] ], [ [ -73.936517409418528, 40.83020425161483 ], [ -73.936328252340374, 40.830432244064546 ] ], [ [ -73.93986038277184, 40.825647981784954 ], [ -73.939602071757236, 40.826002588176387 ] ], [ [ -73.937782275547363, 40.828500315344961 ], [ -73.937267965293842, 40.829162800550826 ] ], [ [ -73.936987670835947, 40.829552289075721 ], [ -73.93690046323681, 40.829674972400674 ] ], [ [ -73.93690046323681, 40.829674972400674 ], [ -73.93674454870191, 40.829894311536172 ] ], [ [ -73.936328252340374, 40.830432244064546 ], [ -73.93626707356988, 40.83051111037279 ] ], [ [ -73.93674454870191, 40.829894311536172 ], [ -73.936613306104462, 40.830072738679391 ] ], [ [ -73.937089450378409, 40.829409106222975 ], [ -73.936987670835947, 40.829552289075721 ] ], [ [ -73.937267965293842, 40.829162800550826 ], [ -73.93721916961151, 40.829225949644531 ] ], [ [ -73.93721916961151, 40.829225949644531 ], [ -73.937089450378409, 40.829409106222975 ] ], [ [ -73.93626707356988, 40.83051111037279 ], [ -73.93616144071899, 40.830562766204373 ] ], [ [ -73.93616144071899, 40.830562766204373 ], [ -73.936128002101171, 40.830603519319496 ] ], [ [ -73.936128002101171, 40.830603519319496 ], [ -73.936042332731319, 40.83071152244991 ] ], [ [ -73.936613306104462, 40.830072738679391 ], [ -73.936600487381995, 40.830091889738995 ] ], [ [ -73.936600487381995, 40.830091889738995 ], [ -73.936517409418528, 40.83020425161483 ] ], [ [ -73.939602071757236, 40.826002588176387 ], [ -73.939320900281189, 40.826389644247634 ] ], [ [ -73.939320900281189, 40.826389644247634 ], [ -73.939271407390024, 40.826457774431503 ] ], [ [ -73.939271407390024, 40.826457774431503 ], [ -73.93914886970029, 40.826626456066265 ] ] ] } },
{ "type": "Feature", "properties": { "corridor_id": 450, "rank": 169, "name": "BEACH 20 STREET (Queens)", "street": "BEACH 20 STREET", "borough": "Queens", "n_blocks": 7, "n_routes": 3, "routes": [ "Q113", "Q22", "QM17" ], "peak_period": "pm", "hourly_pax": [ 98, 0, 0, 0, 5, 105, 249, 760, 1479, 2125, 1619, 2044, 2685, 2940, 2560, 3778, 3245, 3504, 2474, 879, 507, 439, 221, 99 ], "miles": 0.63, "pax_delay_min": 35479, "veh_delay_min": 2767, "riders_20d": 28163, "bus_trips_20d": 2176, "rider_block_crossings": 197143, "bus_block_crossings": 15234, "min_per_bus": 1.25, "sec_per_rider": 75, "riders_per_delayed_bus_min": 12.8, "riders_per_bus": 12.9, "pax_delay_per_mile": 56166, "veh_delay_per_mile": 4381, "buses_per_day": 109, "riders_per_day": 1408, "share_of_city_delay_pct": 0.178, "cum_share_pct": 87.44, "pax_am": 4614, "veh_am": 393, "riders_am": 35956, "share_am_pct": 14.5, "pax_md": 11848, "veh_md": 977, "riders_md": 46052, "share_md_pct": 37.2, "pax_pm": 13001, "veh_pm": 769, "riders_pm": 41907, "share_pm_pct": 40.9, "pax_ev": 2145, "veh_ev": 223, "riders_ev": 17372, "share_ev_pct": 6.7, "pax_night": 209, "veh_night": 24, "riders_night": 6622, "share_night_pct": 0.7 }, "geometry": { "type": "MultiLineString", "coordinates": [ [ [ -73.7540682024445, 40.599502268652849 ], [ -73.753753945454434, 40.60071149679699 ] ], [ [ -73.753753945454434, 40.60071149679699 ], [ -73.753356389993229, 40.602273804188606 ] ], [ [ -73.753356389993229, 40.602273804188606 ], [ -73.752849728648016, 40.604259896286301 ] ], [ [ -73.754250593359274, 40.598237671503455 ], [ -73.754236764161448, 40.598881518055215 ] ], [ [ -73.754262124016179, 40.59731628741784 ], [ -73.754250593359274, 40.598237671503455 ] ], [ [ -73.754236764161448, 40.598881518055215 ], [ -73.7540682024445, 40.599502268652849 ] ], [ [ -73.753995934205278, 40.595218185390962 ], [ -73.754262124016179, 40.59731628741784 ] ] ] } },
{ "type": "Feature", "properties": { "corridor_id": 213, "rank": 170, "name": "AVENUE U (Brooklyn)", "street": "AVENUE U", "borough": "Brooklyn", "n_blocks": 18, "n_routes": 5, "routes": [ "B100", "B3", "B41", "B47", "BM1" ], "peak_period": "md", "hourly_pax": [ 229, 228, 30, 24, 46, 441, 1961, 2792, 2736, 2202, 2084, 2027, 2757, 2442, 3439, 2269, 1397, 2520, 3568, 1284, 761, 460, 628, 308 ], "miles": 0.8, "pax_delay_min": 35376, "veh_delay_min": 18852, "riders_20d": 22065, "bus_trips_20d": 6134, "rider_block_crossings": 397177, "bus_block_crossings": 110414, "min_per_bus": 5.58, "sec_per_rider": 335, "riders_per_delayed_bus_min": 1.9, "riders_per_bus": 3.6, "pax_delay_per_mile": 44187, "veh_delay_per_mile": 23547, "buses_per_day": 307, "riders_per_day": 1103, "share_of_city_delay_pct": 0.177, "cum_share_pct": 87.61, "pax_am": 9691, "veh_am": 4384, "riders_am": 79951, "share_am_pct": 26.5, "pax_md": 12749, "veh_md": 3737, "riders_md": 98885, "share_md_pct": 34.8, "pax_pm": 9754, "veh_pm": 3840, "riders_pm": 91158, "share_pm_pct": 26.6, "pax_ev": 3441, "veh_ev": 3162, "riders_ev": 32645, "share_ev_pct": 9.4, "pax_night": 999, "veh_night": 789, "riders_night": 12405, "share_night_pct": 2.7 }, "geometry": { "type": "MultiLineString", "coordinates": [ [ [ -73.907445500458451, 40.619835084556215 ], [ -73.906857155368527, 40.620213972490177 ] ], [ [ -73.908927716913624, 40.618876861975473 ], [ -73.908158570421563, 40.619373122224303 ] ], [ [ -73.916806651903386, 40.613538016261693 ], [ -73.916095077364076, 40.61399870064254 ] ], [ [ -73.913876904053694, 40.615431806612918 ], [ -73.913396603989497, 40.615743206935441 ] ], [ [ -73.912397754633986, 40.616389726122684 ], [ -73.9120353747617, 40.616623567172205 ] ], [ [ -73.915387760354534, 40.61445775442769 ], [ -73.914670325288142, 40.614920245170296 ] ], [ [ -73.911681697085982, 40.616851785286727 ], [ -73.910955322579909, 40.61732434070364 ] ], [ [ -73.90969158900343, 40.618375019391067 ], [ -73.908927716913624, 40.618876861975473 ] ], [ [ -73.9120353747617, 40.616623567172205 ], [ -73.911681697085982, 40.616851785286727 ] ], [ [ -73.910260488734181, 40.617780670804294 ], [ -73.90969158900343, 40.618375019391067 ] ], [ [ -73.917561411962623, 40.613055015260365 ], [ -73.916806651903386, 40.613538016261693 ] ], [ [ -73.914670325288142, 40.614920245170296 ], [ -73.913876904053694, 40.615431806612918 ] ], [ [ -73.913396603989497, 40.615743206935441 ], [ -73.913109864936104, 40.615929109849553 ] ], [ [ -73.918289221312051, 40.612579303913492 ], [ -73.917561411962623, 40.613055015260365 ] ], [ [ -73.910955322579909, 40.61732434070364 ], [ -73.910260488734181, 40.617780670804294 ] ], [ [ -73.913109864936104, 40.615929109849553 ], [ -73.912397754633986, 40.616389726122684 ] ], [ [ -73.908158570421563, 40.619373122224303 ], [ -73.907445500458451, 40.619835084556215 ] ], [ [ -73.916095077364076, 40.61399870064254 ], [ -73.915387760354534, 40.61445775442769 ] ] ] } },
{ "type": "Feature", "properties": { "corridor_id": 274, "rank": 171, "name": "8 AVENUE (Brooklyn)", "street": "8 AVENUE", "borough": "Brooklyn", "n_blocks": 8, "n_routes": 1, "routes": [ "B70" ], "peak_period": "md", "hourly_pax": [ 112, 53, 10, 0, 10, 96, 381, 609, 1131, 1410, 2814, 1975, 3556, 2904, 3674, 1806, 1776, 1709, 1135, 269, 245, 113, 113, 63 ], "miles": 0.25, "pax_delay_min": 34310, "veh_delay_min": 4403, "riders_20d": 17604, "bus_trips_20d": 2659, "rider_block_crossings": 140834, "bus_block_crossings": 21274, "min_per_bus": 1.65, "sec_per_rider": 99, "riders_per_delayed_bus_min": 7.8, "riders_per_bus": 6.6, "pax_delay_per_mile": 139316, "veh_delay_per_mile": 17880, "buses_per_day": 133, "riders_per_day": 880, "share_of_city_delay_pct": 0.172, "cum_share_pct": 87.79, "pax_am": 3530, "veh_am": 581, "riders_am": 26759, "share_am_pct": 13.6, "pax_md": 14922, "veh_md": 1496, "riders_md": 35145, "share_md_pct": 57.5, "pax_pm": 6426, "veh_pm": 764, "riders_pm": 32197, "share_pm_pct": 24.8, "pax_ev": 803, "veh_ev": 291, "riders_ev": 7251, "share_ev_pct": 3.1, "pax_night": 281, "veh_night": 101, "riders_night": 3931, "share_night_pct": 1.1 }, "geometry": { "type": "MultiLineString", "coordinates": [ [ [ -74.007787943752575, 40.637195528343511 ], [ -74.008375747806923, 40.636636557539383 ] ], [ [ -74.00895274421498, 40.636075080742664 ], [ -74.009557083846332, 40.635492963708536 ] ], [ [ -74.009557083846332, 40.635492963708536 ], [ -74.010160573317805, 40.634912338346886 ] ], [ [ -74.008375747806923, 40.636636557539383 ], [ -74.00895274421498, 40.636075080742664 ] ], [ [ -74.010503836945006, 40.634579096316131 ], [ -74.010601570963999, 40.634485228231654 ] ], [ [ -74.010160573317805, 40.634912338346886 ], [ -74.010275924564681, 40.634800355581859 ] ], [ [ -74.010275924564681, 40.634800355581859 ], [ -74.010503836945006, 40.634579096316131 ] ], [ [ -74.010601570963999, 40.634485228231654 ], [ -74.010696992332555, 40.634397915380482 ] ] ] } },
{ "type": "Feature", "properties": { "corridor_id": 107, "rank": 172, "name": "EAST TREMONT AVENUE (Bronx)", "street": "EAST TREMONT AVENUE", "borough": "Bronx", "n_blocks": 11, "n_routes": 7, "routes": [ "BX24", "BX31", "BX4", "BX40", "BX42", "BX4A", "BX8" ], "peak_period": "md", "hourly_pax": [ 214, 58, 19, 6, 15, 1245, 1216, 1461, 1775, 1875, 1896, 1777, 2238, 2413, 2317, 1775, 1838, 1015, 1253, 1052, 784, 427, 407, 221 ], "miles": 0.25, "pax_delay_min": 33965, "veh_delay_min": 8342, "riders_20d": 36635, "bus_trips_20d": 8808, "rider_block_crossings": 402986, "bus_block_crossings": 96888, "min_per_bus": 1.02, "sec_per_rider": 61, "riders_per_delayed_bus_min": 4.1, "riders_per_bus": 4.2, "pax_delay_per_mile": 137440, "veh_delay_per_mile": 33758, "buses_per_day": 440, "riders_per_day": 1832, "share_of_city_delay_pct": 0.17, "cum_share_pct": 87.96, "pax_am": 6328, "veh_am": 1374, "riders_am": 79913, "share_am_pct": 23.2, "pax_md": 10641, "veh_md": 1863, "riders_md": 118148, "share_md_pct": 39.0, "pax_pm": 5881, "veh_pm": 1381, "riders_pm": 90449, "share_pm_pct": 21.5, "pax_ev": 2892, "veh_ev": 1387, "riders_ev": 33134, "share_ev_pct": 10.6, "pax_night": 1556, "veh_night": 409, "riders_night": 13201, "share_night_pct": 5.7 }, "geometry": { "type": "MultiLineString", "coordinates": [ [ [ -73.843398765550461, 40.841617466079228 ], [ -73.843344875913829, 40.841511562271741 ] ], [ [ -73.843490790873915, 40.841558765204795 ], [ -73.843344875913829, 40.841511562271741 ] ], [ [ -73.845885555711178, 40.842803326481274 ], [ -73.844780395664401, 40.842335379668597 ] ], [ [ -73.844780395664401, 40.842335379668597 ], [ -73.844463972467878, 40.842214839879425 ] ], [ [ -73.844463972467878, 40.842214839879425 ], [ -73.843974732811091, 40.842029265119422 ] ], [ [ -73.843472198028664, 40.841700822218542 ], [ -73.843398765550461, 40.841617466079228 ] ], [ [ -73.84367462952234, 40.841870040940719 ], [ -73.843472198028664, 40.841700822218542 ] ], [ [ -73.843974732811091, 40.842029265119422 ], [ -73.84367462952234, 40.841870040940719 ] ], [ [ -73.843344875913829, 40.841511562271741 ], [ -73.843010219983853, 40.841254502431923 ] ], [ [ -73.843010219983853, 40.841254502431923 ], [ -73.842852418756934, 40.841133289626605 ] ], [ [ -73.842852418756934, 40.841133289626605 ], [ -73.84226484847288, 40.840789875516187 ] ] ] } },
{ "type": "Feature", "properties": { "corridor_id": 103, "rank": 173, "name": "WHITE PLAINS ROAD (Bronx)", "street": "WHITE PLAINS ROAD", "borough": "Bronx", "n_blocks": 21, "n_routes": 4, "routes": [ "BX39", "BX41", "BX41+", "BXM11" ], "peak_period": "md", "hourly_pax": [ 501, 200, 118, 30, 176, 166, 676, 1150, 1387, 1037, 1406, 1321, 1472, 2158, 2082, 1875, 1670, 1715, 2033, 1372, 1121, 1164, 646, 609 ], "miles": 0.53, "pax_delay_min": 33668, "veh_delay_min": 5806, "riders_20d": 18901, "bus_trips_20d": 2540, "rider_block_crossings": 396921, "bus_block_crossings": 53333, "min_per_bus": 1.83, "sec_per_rider": 110, "riders_per_delayed_bus_min": 5.8, "riders_per_bus": 7.4, "pax_delay_per_mile": 63673, "veh_delay_per_mile": 10981, "buses_per_day": 127, "riders_per_day": 945, "share_of_city_delay_pct": 0.169, "cum_share_pct": 88.12, "pax_am": 4250, "veh_am": 844, "riders_am": 54600, "share_am_pct": 16.3, "pax_md": 8439, "veh_md": 1049, "riders_md": 83207, "share_md_pct": 32.4, "pax_pm": 7293, "veh_pm": 1016, "riders_pm": 98509, "share_pm_pct": 28.0, "pax_ev": 4912, "veh_ev": 1100, "riders_ev": 54374, "share_ev_pct": 18.8, "pax_night": 1191, "veh_night": 291, "riders_night": 13162, "share_night_pct": 4.6 }, "geometry": { "type": "MultiLineString", "coordinates": [ [ [ -73.866222709935514, 40.87731563793735 ], [ -73.86604170370866, 40.877648760637683 ] ], [ [ -73.864882735082702, 40.879772741815586 ], [ -73.864457186752276, 40.880538425181925 ] ], [ [ -73.866637875856, 40.876594637676 ], [ -73.86646385437723, 40.876900256333172 ] ], [ [ -73.863915168389497, 40.881424119061911 ], [ -73.863558712642757, 40.882058919854423 ] ], [ [ -73.864457186752276, 40.880538425181925 ], [ -73.863915168389497, 40.881424119061911 ] ], [ [ -73.86646385437723, 40.876900256333172 ], [ -73.866222709935514, 40.87731563793735 ] ], [ [ -73.865216040830632, 40.879181656230891 ], [ -73.865157130328868, 40.87928548036664 ] ], [ [ -73.865574173544104, 40.878497152437021 ], [ -73.865216040830632, 40.879181656230891 ] ], [ [ -73.86604170370866, 40.877648760637683 ], [ -73.865916772242002, 40.877861692732218 ] ], [ [ -73.865157130328868, 40.87928548036664 ], [ -73.86510845518464, 40.879367062187683 ] ], [ [ -73.86510845518464, 40.879367062187683 ], [ -73.864882735082702, 40.879772741815586 ] ], [ [ -73.866677356974023, 40.876520438210115 ], [ -73.866637875856, 40.876594637676 ] ], [ [ -73.865710582210497, 40.878243652148313 ], [ -73.865574173544104, 40.878497152437021 ] ], [ [ -73.866550973803825, 40.876932472773468 ], [ -73.866366256869441, 40.877357018570514 ] ], [ [ -73.866752916829114, 40.876366526704892 ], [ -73.866677356974023, 40.876520438210115 ] ], [ [ -73.866677356974023, 40.876520438210115 ], [ -73.866674022980916, 40.876617642653144 ] ], [ [ -73.866674022980916, 40.876617642653144 ], [ -73.866550973803825, 40.876932472773468 ] ], [ [ -73.866366256869441, 40.877357018570514 ], [ -73.866163132207319, 40.87768552781418 ] ], [ [ -73.866163132207319, 40.87768552781418 ], [ -73.866029422798931, 40.877901772026235 ] ], [ [ -73.865916772242002, 40.877861692732218 ], [ -73.86582748229506, 40.878027100034245 ] ], [ [ -73.86582748229506, 40.878027100034245 ], [ -73.865710582210497, 40.878243652148313 ] ] ] } },
{ "type": "Feature", "properties": { "corridor_id": 97, "rank": 174, "name": "BRUCKNER BOULEVARD (Bronx)", "street": "BRUCKNER BOULEVARD", "borough": "Bronx", "n_blocks": 7, "n_routes": 4, "routes": [ "BX24", "BX5", "BXM7", "Q50" ], "peak_period": "md", "hourly_pax": [ 23, 1316, 1358, 561, 92, 113, 444, 231, 129, 1842, 2228, 1969, 2106, 2852, 441, 2011, 2328, 735, 390, 389, 519, 423, 676, 360 ], "miles": 0.5, "pax_delay_min": 33644, "veh_delay_min": 4796, "riders_20d": 23203, "bus_trips_20d": 3945, "rider_block_crossings": 162421, "bus_block_crossings": 27617, "min_per_bus": 1.01, "sec_per_rider": 60, "riders_per_delayed_bus_min": 7.0, "riders_per_bus": 5.9, "pax_delay_per_mile": 67596, "veh_delay_per_mile": 9636, "buses_per_day": 197, "riders_per_day": 1160, "share_of_city_delay_pct": 0.168, "cum_share_pct": 88.29, "pax_am": 2646, "veh_am": 386, "riders_am": 22368, "share_am_pct": 11.2, "pax_md": 9596, "veh_md": 1069, "riders_md": 22891, "share_md_pct": 40.8, "pax_pm": 5464, "veh_pm": 547, "riders_pm": 42549, "share_pm_pct": 23.2, "pax_ev": 2367, "veh_ev": 689, "riders_ev": 25584, "share_ev_pct": 10.1, "pax_night": 3463, "veh_night": 600, "riders_night": 9520, "share_night_pct": 14.7 }, "geometry": { "type": "MultiLineString", "coordinates": [ [ [ -73.825492366655297, 40.845836845478608 ], [ -73.825755339063164, 40.846391056082169 ] ], [ [ -73.826895173594707, 40.848864279934453 ], [ -73.826980694467807, 40.85026555789338 ], [ -73.826492709681716, 40.851618514992957 ] ], [ [ -73.825084892960277, 40.844697697915379 ], [ -73.825492366655297, 40.845836845478608 ] ], [ [ -73.825755339063164, 40.846391056082169 ], [ -73.826337998321463, 40.847509213854728 ] ], [ [ -73.826337998321463, 40.847509213854728 ], [ -73.826681830979837, 40.848155840797375 ] ], [ [ -73.826681830979837, 40.848155840797375 ], [ -73.826871892478565, 40.848781344319313 ] ], [ [ -73.826871892478565, 40.848781344319313 ], [ -73.826895173594707, 40.848864279934453 ] ] ] } },
{ "type": "Feature", "properties": { "corridor_id": 64, "rank": 175, "name": "BOSTON ROAD (Bronx)", "street": "BOSTON ROAD", "borough": "Bronx", "n_blocks": 13, "n_routes": 3, "routes": [ "BX30", "BX39", "BXM11" ], "peak_period": "pm", "hourly_pax": [ 196, 40, 0, 0, 0, 44, 1735, 1218, 3046, 1641, 1177, 657, 1066, 2051, 2113, 2275, 1846, 1868, 2023, 1786, 1262, 858, 953, 579 ], "miles": 0.27, "pax_delay_min": 33037, "veh_delay_min": 4752, "riders_20d": 30915, "bus_trips_20d": 3947, "rider_block_crossings": 401897, "bus_block_crossings": 51311, "min_per_bus": 1.17, "sec_per_rider": 70, "riders_per_delayed_bus_min": 7.0, "riders_per_bus": 7.8, "pax_delay_per_mile": 121618, "veh_delay_per_mile": 17492, "buses_per_day": 197, "riders_per_day": 1546, "share_of_city_delay_pct": 0.165, "cum_share_pct": 88.46, "pax_am": 7640, "veh_am": 894, "riders_am": 80723, "share_am_pct": 26.9, "pax_md": 7064, "veh_md": 705, "riders_md": 83150, "share_md_pct": 24.8, "pax_pm": 8012, "veh_pm": 1236, "riders_pm": 100379, "share_pm_pct": 28.2, "pax_ev": 5438, "veh_ev": 1083, "riders_ev": 49862, "share_ev_pct": 19.1, "pax_night": 280, "veh_night": 45, "riders_night": 4680, "share_night_pct": 1.0 }, "geometry": { "type": "MultiLineString", "coordinates": [ [ [ -73.867480448416174, 40.859569463525162 ], [ -73.867455674889101, 40.85962746302512 ] ], [ [ -73.866197634431003, 40.86244074688716 ], [ -73.86555895945186, 40.86318042415828 ] ], [ [ -73.866616216309481, 40.861753287452437 ], [ -73.866500877853028, 40.862016785128468 ] ], [ [ -73.867455674889101, 40.85962746302512 ], [ -73.867393676924806, 40.859676171191438 ] ], [ [ -73.866436286217478, 40.862164348149889 ], [ -73.866297315975473, 40.862325299529324 ] ], [ [ -73.866297315975473, 40.862325299529324 ], [ -73.866197634431003, 40.86244074688716 ] ], [ [ -73.866797935393478, 40.861338133965937 ], [ -73.866633042748603, 40.861714847044048 ] ], [ [ -73.866633042748603, 40.861714847044048 ], [ -73.866616216309481, 40.861753287452437 ] ], [ [ -73.866482180104654, 40.862059500418816 ], [ -73.866436286217478, 40.862164348149889 ] ], [ [ -73.866500877853028, 40.862016785128468 ], [ -73.866482180104654, 40.862059500418816 ] ], [ [ -73.867393676924806, 40.859676171191438 ], [ -73.86719602493136, 40.860227578027917 ] ], [ [ -73.86719602493136, 40.860227578027917 ], [ -73.867150526034536, 40.860354507660126 ] ], [ [ -73.867150526034536, 40.860354507660126 ], [ -73.866797935393478, 40.861338133965937 ] ] ] } },
{ "type": "Feature", "properties": { "corridor_id": 525, "rank": 176, "name": "111 STREET (Queens)", "street": "111 STREET", "borough": "Queens", "n_blocks": 6, "n_routes": 1, "routes": [ "Q37" ], "peak_period": "pm", "hourly_pax": [ 156, 79, 21, 0, 0, 126, 890, 1824, 2137, 977, 1716, 1438, 1653, 2488, 3004, 1955, 2190, 4087, 2446, 1955, 1415, 418, 394, 201 ], "miles": 0.65, "pax_delay_min": 33027, "veh_delay_min": 1806, "riders_20d": 46223, "bus_trips_20d": 2784, "rider_block_crossings": 277336, "bus_block_crossings": 16706, "min_per_bus": 0.59, "sec_per_rider": 35, "riders_per_delayed_bus_min": 18.3, "riders_per_bus": 16.6, "pax_delay_per_mile": 51123, "veh_delay_per_mile": 2795, "buses_per_day": 139, "riders_per_day": 2311, "share_of_city_delay_pct": 0.165, "cum_share_pct": 88.62, "pax_am": 5827, "veh_am": 349, "riders_am": 58322, "share_am_pct": 18.5, "pax_md": 10298, "veh_md": 320, "riders_md": 71516, "share_md_pct": 32.6, "pax_pm": 10678, "veh_pm": 648, "riders_pm": 60196, "share_pm_pct": 33.8, "pax_ev": 4383, "veh_ev": 416, "riders_ev": 26627, "share_ev_pct": 13.9, "pax_night": 382, "veh_night": 36, "riders_night": 8657, "share_night_pct": 1.2 }, "geometry": { "type": "MultiLineString", "coordinates": [ [ [ -73.835981781737303, 40.694416098683085 ], [ -73.834865042196455, 40.692196940067774 ] ], [ [ -73.839121066827488, 40.700816702055576 ], [ -73.838049848962754, 40.698688679479403 ] ], [ [ -73.838049848962754, 40.698688679479403 ], [ -73.837166573579324, 40.696865585889988 ] ], [ [ -73.834865042196455, 40.692196940067774 ], [ -73.834832995187625, 40.692128878577144 ] ], [ [ -73.834832995187625, 40.692128878577144 ], [ -73.83479714915461, 40.692051994860087 ] ], [ [ -73.837166573579324, 40.696865585889988 ], [ -73.835981781737303, 40.694416098683085 ] ] ] } },
{ "type": "Feature", "properties": { "corridor_id": 287, "rank": 177, "name": "FOSTER AVENUE (Brooklyn)", "street": "FOSTER AVENUE", "borough": "Brooklyn", "n_blocks": 6, "n_routes": 2, "routes": [ "B49", "B8" ], "peak_period": "pm", "hourly_pax": [ 151, 50, 31, 11, 64, 108, 600, 1861, 2343, 1859, 1638, 1717, 2665, 1371, 1909, 3264, 2587, 2095, 1982, 606, 529, 394, 312, 200 ], "miles": 0.28, "pax_delay_min": 32968, "veh_delay_min": 5103, "riders_20d": 23134, "bus_trips_20d": 3736, "rider_block_crossings": 138805, "bus_block_crossings": 22414, "min_per_bus": 1.13, "sec_per_rider": 68, "riders_per_delayed_bus_min": 6.5, "riders_per_bus": 6.2, "pax_delay_per_mile": 117326, "veh_delay_per_mile": 18161, "buses_per_day": 187, "riders_per_day": 1157, "share_of_city_delay_pct": 0.165, "cum_share_pct": 88.79, "pax_am": 6664, "veh_am": 900, "riders_am": 31975, "share_am_pct": 23.5, "pax_md": 9301, "veh_md": 1280, "riders_md": 29867, "share_md_pct": 32.8, "pax_pm": 9928, "veh_pm": 1411, "riders_pm": 30719, "share_pm_pct": 35.0, "pax_ev": 2040, "veh_ev": 540, "riders_ev": 9833, "share_ev_pct": 7.2, "pax_night": 415, "veh_night": 107, "riders_night": 6972, "share_night_pct": 1.5 }, "geometry": { "type": "MultiLineString", "coordinates": [ [ [ -73.952136610998139, 40.638425841165038 ], [ -73.951159885314141, 40.638417898770427 ] ], [ [ -73.949232957019035, 40.638547673512988 ], [ -73.948264996602703, 40.638607189615186 ] ], [ [ -73.953600047099229, 40.638422347416245 ], [ -73.953078852599177, 40.638427973539713 ] ], [ [ -73.951159885314141, 40.638417898770427 ], [ -73.95017090105496, 40.638485085703657 ] ], [ [ -73.95017090105496, 40.638485085703657 ], [ -73.949232957019035, 40.638547673512988 ] ], [ [ -73.953078852599177, 40.638427973539713 ], [ -73.952136610998139, 40.638425841165038 ] ] ] } },
{ "type": "Feature", "properties": { "corridor_id": 5, "rank": 178, "name": "EAST 177 STREET (Bronx)", "street": "EAST 177 STREET", "borough": "Bronx", "n_blocks": 15, "n_routes": 3, "routes": [ "BX11", "BXM6", "Q44+" ], "peak_period": "md", "hourly_pax": [ 479, 369, 225, 157, 366, 610, 1225, 1015, 1203, 1237, 1104, 1034, 1222, 1061, 1359, 1523, 1032, 1274, 1413, 1249, 767, 1050, 702, 465 ], "miles": 0.6, "pax_delay_min": 32501, "veh_delay_min": 5368, "riders_20d": 25904, "bus_trips_20d": 4613, "rider_block_crossings": 388563, "bus_block_crossings": 69192, "min_per_bus": 1.15, "sec_per_rider": 69, "riders_per_delayed_bus_min": 6.1, "riders_per_bus": 5.6, "pax_delay_per_mile": 54240, "veh_delay_per_mile": 8958, "buses_per_day": 231, "riders_per_day": 1295, "share_of_city_delay_pct": 0.163, "cum_share_pct": 88.95, "pax_am": 4681, "veh_am": 626, "riders_am": 58772, "share_am_pct": 21.1, "pax_md": 5779, "veh_md": 834, "riders_md": 66422, "share_md_pct": 26.1, "pax_pm": 5241, "veh_pm": 672, "riders_pm": 89712, "share_pm_pct": 23.7, "pax_ev": 4233, "veh_ev": 726, "riders_ev": 55498, "share_ev_pct": 19.1, "pax_night": 2206, "veh_night": 499, "riders_night": 24168, "share_night_pct": 10.0 }, "geometry": { "type": "MultiLineString", "coordinates": [ [ [ -73.87278549133913, 40.835898525708167 ], [ -73.872124618862458, 40.835858142538406 ] ], [ [ -73.865860870361843, 40.834550343122871 ], [ -73.864883126428452, 40.834250066303014 ] ], [ [ -73.863855271565896, 40.833951559337436 ], [ -73.863322527001316, 40.833816215030481 ] ], [ [ -73.871155764460212, 40.835761089306878 ], [ -73.870720204191358, 40.835719121591104 ] ], [ [ -73.869032161609795, 40.835486414628264 ], [ -73.868101346761719, 40.835212594059143 ] ], [ [ -73.863322527001316, 40.833816215030481 ], [ -73.862914323308416, 40.833708040549503 ] ], [ [ -73.870720204191358, 40.835719121591104 ], [ -73.869994250416184, 40.835650411780186 ] ], [ [ -73.873863398661655, 40.835989359092991 ], [ -73.8737950659213, 40.835985718408217 ] ], [ [ -73.86680620051439, 40.834837021896703 ], [ -73.865860870361843, 40.834550343122871 ] ], [ [ -73.868101346761719, 40.835212594059143 ], [ -73.86680620051439, 40.834837021896703 ] ], [ [ -73.864883126428452, 40.834250066303014 ], [ -73.863855271565896, 40.833951559337436 ] ], [ [ -73.8737950659213, 40.835985718408217 ], [ -73.873092682074599, 40.8359178965257 ] ], [ [ -73.872124618862458, 40.835858142538406 ], [ -73.871155764460212, 40.835761089306878 ] ], [ [ -73.873092682074599, 40.8359178965257 ], [ -73.87278549133913, 40.835898525708167 ] ], [ [ -73.869994250416184, 40.835650411780186 ], [ -73.869032161609795, 40.835486414628264 ] ] ] } },
{ "type": "Feature", "properties": { "corridor_id": 28, "rank": 179, "name": "PORT RICHMOND AVENUE (Staten Island)", "street": "PORT RICHMOND AVENUE", "borough": "Staten Island", "n_blocks": 24, "n_routes": 9, "routes": [ "S44", "S53", "S57", "S59", "S66", "S94", "SIM3", "SIM35", "SIM3C" ], "peak_period": "md", "hourly_pax": [ 212, 241, 48, 14, 29, 301, 907, 1652, 1822, 1819, 3484, 3041, 2640, 1974, 1885, 1499, 1499, 1613, 2156, 992, 848, 1268, 782, 624 ], "miles": 0.8, "pax_delay_min": 31793, "veh_delay_min": 20085, "riders_20d": 22371, "bus_trips_20d": 6328, "rider_block_crossings": 536909, "bus_block_crossings": 151872, "min_per_bus": 4.06, "sec_per_rider": 243, "riders_per_delayed_bus_min": 1.6, "riders_per_bus": 3.5, "pax_delay_per_mile": 39699, "veh_delay_per_mile": 25080, "buses_per_day": 316, "riders_per_day": 1119, "share_of_city_delay_pct": 0.159, "cum_share_pct": 89.11, "pax_am": 6200, "veh_am": 3747, "riders_am": 89663, "share_am_pct": 19.8, "pax_md": 13024, "veh_md": 3457, "riders_md": 146673, "share_md_pct": 41.5, "pax_pm": 6767, "veh_pm": 4166, "riders_pm": 108693, "share_pm_pct": 21.6, "pax_ev": 4513, "veh_ev": 3966, "riders_ev": 55164, "share_ev_pct": 14.4, "pax_night": 846, "veh_night": 509, "riders_night": 25354, "share_night_pct": 2.7 }, "geometry": { "type": "MultiLineString", "coordinates": [ [ [ -74.132689477774619, 40.638878912557068 ], [ -74.133199183495478, 40.638212343968412 ] ], [ [ -74.134769613893681, 40.636025069624246 ], [ -74.135213774893472, 40.635345196031544 ] ], [ [ -74.135554274783132, 40.634800196231133 ], [ -74.135674016963307, 40.634613836857824 ] ], [ [ -74.132174459594054, 40.639542657250296 ], [ -74.132604206433172, 40.638984155574462 ] ], [ [ -74.13365307477082, 40.637600229529745 ], [ -74.134092220283776, 40.636984050863809 ] ], [ [ -74.133199183495478, 40.638212343968412 ], [ -74.133502609841216, 40.637798266071783 ] ], [ [ -74.1342822386232, 40.636735132456309 ], [ -74.134769613893681, 40.636025069624246 ] ], [ [ -74.13150881794985, 40.640392949698224 ], [ -74.131710880704247, 40.640159207700691 ] ], [ [ -74.131710880704247, 40.640159207700691 ], [ -74.132174459594054, 40.639542657250296 ] ], [ [ -74.136540904288751, 40.633342959951676 ], [ -74.137112881225931, 40.63278569487025 ] ], [ [ -74.132604206433172, 40.638984155574462 ], [ -74.132689477774619, 40.638878912557068 ] ], [ [ -74.138370645879974, 40.63159123269002 ], [ -74.138797948831908, 40.631180404725377 ] ], [ [ -74.138229265561463, 40.631727903174429 ], [ -74.138370645879974, 40.63159123269002 ] ], [ [ -74.139288537213289, 40.630744193160375 ], [ -74.139506027687062, 40.630570993833942 ] ], [ [ -74.135213774893472, 40.635345196031544 ], [ -74.135554274783132, 40.634800196231133 ] ], [ [ -74.138939809279321, 40.631042372082682 ], [ -74.139288537213289, 40.630744193160375 ] ], [ [ -74.137738269546688, 40.632196727006075 ], [ -74.138229265561463, 40.631727903174429 ] ], [ [ -74.133502609841216, 40.637798266071783 ], [ -74.13365307477082, 40.637600229529745 ] ], [ [ -74.134092220283776, 40.636984050863809 ], [ -74.1342822386232, 40.636735132456309 ] ], [ [ -74.135674016963307, 40.634613836857824 ], [ -74.136115400557429, 40.633960068642658 ] ], [ [ -74.137669564999484, 40.632262736443565 ], [ -74.137738269546688, 40.632196727006075 ] ], [ [ -74.137112881225931, 40.63278569487025 ], [ -74.137669564999484, 40.632262736443565 ] ], [ [ -74.138797948831908, 40.631180404725377 ], [ -74.138939809279321, 40.631042372082682 ] ], [ [ -74.136115400557429, 40.633960068642658 ], [ -74.136540904288751, 40.633342959951676 ] ] ] } },
{ "type": "Feature", "properties": { "corridor_id": 530, "rank": 180, "name": "UNION TURNPIKE (Queens)", "street": "UNION TURNPIKE", "borough": "Queens", "n_blocks": 3, "n_routes": 1, "routes": [ "Q23" ], "peak_period": "am", "hourly_pax": [ 69, 42, 35, 48, 26, 32, 1931, 2410, 2418, 1978, 3228, 2140, 297, 441, 709, 1077, 1898, 738, 1376, 298, 333, 172, 279, 165 ], "miles": 0.21, "pax_delay_min": 31658, "veh_delay_min": 7728, "riders_20d": 8320, "bus_trips_20d": 2094, "rider_block_crossings": 24960, "bus_block_crossings": 6281, "min_per_bus": 3.65, "sec_per_rider": 219, "riders_per_delayed_bus_min": 4.1, "riders_per_bus": 4.0, "pax_delay_per_mile": 153709, "veh_delay_per_mile": 37522, "buses_per_day": 105, "riders_per_day": 416, "share_of_city_delay_pct": 0.159, "cum_share_pct": 89.27, "pax_am": 8737, "veh_am": 1020, "riders_am": 7708, "share_am_pct": 39.5, "pax_md": 6816, "veh_md": 1176, "riders_md": 5601, "share_md_pct": 30.8, "pax_pm": 5088, "veh_pm": 1448, "riders_pm": 4078, "share_pm_pct": 23.0, "pax_ev": 1246, "veh_ev": 1662, "riders_ev": 713, "share_ev_pct": 5.6, "pax_night": 252, "veh_night": 317, "riders_night": 232, "share_night_pct": 1.1 }, "geometry": { "type": "MultiLineString", "coordinates": [ [ [ -73.854748830592342, 40.706803643429197 ], [ -73.852836908745232, 40.707412895267787 ] ], [ [ -73.852747470116412, 40.707440201119077 ], [ -73.851117290331899, 40.707931116626362 ] ], [ [ -73.852836908745232, 40.707412895267787 ], [ -73.852747470116412, 40.707440201119077 ] ] ] } },
{ "type": "Feature", "properties": { "corridor_id": 473, "rank": 181, "name": "63 DRIVE (Queens)", "street": "63 DRIVE", "borough": "Queens", "n_blocks": 13, "n_routes": 3, "routes": [ "Q38", "QM10", "QM40" ], "peak_period": "am", "hourly_pax": [ 96, 0, 0, 0, 0, 112, 1252, 2227, 3938, 4006, 1380, 1415, 1296, 1582, 1309, 2052, 2739, 2889, 2609, 887, 331, 252, 144, 146 ], "miles": 0.55, "pax_delay_min": 31397, "veh_delay_min": 4171, "riders_20d": 14307, "bus_trips_20d": 2065, "rider_block_crossings": 185987, "bus_block_crossings": 26839, "min_per_bus": 1.98, "sec_per_rider": 119, "riders_per_delayed_bus_min": 7.5, "riders_per_bus": 6.9, "pax_delay_per_mile": 57126, "veh_delay_per_mile": 7589, "buses_per_day": 103, "riders_per_day": 715, "share_of_city_delay_pct": 0.157, "cum_share_pct": 89.43, "pax_am": 11423, "veh_am": 1145, "riders_am": 60284, "share_am_pct": 37.3, "pax_md": 6982, "veh_md": 863, "riders_md": 36947, "share_md_pct": 22.8, "pax_pm": 10290, "veh_pm": 1299, "riders_pm": 42824, "share_pm_pct": 33.6, "pax_ev": 1759, "veh_ev": 612, "riders_ev": 13769, "share_ev_pct": 5.7, "pax_night": 208, "veh_night": 60, "riders_night": 2173, "share_night_pct": 0.7 }, "geometry": { "type": "MultiLineString", "coordinates": [ [ [ -73.864476421040095, 40.726818469136056 ], [ -73.864099922348444, 40.72738203292365 ] ], [ [ -73.862360648130263, 40.730057668353517 ], [ -73.862312632178586, 40.730116486576428 ] ], [ [ -73.864885504188209, 40.726177246395331 ], [ -73.864476421040095, 40.726818469136056 ] ], [ [ -73.864099922348444, 40.72738203292365 ], [ -73.863670380418938, 40.728018122762961 ] ], [ [ -73.866906829447458, 40.722960070087602 ], [ -73.866508314335704, 40.723604167049118 ] ], [ [ -73.863670380418938, 40.728018122762961 ], [ -73.8632620097911, 40.728658891209193 ] ], [ [ -73.862847933180674, 40.729301561167418 ], [ -73.862431594403958, 40.729952547349122 ] ], [ [ -73.866508314335704, 40.723604167049118 ], [ -73.866101888388513, 40.724246803327446 ] ], [ [ -73.865290852321877, 40.725535072489116 ], [ -73.864885504188209, 40.726177246395331 ] ], [ [ -73.862431594403958, 40.729952547349122 ], [ -73.862360648130263, 40.730057668353517 ] ], [ [ -73.865696979917729, 40.72489000723629 ], [ -73.865290852321877, 40.725535072489116 ] ], [ [ -73.8632620097911, 40.728658891209193 ], [ -73.862847933180674, 40.729301561167418 ] ], [ [ -73.866101888388513, 40.724246803327446 ], [ -73.865696979917729, 40.72489000723629 ] ] ] } },
{ "type": "Feature", "properties": { "corridor_id": 37, "rank": 182, "name": "RICHMOND TERRACE (Staten Island)", "street": "RICHMOND TERRACE", "borough": "Staten Island", "n_blocks": 12, "n_routes": 12, "routes": [ "S40", "S44", "S51", "S61", "S62", "S74", "S76", "S81", "S84", "S90", "S92", "S94" ], "peak_period": "am", "hourly_pax": [ 575, 518, 101, 225, 738, 1004, 1795, 1704, 1572, 2292, 379, 431, 711, 561, 872, 1245, 1083, 1141, 1481, 1552, 1110, 814, 641, 456 ], "miles": 0.35, "pax_delay_min": 31304, "veh_delay_min": 3472, "riders_20d": 48263, "bus_trips_20d": 6361, "rider_block_crossings": 579158, "bus_block_crossings": 76330, "min_per_bus": 0.62, "sec_per_rider": 37, "riders_per_delayed_bus_min": 9.0, "riders_per_bus": 7.6, "pax_delay_per_mile": 88335, "veh_delay_per_mile": 9799, "buses_per_day": 318, "riders_per_day": 2413, "share_of_city_delay_pct": 0.157, "cum_share_pct": 89.58, "pax_am": 7364, "veh_am": 830, "riders_am": 108847, "share_am_pct": 32.0, "pax_md": 2954, "veh_md": 335, "riders_md": 89726, "share_md_pct": 12.8, "pax_pm": 4950, "veh_pm": 492, "riders_pm": 124979, "share_pm_pct": 21.5, "pax_ev": 4572, "veh_ev": 530, "riders_ev": 76039, "share_ev_pct": 19.9, "pax_night": 3160, "veh_night": 332, "riders_night": 49165, "share_night_pct": 13.7 }, "geometry": { "type": "MultiLineString", "coordinates": [ [ [ -74.075165521776398, 40.642374630227621 ], [ -74.075221581276068, 40.642447679547352 ] ], [ [ -74.075194007957492, 40.642244477438965 ], [ -74.075165521776398, 40.642374630227621 ] ], [ [ -74.075341249975622, 40.64260299014969 ], [ -74.075546991240472, 40.64284295562743 ] ], [ [ -74.077619036927842, 40.645544004646865 ], [ -74.077888645148718, 40.645903077995683 ] ], [ [ -74.078546262110407, 40.646334858661255 ], [ -74.078798123816981, 40.646488053438283 ] ], [ [ -74.075221581276068, 40.642447679547352 ], [ -74.075341249975622, 40.64260299014969 ] ], [ [ -74.075546991240472, 40.64284295562743 ], [ -74.075631932987136, 40.642941825183726 ] ], [ [ -74.075631932987136, 40.642941825183726 ], [ -74.076112269914518, 40.64354441097769 ] ], [ [ -74.076112269914518, 40.64354441097769 ], [ -74.076812449352659, 40.644485518440781 ] ], [ [ -74.076812449352659, 40.644485518440781 ], [ -74.077619036927842, 40.645544004646865 ] ], [ [ -74.077888645148718, 40.645903077995683 ], [ -74.078073404267073, 40.646060472652429 ] ], [ [ -74.078073404267073, 40.646060472652429 ], [ -74.078546262110407, 40.646334858661255 ] ] ] } },
{ "type": "Feature", "properties": { "corridor_id": 520, "rank": 183, "name": "NATIONAL STREET (Queens)", "street": "NATIONAL STREET", "borough": "Queens", "n_blocks": 12, "n_routes": 1, "routes": [ "Q14" ], "peak_period": "pm", "hourly_pax": [ 182, 240, 0, 0, 133, 56, 651, 1109, 1223, 754, 901, 843, 1064, 1236, 1268, 1282, 1125, 2027, 2237, 1360, 1072, 655, 384, 503 ], "miles": 0.34, "pax_delay_min": 30755, "veh_delay_min": 2833, "riders_20d": 24327, "bus_trips_20d": 2210, "rider_block_crossings": 291929, "bus_block_crossings": 26515, "min_per_bus": 1.5, "sec_per_rider": 90, "riders_per_delayed_bus_min": 10.9, "riders_per_bus": 11.0, "pax_delay_per_mile": 89621, "veh_delay_per_mile": 8254, "buses_per_day": 110, "riders_per_day": 1216, "share_of_city_delay_pct": 0.154, "cum_share_pct": 89.74, "pax_am": 3737, "veh_am": 338, "riders_am": 49820, "share_am_pct": 18.4, "pax_md": 5312, "veh_md": 468, "riders_md": 51480, "share_md_pct": 26.2, "pax_pm": 6670, "veh_pm": 523, "riders_pm": 67013, "share_pm_pct": 32.9, "pax_ev": 3975, "veh_ev": 582, "riders_ev": 33856, "share_ev_pct": 19.6, "pax_night": 611, "veh_night": 90, "riders_night": 10709, "share_night_pct": 3.0 }, "geometry": { "type": "MultiLineString", "coordinates": [ [ [ -73.863325938584453, 40.748070643837629 ], [ -73.863452003319395, 40.747661989997205 ] ], [ [ -73.864426332349254, 40.745242874482308 ], [ -73.864370717507441, 40.745080573242625 ] ], [ [ -73.863081556621054, 40.748803060140176 ], [ -73.863155014217085, 40.748591087373612 ] ], [ [ -73.863496892444203, 40.747517241613004 ], [ -73.863703423345243, 40.746906231245134 ] ], [ [ -73.863452003319395, 40.747661989997205 ], [ -73.863496892444203, 40.747517241613004 ] ], [ [ -73.864207779210631, 40.745768729599099 ], [ -73.864426332349254, 40.745242874482308 ] ], [ [ -73.864127333786499, 40.745961667148016 ], [ -73.864207779210631, 40.745768729599099 ] ], [ [ -73.862860375468912, 40.749461419346282 ], [ -73.863081556621054, 40.748803060140176 ] ], [ [ -73.864072366996368, 40.746073652427846 ], [ -73.864127333786499, 40.745961667148016 ] ], [ [ -73.863703423345243, 40.746906231245134 ], [ -73.864072366996368, 40.746073652427846 ] ], [ [ -73.863155014217085, 40.748591087373612 ], [ -73.863325938584453, 40.748070643837629 ] ], [ [ -73.862726339081675, 40.749867937406812 ], [ -73.862860375468912, 40.749461419346282 ] ] ] } },
{ "type": "Feature", "properties": { "corridor_id": 40, "rank": 184, "name": "WEST FARMS ROAD (Bronx)", "street": "WEST FARMS ROAD", "borough": "Bronx", "n_blocks": 6, "n_routes": 3, "routes": [ "BX27", "BX35", "BX4A" ], "peak_period": "am", "hourly_pax": [ 9, 5, 3, 3, 1, 129, 4208, 3426, 4053, 1598, 1559, 987, 953, 601, 1326, 635, 735, 576, 850, 356, 336, 309, 265, 493 ], "miles": 0.33, "pax_delay_min": 30736, "veh_delay_min": 8374, "riders_20d": 4821, "bus_trips_20d": 2125, "rider_block_crossings": 28929, "bus_block_crossings": 12749, "min_per_bus": 3.96, "sec_per_rider": 238, "riders_per_delayed_bus_min": 3.7, "riders_per_bus": 2.3, "pax_delay_per_mile": 92229, "veh_delay_per_mile": 25128, "buses_per_day": 106, "riders_per_day": 241, "share_of_city_delay_pct": 0.154, "cum_share_pct": 89.89, "pax_am": 13285, "veh_am": 2517, "riders_am": 6481, "share_am_pct": 56.7, "pax_md": 5426, "veh_md": 1229, "riders_md": 7773, "share_md_pct": 23.2, "pax_pm": 2796, "veh_pm": 962, "riders_pm": 6359, "share_pm_pct": 11.9, "pax_ev": 1759, "veh_ev": 1575, "riders_ev": 2052, "share_ev_pct": 7.5, "pax_night": 151, "veh_night": 157, "riders_night": 675, "share_night_pct": 0.6 }, "geometry": { "type": "MultiLineString", "coordinates": [ [ [ -73.891351253396252, 40.825256694828681 ], [ -73.890894868406264, 40.825705233343236 ] ], [ [ -73.889979425488491, 40.826809992334539 ], [ -73.888944460464003, 40.82798198611561 ] ], [ [ -73.890894868406264, 40.825705233343236 ], [ -73.889979425488491, 40.826809992334539 ] ], [ [ -73.891309703431219, 40.824980968514069 ], [ -73.891351253396252, 40.825256694828681 ] ], [ [ -73.888944460464003, 40.82798198611561 ], [ -73.888205433630787, 40.828822911679076 ] ], [ [ -73.888205433630787, 40.828822911679076 ], [ -73.888054442637454, 40.829008842980095 ] ] ] } },
{ "type": "Feature", "properties": { "corridor_id": 58, "rank": 185, "name": "EAST 177 STREET (Bronx)", "street": "EAST 177 STREET", "borough": "Bronx", "n_blocks": 18, "n_routes": 3, "routes": [ "BX11", "BXM6", "Q44+" ], "peak_period": "ev", "hourly_pax": [ 637, 526, 243, 368, 571, 972, 942, 261, 190, 793, 502, 513, 1001, 853, 1184, 1694, 1198, 1546, 1035, 1549, 1313, 1147, 851, 836 ], "miles": 0.61, "pax_delay_min": 30151, "veh_delay_min": 5253, "riders_20d": 21758, "bus_trips_20d": 4297, "rider_block_crossings": 391650, "bus_block_crossings": 77350, "min_per_bus": 1.21, "sec_per_rider": 72, "riders_per_delayed_bus_min": 5.7, "riders_per_bus": 5.1, "pax_delay_per_mile": 49834, "veh_delay_per_mile": 8683, "buses_per_day": 215, "riders_per_day": 1088, "share_of_city_delay_pct": 0.151, "cum_share_pct": 90.04, "pax_am": 2186, "veh_am": 417, "riders_am": 73291, "share_am_pct": 10.5, "pax_md": 4054, "veh_md": 1070, "riders_md": 55449, "share_md_pct": 19.6, "pax_pm": 5472, "veh_pm": 821, "riders_pm": 57466, "share_pm_pct": 26.4, "pax_ev": 5695, "veh_ev": 804, "riders_ev": 59585, "share_ev_pct": 27.5, "pax_night": 3317, "veh_night": 490, "riders_night": 37287, "share_night_pct": 16.0 }, "geometry": { "type": "MultiLineString", "coordinates": [ [ [ -73.863970040760378, 40.834605318987286 ], [ -73.863307320783193, 40.834408128574296 ] ], [ [ -73.866887719361202, 40.835473225534749 ], [ -73.865978148753115, 40.835204995908896 ] ], [ [ -73.869986866554811, 40.836310295254549 ], [ -73.869784828462628, 40.83626428605136 ] ], [ [ -73.861738077323054, 40.833755884308033 ], [ -73.861630480441562, 40.833626705064695 ] ], [ [ -73.864995650090719, 40.834911161622919 ], [ -73.863970040760378, 40.834605318987286 ] ], [ [ -73.863005282796877, 40.834318252144975 ], [ -73.86294260263945, 40.834299600071063 ] ], [ [ -73.872028849740673, 40.836650228199701 ], [ -73.871345610895602, 40.836556600156285 ] ], [ [ -73.869076381751739, 40.836102961636378 ], [ -73.868154546211017, 40.835846189265808 ] ], [ [ -73.868154546211017, 40.835846189265808 ], [ -73.866887719361202, 40.835473225534749 ] ], [ [ -73.865978148753115, 40.835204995908896 ], [ -73.864995650090719, 40.834911161622919 ] ], [ [ -73.870736813286612, 40.836442655000361 ], [ -73.870458664932684, 40.836391933517199 ] ], [ [ -73.870458664932684, 40.836391933517199 ], [ -73.869986866554811, 40.836310295254549 ] ], [ [ -73.862871715721482, 40.834282001233667 ], [ -73.861738077323054, 40.833755884308033 ] ], [ [ -73.869784828462628, 40.83626428605136 ], [ -73.869076381751739, 40.836102961636378 ] ], [ [ -73.871345610895602, 40.836556600156285 ], [ -73.870736813286612, 40.836442655000361 ] ], [ [ -73.863307320783193, 40.834408128574296 ], [ -73.863005282796877, 40.834318252144975 ] ], [ [ -73.86294260263945, 40.834299600071063 ], [ -73.862871715721482, 40.834282001233667 ] ], [ [ -73.861630480441562, 40.833626705064695 ], [ -73.861376547924522, 40.833490722804314 ] ] ] } },
{ "type": "Feature", "properties": { "corridor_id": 461, "rank": 186, "name": "164 STREET (Queens)", "street": "164 STREET", "borough": "Queens", "n_blocks": 13, "n_routes": 1, "routes": [ "Q65" ], "peak_period": "md", "hourly_pax": [ 202, 164, 156, 165, 117, 33, 267, 988, 1774, 1828, 2494, 2396, 2377, 2444, 2505, 2316, 2514, 2514, 1965, 893, 796, 611, 569, 350 ], "miles": 0.55, "pax_delay_min": 29321, "veh_delay_min": 3437, "riders_20d": 42289, "bus_trips_20d": 4790, "rider_block_crossings": 549752, "bus_block_crossings": 62272, "min_per_bus": 0.71, "sec_per_rider": 42, "riders_per_delayed_bus_min": 8.5, "riders_per_bus": 8.8, "pax_delay_per_mile": 53448, "veh_delay_per_mile": 6266, "buses_per_day": 240, "riders_per_day": 2114, "share_of_city_delay_pct": 0.147, "cum_share_pct": 90.19, "pax_am": 4858, "veh_am": 537, "riders_am": 120403, "share_am_pct": 16.0, "pax_md": 12217, "veh_md": 858, "riders_md": 146659, "share_md_pct": 40.1, "pax_pm": 9309, "veh_pm": 936, "riders_pm": 125955, "share_pm_pct": 30.6, "pax_ev": 3219, "veh_ev": 630, "riders_ev": 43871, "share_ev_pct": 10.6, "pax_night": 837, "veh_night": 172, "riders_night": 24280, "share_night_pct": 2.8 }, "geometry": { "type": "MultiLineString", "coordinates": [ [ [ -73.799857831503132, 40.710252562506348 ], [ -73.799444518000143, 40.709587183358025 ] ], [ [ -73.802995678205406, 40.715762827767065 ], [ -73.802856909369993, 40.715280041916188 ] ], [ [ -73.800783126463173, 40.711751504690724 ], [ -73.800402630246353, 40.711131175452429 ] ], [ [ -73.800402630246353, 40.711131175452429 ], [ -73.800328109858825, 40.71100891879226 ] ], [ [ -73.802856909369993, 40.715280041916188 ], [ -73.802779555699956, 40.715024172805876 ] ], [ [ -73.803101639007011, 40.716082664136152 ], [ -73.802995678205406, 40.715762827767065 ] ], [ [ -73.800328109858825, 40.71100891879226 ], [ -73.799857831503132, 40.710252562506348 ] ], [ [ -73.802543740027687, 40.714610730386482 ], [ -73.802111460612934, 40.713925733306141 ] ], [ [ -73.801241914111458, 40.712502884510798 ], [ -73.800783126463173, 40.711751504690724 ] ], [ [ -73.801384352374086, 40.712673948303738 ], [ -73.801241914111458, 40.712502884510798 ] ], [ [ -73.802111460612934, 40.713925733306141 ], [ -73.801384352374086, 40.712673948303738 ] ], [ [ -73.802779555699956, 40.715024172805876 ], [ -73.802543740027687, 40.714610730386482 ] ], [ [ -73.799444518000143, 40.709587183358025 ], [ -73.79898152133687, 40.708800992661082 ] ] ] } },
{ "type": "Feature", "properties": { "corridor_id": 383, "rank": 187, "name": "TRINITY PLACE (Manhattan)", "street": "TRINITY PLACE", "borough": "Manhattan", "n_blocks": 10, "n_routes": 15, "routes": [ "BM1", "BM2", "BM3", "BM4", "BXM18", "M55", "QM25", "QM65", "SIM15", "SIM2", "SIM33C", "SIM3C", "SIM4C", "X27", "X28" ], "peak_period": "am", "hourly_pax": [ 107, 43, 14, 37, 106, 1362, 2588, 3146, 5799, 3950, 1384, 1118, 782, 578, 1445, 43, 1071, 1245, 1327, 559, 412, 530, 338, 160 ], "miles": 0.28, "pax_delay_min": 29138, "veh_delay_min": 2985, "riders_20d": 85187, "bus_trips_20d": 8529, "rider_block_crossings": 851872, "bus_block_crossings": 85291, "min_per_bus": 0.34, "sec_per_rider": 20, "riders_per_delayed_bus_min": 9.8, "riders_per_bus": 10.0, "pax_delay_per_mile": 104423, "veh_delay_per_mile": 10698, "buses_per_day": 426, "riders_per_day": 4259, "share_of_city_delay_pct": 0.146, "cum_share_pct": 90.34, "pax_am": 15484, "veh_am": 1194, "riders_am": 331626, "share_am_pct": 55.0, "pax_md": 5308, "veh_md": 775, "riders_md": 150270, "share_md_pct": 18.9, "pax_pm": 3686, "veh_pm": 457, "riders_pm": 101854, "share_pm_pct": 13.1, "pax_ev": 1999, "veh_ev": 243, "riders_ev": 43288, "share_ev_pct": 7.1, "pax_night": 1669, "veh_night": 100, "riders_night": 55133, "share_night_pct": 5.9 }, "geometry": { "type": "MultiLineString", "coordinates": [ [ [ -74.012144328931342, 40.70899264543219 ], [ -74.012087187436009, 40.709078118982923 ] ], [ [ -74.01193492719635, 40.709305883244213 ], [ -74.011685463654985, 40.709692743123433 ] ], [ [ -74.012087187436009, 40.709078118982923 ], [ -74.01193492719635, 40.709305883244213 ] ], [ [ -74.013632661261852, 40.706793899201777 ], [ -74.013518854551052, 40.706943270881112 ] ], [ [ -74.013518854551052, 40.706943270881112 ], [ -74.013373154940041, 40.707146452586016 ] ], [ [ -74.014336496818146, 40.70623720790514 ], [ -74.014140468315318, 40.706355261682432 ] ], [ [ -74.013373154940041, 40.707146452586016 ], [ -74.012961344227051, 40.7077703208343 ] ], [ [ -74.014140468315318, 40.706355261682432 ], [ -74.014013334287625, 40.706422761924564 ] ], [ [ -74.014013334287625, 40.706422761924564 ], [ -74.013632661261852, 40.706793899201777 ] ], [ [ -74.012961344227051, 40.7077703208343 ], [ -74.012144328931342, 40.70899264543219 ] ] ] } },
{ "type": "Feature", "properties": { "corridor_id": 506, "rank": 188, "name": "71 AVENUE (Queens)", "street": "71 AVENUE", "borough": "Queens", "n_blocks": 8, "n_routes": 1, "routes": [ "Q23" ], "peak_period": "am", "hourly_pax": [ 101, 44, 37, 60, 27, 36, 2174, 2479, 2491, 2074, 3346, 2267, 450, 585, 1047, 1153, 2065, 908, 1558, 312, 372, 190, 303, 174 ], "miles": 0.4, "pax_delay_min": 29131, "veh_delay_min": 7521, "riders_20d": 16365, "bus_trips_20d": 3193, "rider_block_crossings": 130922, "bus_block_crossings": 25547, "min_per_bus": 3.52, "sec_per_rider": 211, "riders_per_delayed_bus_min": 3.9, "riders_per_bus": 5.1, "pax_delay_per_mile": 73219, "veh_delay_per_mile": 18904, "buses_per_day": 160, "riders_per_day": 818, "share_of_city_delay_pct": 0.146, "cum_share_pct": 90.48, "pax_am": 9218, "veh_am": 1102, "riders_am": 34036, "share_am_pct": 38.0, "pax_md": 7695, "veh_md": 1336, "riders_md": 28696, "share_md_pct": 31.7, "pax_pm": 5684, "veh_pm": 1628, "riders_pm": 26296, "share_pm_pct": 23.4, "pax_ev": 1351, "veh_ev": 1764, "riders_ev": 7786, "share_ev_pct": 5.6, "pax_night": 304, "veh_night": 350, "riders_night": 2759, "share_night_pct": 1.3 }, "geometry": { "type": "MultiLineString", "coordinates": [ [ [ -73.850334395794945, 40.711371048919396 ], [ -73.849930022964216, 40.712011489089313 ] ], [ [ -73.849930022964216, 40.712011489089313 ], [ -73.84952480879825, 40.712654304211405 ] ], [ [ -73.851435033522094, 40.708632225112673 ], [ -73.850915633541021, 40.710471218878865 ] ], [ [ -73.851367949258403, 40.708403561422649 ], [ -73.851435033522094, 40.708632225112673 ] ], [ [ -73.850915633541021, 40.710471218878865 ], [ -73.850745337886153, 40.710726437719011 ] ], [ [ -73.84952480879825, 40.712654304211405 ], [ -73.849119817181844, 40.713299567034454 ] ], [ [ -73.850745337886153, 40.710726437719011 ], [ -73.850334395794945, 40.711371048919396 ] ], [ [ -73.851117290331899, 40.707931116626362 ], [ -73.851367949258403, 40.708403561422649 ] ] ] } },
{ "type": "Feature", "properties": { "corridor_id": 57, "rank": 189, "name": "EAST TREMONT AVENUE (Bronx)", "street": "EAST TREMONT AVENUE", "borough": "Bronx", "n_blocks": 23, "n_routes": 1, "routes": [ "BX36" ], "peak_period": "pm", "hourly_pax": [ 342, 387, 167, 121, 59, 63, 763, 380, 1113, 1484, 1326, 909, 1444, 1059, 1936, 1989, 1930, 2806, 2397, 1065, 509, 979, 577, 487 ], "miles": 0.55, "pax_delay_min": 28912, "veh_delay_min": 2595, "riders_20d": 40310, "bus_trips_20d": 3384, "rider_block_crossings": 927123, "bus_block_crossings": 77835, "min_per_bus": 0.7, "sec_per_rider": 42, "riders_per_delayed_bus_min": 11.1, "riders_per_bus": 11.9, "pax_delay_per_mile": 52287, "veh_delay_per_mile": 4693, "buses_per_day": 169, "riders_per_day": 2015, "share_of_city_delay_pct": 0.145, "cum_share_pct": 90.63, "pax_am": 3739, "veh_am": 293, "riders_am": 216126, "share_am_pct": 15.4, "pax_md": 6673, "veh_md": 509, "riders_md": 187748, "share_md_pct": 27.5, "pax_pm": 9122, "veh_pm": 706, "riders_pm": 210928, "share_pm_pct": 37.6, "pax_ev": 3617, "veh_ev": 462, "riders_ev": 94320, "share_ev_pct": 14.9, "pax_night": 1138, "veh_night": 149, "riders_night": 35918, "share_night_pct": 4.7 }, "geometry": { "type": "MultiLineString", "coordinates": [ [ [ -73.905803161385961, 40.849092158057118 ], [ -73.905704833091718, 40.849072933397743 ] ], [ [ -73.903886852789142, 40.848765679869437 ], [ -73.903387150909211, 40.848686226426153 ] ], [ [ -73.905704833091718, 40.849072933397743 ], [ -73.903999185550873, 40.848736138262964 ] ], [ [ -73.903280626806122, 40.848692431322931 ], [ -73.902429755406487, 40.848525501939584 ] ], [ [ -73.902184282280572, 40.848447599093049 ], [ -73.901935104924775, 40.848254916621457 ] ], [ [ -73.906792061321681, 40.850046042364674 ], [ -73.906210017261344, 40.849473677100235 ] ], [ [ -73.901935104924775, 40.848254916621457 ], [ -73.901559287277934, 40.848103541034511 ] ], [ [ -73.90704767607329, 40.850294082089867 ], [ -73.906792061321681, 40.850046042364674 ] ], [ [ -73.903999185550873, 40.848736138262964 ], [ -73.903886852789142, 40.848765679869437 ] ], [ [ -73.90594828655702, 40.849219182902964 ], [ -73.905803161385961, 40.849092158057118 ] ], [ [ -73.906210017261344, 40.849473677100235 ], [ -73.9060837691476, 40.849347397502875 ] ], [ [ -73.901852137193671, 40.847967782657591 ], [ -73.901654456301074, 40.847776669421719 ] ], [ [ -73.902184282280572, 40.848447599093049 ], [ -73.901852137193671, 40.847967782657591 ] ], [ [ -73.9060837691476, 40.849347397502875 ], [ -73.90594828655702, 40.849219182902964 ] ], [ [ -73.903387150909211, 40.848686226426153 ], [ -73.903280626806122, 40.848692431322931 ] ], [ [ -73.900961234278967, 40.847700853248007 ], [ -73.899670560649824, 40.847438023495258 ] ], [ [ -73.902429755406487, 40.848525501939584 ], [ -73.902184282280572, 40.848447599093049 ] ], [ [ -73.901559287277934, 40.848103541034511 ], [ -73.901439743547328, 40.848099941103825 ] ], [ [ -73.901439743547328, 40.848099941103825 ], [ -73.901086539352917, 40.847929596504684 ] ], [ [ -73.901654456301074, 40.847776669421719 ], [ -73.901124441810637, 40.847663825529224 ] ], [ [ -73.901124441810637, 40.847663825529224 ], [ -73.900961234278967, 40.847700853248007 ] ], [ [ -73.901086539352917, 40.847929596504684 ], [ -73.900999916891024, 40.847850511413625 ] ], [ [ -73.900999916891024, 40.847850511413625 ], [ -73.900961234278967, 40.847700853248007 ] ] ] } },
{ "type": "Feature", "properties": { "corridor_id": 55, "rank": 190, "name": "METROPOLITAN AVENUE (Bronx)", "street": "METROPOLITAN AVENUE", "borough": "Bronx", "n_blocks": 9, "n_routes": 2, "routes": [ "BX4A", "BXM6" ], "peak_period": "ev", "hourly_pax": [ 87, 36, 0, 0, 0, 13, 85, 112, 172, 245, 235, 884, 395, 406, 221, 2775, 2796, 2385, 1104, 1674, 3037, 2692, 1266, 1794 ], "miles": 0.31, "pax_delay_min": 28630, "veh_delay_min": 4811, "riders_20d": 7916, "bus_trips_20d": 1438, "rider_block_crossings": 71246, "bus_block_crossings": 12941, "min_per_bus": 3.22, "sec_per_rider": 193, "riders_per_delayed_bus_min": 6.0, "riders_per_bus": 5.5, "pax_delay_per_mile": 92545, "veh_delay_per_mile": 15551, "buses_per_day": 72, "riders_per_day": 396, "share_of_city_delay_pct": 0.143, "cum_share_pct": 90.77, "pax_am": 614, "veh_am": 151, "riders_am": 7970, "share_am_pct": 2.7, "pax_md": 2141, "veh_md": 689, "riders_md": 14430, "share_md_pct": 9.6, "pax_pm": 9060, "veh_pm": 856, "riders_pm": 22288, "share_pm_pct": 40.4, "pax_ev": 10463, "veh_ev": 1374, "riders_ev": 11657, "share_ev_pct": 46.7, "pax_night": 135, "veh_night": 30, "riders_night": 1890, "share_night_pct": 0.6 }, "geometry": { "type": "MultiLineString", "coordinates": [ [ [ -73.860928524375964, 40.834608283241877 ], [ -73.861027798162979, 40.835515345587019 ] ], [ [ -73.860824434492528, 40.833998666517793 ], [ -73.860928524375964, 40.834608283241877 ] ], [ [ -73.860248268035946, 40.837617515569107 ], [ -73.85982231748234, 40.837771987155385 ] ], [ [ -73.860385796299184, 40.837468067787206 ], [ -73.860248268035946, 40.837617515569107 ] ], [ [ -73.860850196688034, 40.833613537464053 ], [ -73.860793671053671, 40.833713956300507 ] ], [ [ -73.860442021078512, 40.837377645367638 ], [ -73.860385796299184, 40.837468067787206 ] ], [ [ -73.860793671053671, 40.833713956300507 ], [ -73.860824434492528, 40.833998666517793 ] ], [ [ -73.861027798162979, 40.835515345587019 ], [ -73.86084980530913, 40.836459642069144 ] ], [ [ -73.86084980530913, 40.836459642069144 ], [ -73.860442021078512, 40.837377645367638 ] ] ] } },
{ "type": "Feature", "properties": { "corridor_id": 246, "rank": 191, "name": "SMITH STREET (Brooklyn)", "street": "SMITH STREET", "borough": "Brooklyn", "n_blocks": 5, "n_routes": 5, "routes": [ "B57", "B61", "B62", "B65", "B67" ], "peak_period": "md", "hourly_pax": [ 214, 78, 75, 21, 64, 479, 933, 1214, 1593, 1361, 1573, 1133, 1426, 1408, 1256, 1311, 1695, 1415, 1065, 738, 528, 820, 498, 425 ], "miles": 0.22, "pax_delay_min": 28513, "veh_delay_min": 7145, "riders_20d": 18942, "bus_trips_20d": 4786, "rider_block_crossings": 94708, "bus_block_crossings": 23929, "min_per_bus": 1.27, "sec_per_rider": 76, "riders_per_delayed_bus_min": 4.0, "riders_per_bus": 4.0, "pax_delay_per_mile": 130560, "veh_delay_per_mile": 32718, "buses_per_day": 239, "riders_per_day": 947, "share_of_city_delay_pct": 0.143, "cum_share_pct": 90.91, "pax_am": 5100, "veh_am": 1233, "riders_am": 16284, "share_am_pct": 23.9, "pax_md": 6796, "veh_md": 1282, "riders_md": 20851, "share_md_pct": 31.9, "pax_pm": 5486, "veh_pm": 1054, "riders_pm": 19748, "share_pm_pct": 25.7, "pax_ev": 3008, "veh_ev": 1089, "riders_ev": 9516, "share_ev_pct": 14.1, "pax_night": 930, "veh_night": 447, "riders_night": 4994, "share_night_pct": 4.4 }, "geometry": { "type": "MultiLineString", "coordinates": [ [ [ -73.987333443273158, 40.691453377348687 ], [ -73.987892016333092, 40.690467512926887 ] ], [ [ -73.987892016333092, 40.690467512926887 ], [ -73.988300473766472, 40.689869425075351 ] ], [ [ -73.988300473766472, 40.689869425075351 ], [ -73.988721468331065, 40.689245807851648 ] ], [ [ -73.988721468331065, 40.689245807851648 ], [ -73.988915571717442, 40.688971922518604 ] ], [ [ -73.988915571717442, 40.688971922518604 ], [ -73.989168127854015, 40.688615554603729 ] ] ] } },
{ "type": "Feature", "properties": { "corridor_id": 348, "rank": 192, "name": "EAST 60 STREET (Manhattan)", "street": "EAST 60 STREET", "borough": "Manhattan", "n_blocks": 13, "n_routes": 2, "routes": [ "Q32", "Q60" ], "peak_period": "md", "hourly_pax": [ 129, 127, 61, 41, 19, 43, 1229, 1436, 2873, 2905, 2458, 1571, 1782, 1902, 1323, 1300, 1049, 1038, 646, 269, 265, 356, 182, 227 ], "miles": 0.58, "pax_delay_min": 28250, "veh_delay_min": 5229, "riders_20d": 13719, "bus_trips_20d": 2354, "rider_block_crossings": 178350, "bus_block_crossings": 30604, "min_per_bus": 2.72, "sec_per_rider": 163, "riders_per_delayed_bus_min": 5.4, "riders_per_bus": 5.8, "pax_delay_per_mile": 48647, "veh_delay_per_mile": 9004, "buses_per_day": 118, "riders_per_day": 686, "share_of_city_delay_pct": 0.141, "cum_share_pct": 91.05, "pax_am": 8444, "veh_am": 1171, "riders_am": 38496, "share_am_pct": 36.3, "pax_md": 9036, "veh_md": 1588, "riders_md": 44412, "share_md_pct": 38.9, "pax_pm": 4033, "veh_pm": 969, "riders_pm": 33777, "share_pm_pct": 17.4, "pax_ev": 1301, "veh_ev": 489, "riders_ev": 15932, "share_ev_pct": 5.6, "pax_night": 421, "veh_night": 151, "riders_night": 4753, "share_night_pct": 1.8 }, "geometry": { "type": "MultiLineString", "coordinates": [ [ [ -73.972553523021332, 40.764897731669059 ], [ -73.970956649962588, 40.764215685666656 ] ], [ [ -73.970956649962588, 40.764215685666656 ], [ -73.969437705414649, 40.763583751387934 ] ], [ [ -73.967727058568727, 40.762851652309379 ], [ -73.966127473116458, 40.762179299783355 ] ], [ [ -73.963118381289775, 40.760924859661486 ], [ -73.962868750195369, 40.760824179675375 ] ], [ [ -73.966127473116458, 40.762179299783355 ], [ -73.963883104467428, 40.761233286150258 ] ], [ [ -73.969437705414649, 40.763583751387934 ], [ -73.969337987970547, 40.763547380383301 ] ], [ [ -73.969337987970547, 40.763547380383301 ], [ -73.969228848737714, 40.763500246012683 ] ], [ [ -73.969228848737714, 40.763500246012683 ], [ -73.968929986163687, 40.763371176347619 ] ], [ [ -73.968929986163687, 40.763371176347619 ], [ -73.967904304579704, 40.762928203297605 ] ], [ [ -73.967904304579704, 40.762928203297605 ], [ -73.967727058568727, 40.762851652309379 ] ], [ [ -73.963486932662107, 40.761073503924024 ], [ -73.963118381289775, 40.760924859661486 ] ], [ [ -73.963883104467428, 40.761233286150258 ], [ -73.963765832586191, 40.761185333238906 ] ], [ [ -73.963765832586191, 40.761185333238906 ], [ -73.963486932662107, 40.761073503924024 ] ] ] } },
{ "type": "Feature", "properties": { "corridor_id": 34, "rank": 193, "name": "BROADWAY (Staten Island)", "street": "BROADWAY", "borough": "Staten Island", "n_blocks": 34, "n_routes": 2, "routes": [ "S53", "S54" ], "peak_period": "md", "hourly_pax": [ 495, 242, 123, 50, 195, 699, 1804, 1421, 1415, 1155, 1566, 1594, 1429, 1342, 1253, 1177, 1263, 1333, 1558, 1154, 938, 974, 791, 574 ], "miles": 0.88, "pax_delay_min": 28134, "veh_delay_min": 3962, "riders_20d": 14315, "bus_trips_20d": 2097, "rider_block_crossings": 486701, "bus_block_crossings": 71310, "min_per_bus": 1.1, "sec_per_rider": 66, "riders_per_delayed_bus_min": 7.1, "riders_per_bus": 6.8, "pax_delay_per_mile": 32007, "veh_delay_per_mile": 4507, "buses_per_day": 105, "riders_per_day": 716, "share_of_city_delay_pct": 0.141, "cum_share_pct": 91.19, "pax_am": 5796, "veh_am": 799, "riders_am": 96802, "share_am_pct": 23.6, "pax_md": 7183, "veh_md": 867, "riders_md": 99643, "share_md_pct": 29.3, "pax_pm": 5331, "veh_pm": 642, "riders_pm": 95822, "share_pm_pct": 21.7, "pax_ev": 4432, "veh_ev": 798, "riders_ev": 56967, "share_ev_pct": 18.1, "pax_night": 1805, "veh_night": 285, "riders_night": 34843, "share_night_pct": 7.4 }, "geometry": { "type": "MultiLineString", "coordinates": [ [ [ -74.11738361351054, 40.635395398160902 ], [ -74.117199471556603, 40.634568098221401 ] ], [ [ -74.115609335336387, 40.627548982687145 ], [ -74.115447776290594, 40.627220617280912 ] ], [ [ -74.115951624538354, 40.628230133633075 ], [ -74.115885249741936, 40.628088935990682 ] ], [ [ -74.117693936033021, 40.639433145580483 ], [ -74.117690087888903, 40.639099765826437 ] ], [ [ -74.116836196011789, 40.632674818337421 ], [ -74.116666426199046, 40.631710102042177 ] ], [ [ -74.117077857650997, 40.634007107937897 ], [ -74.117044709865681, 40.633816609866329 ] ], [ [ -74.116958385632969, 40.633351407965513 ], [ -74.116836196011789, 40.632674818337421 ] ], [ [ -74.117044709865681, 40.633816609866329 ], [ -74.116958385632969, 40.633351407965513 ] ], [ [ -74.116504964484477, 40.630755714141351 ], [ -74.11634635527804, 40.629835002724356 ] ], [ [ -74.11634635527804, 40.629835002724356 ], [ -74.11618948763622, 40.628941196985259 ] ], [ [ -74.11618948763622, 40.628941196985259 ], [ -74.116143211617498, 40.628702263500621 ] ], [ [ -74.115447776290594, 40.627220617280912 ], [ -74.115275528285494, 40.626889055889187 ] ], [ [ -74.117199471556603, 40.634568098221401 ], [ -74.117077857650997, 40.634007107937897 ] ], [ [ -74.115885249741936, 40.628088935990682 ], [ -74.115609335336387, 40.627548982687145 ] ], [ [ -74.116666426199046, 40.631710102042177 ], [ -74.116504964484477, 40.630755714141351 ] ], [ [ -74.117479831608918, 40.636026906230626 ], [ -74.11747417330686, 40.635943517613178 ] ], [ [ -74.117657225222814, 40.638062466293768 ], [ -74.117549023137983, 40.636953632394572 ] ], [ [ -74.116143211617498, 40.628702263500621 ], [ -74.115951624538354, 40.628230133633075 ] ], [ [ -74.117688385863389, 40.638952324098504 ], [ -74.117659351294932, 40.638120636630305 ] ], [ [ -74.117549023137983, 40.636953632394572 ], [ -74.117533523774298, 40.636747762400965 ] ], [ [ -74.117533523774298, 40.636747762400965 ], [ -74.11752704603154, 40.636661723986862 ] ], [ [ -74.11752704603154, 40.636661723986862 ], [ -74.11751731948587, 40.636532533114163 ] ], [ [ -74.11751731948587, 40.636532533114163 ], [ -74.117511368929584, 40.636441801666059 ] ], [ [ -74.117511368929584, 40.636441801666059 ], [ -74.117500353478761, 40.636307194165767 ] ], [ [ -74.117500353478761, 40.636307194165767 ], [ -74.11749409717072, 40.636224091346591 ] ], [ [ -74.11749409717072, 40.636224091346591 ], [ -74.117485763826267, 40.63611340606073 ] ], [ [ -74.117485763826267, 40.63611340606073 ], [ -74.117479831608918, 40.636026906230626 ] ], [ [ -74.117468206256078, 40.635880195370376 ], [ -74.117459865606548, 40.635769404960655 ] ], [ [ -74.11747417330686, 40.635943517613178 ], [ -74.117468206256078, 40.635880195370376 ] ], [ [ -74.117689467354012, 40.639045996048111 ], [ -74.117688385863389, 40.638952324098504 ] ], [ [ -74.117690087888903, 40.639099765826437 ], [ -74.117689467354012, 40.639045996048111 ] ], [ [ -74.117659351294932, 40.638120636630305 ], [ -74.117657225222814, 40.638062466293768 ] ], [ [ -74.117459865606548, 40.635769404960655 ], [ -74.11742209416677, 40.635584143324891 ] ], [ [ -74.11742209416677, 40.635584143324891 ], [ -74.11738361351054, 40.635395398160902 ] ] ] } },
{ "type": "Feature", "properties": { "corridor_id": 327, "rank": 194, "name": "WATER STREET (Manhattan)", "street": "WATER STREET", "borough": "Manhattan", "n_blocks": 12, "n_routes": 13, "routes": [ "BM1", "BM2", "BM3", "BM4", "M15", "M15+", "QM11", "QM25", "QM65", "QM8", "SIM15", "SIM35", "SIM5" ], "peak_period": "pm", "hourly_pax": [ 92, 3, 0, 1, 1, 116, 442, 138, 421, 884, 1211, 1015, 1427, 1423, 1198, 2920, 4816, 9221, 10278, 928, 321, 344, 423, 266 ], "miles": 0.58, "pax_delay_min": 27656, "veh_delay_min": 6959, "riders_20d": 44626, "bus_trips_20d": 11445, "rider_block_crossings": 535516, "bus_block_crossings": 137343, "min_per_bus": 0.61, "sec_per_rider": 37, "riders_per_delayed_bus_min": 4.0, "riders_per_bus": 3.9, "pax_delay_per_mile": 47410, "veh_delay_per_mile": 11929, "buses_per_day": 572, "riders_per_day": 2231, "share_of_city_delay_pct": 0.139, "cum_share_pct": 91.33, "pax_am": 1885, "veh_am": 1114, "riders_am": 144942, "share_am_pct": 5.0, "pax_md": 6274, "veh_md": 2150, "riders_md": 71074, "share_md_pct": 16.6, "pax_pm": 27236, "veh_pm": 3348, "riders_pm": 180107, "share_pm_pct": 71.9, "pax_ev": 2282, "veh_ev": 1197, "riders_ev": 49918, "share_ev_pct": 6.0, "pax_night": 213, "veh_night": 243, "riders_night": 6474, "share_night_pct": 0.6 }, "geometry": { "type": "MultiLineString", "coordinates": [ [ [ -74.012311607534301, 40.702686532797998 ], [ -74.011505672307663, 40.702958843668881 ] ], [ [ -74.007392188448264, 40.705182688599947 ], [ -74.006765577136079, 40.705623797624085 ] ], [ [ -74.006765577136079, 40.705623797624085 ], [ -74.006020394509505, 40.706142362879781 ] ], [ [ -74.005690668429452, 40.70637506237545 ], [ -74.005002254699122, 40.706852518620387 ] ], [ [ -74.011505672307663, 40.702958843668881 ], [ -74.010200289352611, 40.703282191970295 ] ], [ [ -74.008987552890417, 40.704084827804095 ], [ -74.008789193109862, 40.70421090249269 ] ], [ [ -74.006020394509505, 40.706142362879781 ], [ -74.005690668429452, 40.70637506237545 ] ], [ [ -74.005002254699122, 40.706852518620387 ], [ -74.004056602203633, 40.707436780753184 ] ], [ [ -74.008789193109862, 40.70421090249269 ], [ -74.00812645259424, 40.704671797216619 ] ], [ [ -74.012826710721043, 40.702408626673076 ], [ -74.012311607534301, 40.702686532797998 ] ], [ [ -74.00812645259424, 40.704671797216619 ], [ -74.007392188448264, 40.705182688599947 ] ], [ [ -74.010200289352611, 40.703282191970295 ], [ -74.008987552890417, 40.704084827804095 ] ] ] } },
{ "type": "Feature", "properties": { "corridor_id": 108, "rank": 195, "name": "SAND LANE (Staten Island)", "street": "SAND LANE", "borough": "Staten Island", "n_blocks": 5, "n_routes": 2, "routes": [ "S52", "S53" ], "peak_period": "md", "hourly_pax": [ 491, 311, 178, 178, 101, 565, 663, 1107, 1182, 981, 1083, 1025, 817, 999, 1552, 1130, 1216, 1303, 1452, 1015, 803, 562, 532, 473 ], "miles": 0.19, "pax_delay_min": 27480, "veh_delay_min": 3166, "riders_20d": 43711, "bus_trips_20d": 5426, "rider_block_crossings": 218557, "bus_block_crossings": 27131, "min_per_bus": 0.64, "sec_per_rider": 39, "riders_per_delayed_bus_min": 8.7, "riders_per_bus": 8.1, "pax_delay_per_mile": 144711, "veh_delay_per_mile": 16671, "buses_per_day": 271, "riders_per_day": 2186, "share_of_city_delay_pct": 0.138, "cum_share_pct": 91.47, "pax_am": 3933, "veh_am": 501, "riders_am": 40127, "share_am_pct": 19.9, "pax_md": 5476, "veh_md": 631, "riders_md": 39232, "share_md_pct": 27.8, "pax_pm": 5101, "veh_pm": 502, "riders_pm": 40342, "share_pm_pct": 25.9, "pax_ev": 3385, "veh_ev": 501, "riders_ev": 24379, "share_ev_pct": 17.2, "pax_night": 1823, "veh_night": 255, "riders_night": 14483, "share_night_pct": 9.2 }, "geometry": { "type": "MultiLineString", "coordinates": [ [ [ -74.070958671758888, 40.597343990689417 ], [ -74.0704397610603, 40.596734746297621 ] ], [ [ -74.071996628595826, 40.59820187651313 ], [ -74.071770861048762, 40.597807319210368 ] ], [ [ -74.071770861048762, 40.597807319210368 ], [ -74.070958671758888, 40.597343990689417 ] ], [ [ -74.071941848899613, 40.598533924434896 ], [ -74.071996628595826, 40.59820187651313 ] ], [ [ -74.07219139307972, 40.598934256595349 ], [ -74.071941848899613, 40.598533924434896 ] ] ] } },
{ "type": "Feature", "properties": { "corridor_id": 27, "rank": 196, "name": "BRADLEY AVENUE (Staten Island)", "street": "BRADLEY AVENUE", "borough": "Staten Island", "n_blocks": 19, "n_routes": 7, "routes": [ "S57", "S61", "S91", "SIM3", "SIM31", "SIM34", "SIM3C" ], "peak_period": "md", "hourly_pax": [ 45, 0, 0, 0, 0, 531, 665, 778, 1877, 1666, 1885, 1482, 1273, 1490, 1296, 1979, 1461, 1561, 1843, 945, 830, 657, 446, 504 ], "miles": 0.9, "pax_delay_min": 27216, "veh_delay_min": 4233, "riders_20d": 23684, "bus_trips_20d": 3548, "rider_block_crossings": 450002, "bus_block_crossings": 67420, "min_per_bus": 1.12, "sec_per_rider": 67, "riders_per_delayed_bus_min": 6.4, "riders_per_bus": 6.7, "pax_delay_per_mile": 30355, "veh_delay_per_mile": 4721, "buses_per_day": 177, "riders_per_day": 1184, "share_of_city_delay_pct": 0.136, "cum_share_pct": 91.61, "pax_am": 4986, "veh_am": 774, "riders_am": 93400, "share_am_pct": 21.5, "pax_md": 7426, "veh_md": 956, "riders_md": 103425, "share_md_pct": 32.0, "pax_pm": 6843, "veh_pm": 830, "riders_pm": 114854, "share_pm_pct": 29.5, "pax_ev": 3382, "veh_ev": 770, "riders_ev": 47030, "share_ev_pct": 14.6, "pax_night": 577, "veh_night": 88, "riders_night": 10640, "share_night_pct": 2.5 }, "geometry": { "type": "MultiLineString", "coordinates": [ [ [ -74.131908997624635, 40.607019679722406 ], [ -74.131895354118939, 40.606749239654803 ] ], [ [ -74.132082593808022, 40.608044480372641 ], [ -74.132042274631161, 40.60775597289765 ] ], [ [ -74.131237608918198, 40.601326638505711 ], [ -74.131168366596441, 40.600831970047309 ] ], [ [ -74.132104597400357, 40.608152923205274 ], [ -74.132082593808022, 40.608044480372641 ] ], [ [ -74.131248550283829, 40.601405260145469 ], [ -74.131237608918198, 40.601326638505711 ] ], [ [ -74.131773981914463, 40.605593495183911 ], [ -74.131568260556563, 40.603769505388598 ] ], [ [ -74.132311352082453, 40.610257647735629 ], [ -74.132150511859678, 40.608551963830045 ] ], [ [ -74.132042274631161, 40.60775597289765 ], [ -74.131946670863101, 40.607342255997587 ] ], [ [ -74.13208827719707, 40.613234012929105 ], [ -74.132286605299072, 40.612855574875361 ] ], [ [ -74.132286605299072, 40.612855574875361 ], [ -74.132305523688785, 40.612438431216276 ] ], [ [ -74.131405182532035, 40.602578300380593 ], [ -74.131248550283829, 40.601405260145469 ] ], [ [ -74.131890650789686, 40.606678023013046 ], [ -74.131773981914463, 40.605593495183911 ] ], [ [ -74.132150511859678, 40.608551963830045 ], [ -74.132117413416111, 40.608264348386967 ] ], [ [ -74.132117413416111, 40.608264348386967 ], [ -74.132104597400357, 40.608152923205274 ] ], [ [ -74.131568260556563, 40.603769505388598 ], [ -74.131405182532035, 40.602578300380593 ] ], [ [ -74.132305523688785, 40.612438431216276 ], [ -74.132311352082453, 40.610257647735629 ] ], [ [ -74.131946670863101, 40.607342255997587 ], [ -74.131908997624635, 40.607019679722406 ] ], [ [ -74.131895354118939, 40.606749239654803 ], [ -74.131890650789686, 40.606678023013046 ] ], [ [ -74.131168366596441, 40.600831970047309 ], [ -74.13109678383033, 40.600315266190961 ] ] ] } },
{ "type": "Feature", "properties": { "corridor_id": 204, "rank": 197, "name": "GRAND ARMY PLAZA (Brooklyn)", "street": "GRAND ARMY PLAZA", "borough": "Brooklyn", "n_blocks": 19, "n_routes": 2, "routes": [ "B41", "B69" ], "peak_period": "md", "hourly_pax": [ 331, 376, 220, 190, 217, 375, 438, 1169, 1703, 2126, 1342, 1228, 1978, 1115, 1730, 1029, 582, 437, 1264, 617, 691, 536, 331, 311 ], "miles": 0.52, "pax_delay_min": 26926, "veh_delay_min": 2500, "riders_20d": 39084, "bus_trips_20d": 3548, "rider_block_crossings": 742598, "bus_block_crossings": 67417, "min_per_bus": 0.73, "sec_per_rider": 44, "riders_per_delayed_bus_min": 10.8, "riders_per_bus": 11.0, "pax_delay_per_mile": 51960, "veh_delay_per_mile": 4825, "buses_per_day": 177, "riders_per_day": 1954, "share_of_city_delay_pct": 0.135, "cum_share_pct": 91.74, "pax_am": 5435, "veh_am": 418, "riders_am": 106034, "share_am_pct": 26.7, "pax_md": 7393, "veh_md": 518, "riders_md": 219041, "share_md_pct": 36.4, "pax_pm": 3312, "veh_pm": 227, "riders_pm": 161133, "share_pm_pct": 16.3, "pax_ev": 2486, "veh_ev": 319, "riders_ev": 70700, "share_ev_pct": 12.2, "pax_night": 1708, "veh_night": 232, "riders_night": 26467, "share_night_pct": 8.4 }, "geometry": { "type": "MultiLineString", "coordinates": [ [ [ -73.970356437710038, 40.6731379798087 ], [ -73.970002446313728, 40.672631150281347 ] ], [ [ -73.970644540117789, 40.674484053730033 ], [ -73.970662172654784, 40.674323135891406 ] ], [ [ -73.97078154283659, 40.674854659614574 ], [ -73.970644540117789, 40.674484053730033 ] ], [ [ -73.969663940786191, 40.67264236725503 ], [ -73.968980477191778, 40.67239044184209 ] ], [ [ -73.970002446313728, 40.672631150281347 ], [ -73.969663940786191, 40.67264236725503 ] ], [ [ -73.97052657437159, 40.674759419500774 ], [ -73.97078154283659, 40.674854659614574 ] ], [ [ -73.969563548749875, 40.673222250393955 ], [ -73.969441105759955, 40.67310050799145 ] ], [ [ -73.96969093035959, 40.674292688307091 ], [ -73.969602790503103, 40.674046802891944 ] ], [ [ -73.969202807876201, 40.672795157304954 ], [ -73.968980477191778, 40.67239044184209 ] ], [ [ -73.97025915146547, 40.674658453294384 ], [ -73.96969093035959, 40.674292688307091 ] ], [ [ -73.969441105759955, 40.67310050799145 ], [ -73.969255029684419, 40.672857614374571 ] ], [ [ -73.969255029684419, 40.672857614374571 ], [ -73.969202807876201, 40.672795157304954 ] ], [ [ -73.969602790503103, 40.674046802891944 ], [ -73.969563098722929, 40.673435803706958 ] ], [ [ -73.969563098722929, 40.673435803706958 ], [ -73.969563548749875, 40.673222250393955 ] ], [ [ -73.970436384915914, 40.67439240563138 ], [ -73.970476756820119, 40.67336420661718 ] ], [ [ -73.970492377214924, 40.674467753109489 ], [ -73.970662172654784, 40.674323135891406 ] ], [ [ -73.97052657437159, 40.674759419500774 ], [ -73.97025915146547, 40.674658453294384 ] ], [ [ -73.970662172654784, 40.674323135891406 ], [ -73.970476756820119, 40.67336420661718 ] ], [ [ -73.970476756820119, 40.67336420661718 ], [ -73.970356437710038, 40.6731379798087 ] ] ] } },
{ "type": "Feature", "properties": { "corridor_id": 43, "rank": 198, "name": "WEST MOSHOLU PARKWAY SOUTH (Bronx)", "street": "WEST MOSHOLU PARKWAY SOUTH", "borough": "Bronx", "n_blocks": 9, "n_routes": 5, "routes": [ "BX1", "BX10", "BX2", "BX28", "BX38" ], "peak_period": "md", "hourly_pax": [ 379, 77, 81, 15, 37, 150, 813, 1032, 1150, 1013, 1192, 1301, 1733, 1291, 1571, 1650, 1713, 1676, 1455, 827, 628, 663, 618, 669 ], "miles": 0.33, "pax_delay_min": 26874, "veh_delay_min": 7276, "riders_20d": 17559, "bus_trips_20d": 6442, "rider_block_crossings": 158033, "bus_block_crossings": 57975, "min_per_bus": 1.17, "sec_per_rider": 70, "riders_per_delayed_bus_min": 3.7, "riders_per_bus": 2.7, "pax_delay_per_mile": 80934, "veh_delay_per_mile": 21913, "buses_per_day": 322, "riders_per_day": 878, "share_of_city_delay_pct": 0.135, "cum_share_pct": 91.88, "pax_am": 4009, "veh_am": 1174, "riders_am": 24723, "share_am_pct": 18.4, "pax_md": 7088, "veh_md": 1656, "riders_md": 40113, "share_md_pct": 32.6, "pax_pm": 6494, "veh_pm": 1449, "riders_pm": 38426, "share_pm_pct": 29.9, "pax_ev": 3405, "veh_ev": 1312, "riders_ev": 19668, "share_ev_pct": 15.7, "pax_night": 740, "veh_night": 332, "riders_night": 5544, "share_night_pct": 3.4 }, "geometry": { "type": "MultiLineString", "coordinates": [ [ [ -73.885950717289745, 40.880507411531546 ], [ -73.887069627805943, 40.882476896105814 ] ], [ [ -73.885826804050637, 40.879907897185284 ], [ -73.885950717289745, 40.880507411531546 ] ], [ [ -73.885755407051491, 40.879313117903891 ], [ -73.885410680688011, 40.879101683507898 ] ], [ [ -73.885755407051491, 40.879313117903891 ], [ -73.885785684262331, 40.879616873309928 ] ], [ [ -73.885675180296204, 40.878872510397024 ], [ -73.885755407051491, 40.879313117903891 ] ], [ [ -73.887069627805943, 40.882476896105814 ], [ -73.88716505271033, 40.882576510817835 ] ], [ [ -73.885785684262331, 40.879616873309928 ], [ -73.885826804050637, 40.879907897185284 ] ], [ [ -73.885785684262331, 40.879616873309928 ], [ -73.885556190596645, 40.879393114397196 ] ], [ [ -73.885556190596645, 40.879393114397196 ], [ -73.885276831967929, 40.87921766858571 ] ] ] } },
{ "type": "Feature", "properties": { "corridor_id": 448, "rank": 199, "name": "CENTRAL AVENUE (Queens)", "street": "CENTRAL AVENUE", "borough": "Queens", "n_blocks": 16, "n_routes": 2, "routes": [ "Q113", "Q22" ], "peak_period": "md", "hourly_pax": [ 4, 1, 0, 0, 0, 157, 1113, 1173, 2377, 1665, 6818, 3590, 5744, 4577, 6526, 2923, 1924, 2175, 1595, 964, 1019, 469, 131, 15 ], "miles": 0.6, "pax_delay_min": 26422, "veh_delay_min": 6087, "riders_20d": 27737, "bus_trips_20d": 2195, "rider_block_crossings": 443788, "bus_block_crossings": 35128, "min_per_bus": 1.6, "sec_per_rider": 96, "riders_per_delayed_bus_min": 4.3, "riders_per_bus": 12.6, "pax_delay_per_mile": 43965, "veh_delay_per_mile": 10129, "buses_per_day": 110, "riders_per_day": 1387, "share_of_city_delay_pct": 0.132, "cum_share_pct": 92.01, "pax_am": 6328, "veh_am": 1300, "riders_am": 89519, "share_am_pct": 14.1, "pax_md": 27255, "veh_md": 1682, "riders_md": 143672, "share_md_pct": 60.6, "pax_pm": 8618, "veh_pm": 1214, "riders_pm": 113912, "share_pm_pct": 19.2, "pax_ev": 2598, "veh_ev": 1314, "riders_ev": 40802, "share_ev_pct": 5.8, "pax_night": 162, "veh_night": 53, "riders_night": 1919, "share_night_pct": 0.4 }, "geometry": { "type": "MultiLineString", "coordinates": [ [ [ -73.746161101503873, 40.609407057408681 ], [ -73.74684072629546, 40.609109122640334 ] ], [ [ -73.751075652921685, 40.605915276629041 ], [ -73.751188013047823, 40.60582178421739 ] ], [ [ -73.745140095451617, 40.609866965800656 ], [ -73.745599898921739, 40.609659693131739 ] ], [ [ -73.750147786652434, 40.606686625287836 ], [ -73.750344928174059, 40.60652323921154 ] ], [ [ -73.751837215416074, 40.60528490754001 ], [ -73.752588920129199, 40.604559372217622 ] ], [ [ -73.752588920129199, 40.604559372217622 ], [ -73.752849728648016, 40.604259896286301 ] ], [ [ -73.749591986784495, 40.607147240992695 ], [ -73.750147786652434, 40.606686625287836 ] ], [ [ -73.751188013047823, 40.60582178421739 ], [ -73.751837215416074, 40.60528490754001 ] ], [ [ -73.745599898921739, 40.609659693131739 ], [ -73.745907308463813, 40.609520296588826 ] ], [ [ -73.747637629692264, 40.608740074801858 ], [ -73.747671332981639, 40.608714033609786 ] ], [ [ -73.750344928174059, 40.60652323921154 ], [ -73.751075652921685, 40.605915276629041 ] ], [ [ -73.74684072629546, 40.609109122640334 ], [ -73.747637629692264, 40.608740074801858 ] ], [ [ -73.745907308463813, 40.609520296588826 ], [ -73.746161101503873, 40.609407057408681 ] ], [ [ -73.744566580512924, 40.610117452388202 ], [ -73.745140095451617, 40.609866965800656 ] ], [ [ -73.748690627350854, 40.607873924634568 ], [ -73.749591986784495, 40.607147240992695 ] ], [ [ -73.747671332981639, 40.608714033609786 ], [ -73.748690627350854, 40.607873924634568 ] ] ] } },
{ "type": "Feature", "properties": { "corridor_id": 382, "rank": 200, "name": "EAST 126 STREET (Manhattan)", "street": "EAST 126 STREET", "borough": "Manhattan", "n_blocks": 4, "n_routes": 3, "routes": [ "M15", "M15+", "M35" ], "peak_period": "am", "hourly_pax": [ 14, 2, 0, 0, 0, 28, 1271, 2025, 2715, 1724, 1160, 1552, 1516, 1585, 1311, 903, 711, 741, 781, 363, 321, 324, 124, 276 ], "miles": 0.36, "pax_delay_min": 26344, "veh_delay_min": 18971, "riders_20d": 5396, "bus_trips_20d": 3310, "rider_block_crossings": 21585, "bus_block_crossings": 13241, "min_per_bus": 6.5, "sec_per_rider": 390, "riders_per_delayed_bus_min": 1.4, "riders_per_bus": 1.6, "pax_delay_per_mile": 72722, "veh_delay_per_mile": 52369, "buses_per_day": 166, "riders_per_day": 270, "share_of_city_delay_pct": 0.132, "cum_share_pct": 92.14, "pax_am": 7736, "veh_am": 3807, "riders_am": 4710, "share_am_pct": 39.8, "pax_md": 7126, "veh_md": 3922, "riders_md": 4775, "share_md_pct": 36.6, "pax_pm": 3135, "veh_pm": 2955, "riders_pm": 3019, "share_pm_pct": 16.1, "pax_ev": 1408, "veh_ev": 2510, "riders_ev": 1784, "share_ev_pct": 7.2, "pax_night": 44, "veh_night": 769, "riders_night": 354, "share_night_pct": 0.2 }, "geometry": { "type": "MultiLineString", "coordinates": [ [ [ -73.933082082176213, 40.803425215081219 ], [ -73.932918601387982, 40.803356934749289 ] ], [ [ -73.9353180540419, 40.804367162524379 ], [ -73.933082082176213, 40.803425215081219 ] ], [ [ -73.936927745896696, 40.805046408213222 ], [ -73.9353180540419, 40.804367162524379 ] ], [ [ -73.932918601387982, 40.803356934749289 ], [ -73.930893592069879, 40.802489773486222 ] ] ] } },
{ "type": "Feature", "properties": { "corridor_id": 518, "rank": 201, "name": "SANFORD AVENUE (Queens)", "street": "SANFORD AVENUE", "borough": "Queens", "n_blocks": 3, "n_routes": 2, "routes": [ "Q58", "Q98" ], "peak_period": "pm", "hourly_pax": [ 68, 49, 53, 30, 131, 0, 235, 340, 259, 383, 1103, 1392, 1313, 1564, 1677, 1719, 2314, 2498, 2465, 977, 751, 496, 497, 247 ], "miles": 0.27, "pax_delay_min": 25980, "veh_delay_min": 4319, "riders_20d": 25369, "bus_trips_20d": 4543, "rider_block_crossings": 76108, "bus_block_crossings": 13628, "min_per_bus": 0.97, "sec_per_rider": 58, "riders_per_delayed_bus_min": 6.0, "riders_per_bus": 5.6, "pax_delay_per_mile": 97885, "veh_delay_per_mile": 16274, "buses_per_day": 227, "riders_per_day": 1268, "share_of_city_delay_pct": 0.13, "cum_share_pct": 92.27, "pax_am": 1217, "veh_am": 375, "riders_am": 7963, "share_am_pct": 5.9, "pax_md": 7049, "veh_md": 1192, "riders_md": 14980, "share_md_pct": 34.3, "pax_pm": 8997, "veh_pm": 1195, "riders_pm": 20316, "share_pm_pct": 43.8, "pax_ev": 2968, "veh_ev": 626, "riders_ev": 9456, "share_ev_pct": 14.4, "pax_night": 331, "veh_night": 70, "riders_night": 3512, "share_night_pct": 1.6 }, "geometry": { "type": "MultiLineString", "coordinates": [ [ [ -73.83310291348181, 40.754661422902011 ], [ -73.831416272451207, 40.755428558228424 ] ], [ [ -73.831416272451207, 40.755428558228424 ], [ -73.830747602791575, 40.755744448195166 ] ], [ [ -73.830747602791575, 40.755744448195166 ], [ -73.828791532026983, 40.756672645597092 ] ] ] } },
{ "type": "Feature", "properties": { "corridor_id": 270, "rank": 202, "name": "GLENWOOD ROAD (Brooklyn)", "street": "GLENWOOD ROAD", "borough": "Brooklyn", "n_blocks": 5, "n_routes": 2, "routes": [ "B11", "B6" ], "peak_period": "pm", "hourly_pax": [ 131, 87, 44, 56, 128, 305, 699, 1006, 1329, 1184, 512, 614, 1438, 1777, 1389, 2204, 2491, 2042, 2252, 755, 321, 228, 167, 194 ], "miles": 0.21, "pax_delay_min": 25491, "veh_delay_min": 3755, "riders_20d": 81937, "bus_trips_20d": 11477, "rider_block_crossings": 409683, "bus_block_crossings": 57386, "min_per_bus": 0.31, "sec_per_rider": 18, "riders_per_delayed_bus_min": 6.8, "riders_per_bus": 7.1, "pax_delay_per_mile": 123156, "veh_delay_per_mile": 18143, "buses_per_day": 574, "riders_per_day": 4097, "share_of_city_delay_pct": 0.128, "cum_share_pct": 92.4, "pax_am": 4218, "veh_am": 439, "riders_am": 89646, "share_am_pct": 19.8, "pax_md": 5731, "veh_md": 692, "riders_md": 92798, "share_md_pct": 26.8, "pax_pm": 8989, "veh_pm": 1201, "riders_pm": 80430, "share_pm_pct": 42.1, "pax_ev": 1664, "veh_ev": 429, "riders_ev": 40083, "share_ev_pct": 7.8, "pax_night": 751, "veh_night": 223, "riders_night": 13764, "share_night_pct": 3.5 }, "geometry": { "type": "MultiLineString", "coordinates": [ [ [ -73.952973813379572, 40.633427931753829 ], [ -73.952010332028863, 40.633530264508089 ] ], [ [ -73.950834286054132, 40.633659667507615 ], [ -73.95022845328775, 40.63402601726429 ] ], [ [ -73.952010332028863, 40.633530264508089 ], [ -73.951058501869255, 40.633635107277158 ] ], [ [ -73.95022845328775, 40.63402601726429 ], [ -73.949449782041142, 40.634507482331315 ] ], [ [ -73.951058501869255, 40.633635107277158 ], [ -73.950834286054132, 40.633659667507615 ] ] ] } },
{ "type": "Feature", "properties": { "corridor_id": 111, "rank": 203, "name": "RICHMOND TERRACE (Staten Island)", "street": "RICHMOND TERRACE", "borough": "Staten Island", "n_blocks": 9, "n_routes": 6, "routes": [ "S40", "S53", "S57", "S59", "S66", "S90" ], "peak_period": "pm", "hourly_pax": [ 382, 249, 290, 305, 345, 997, 1027, 1026, 861, 645, 582, 594, 872, 662, 991, 1240, 2259, 1963, 1488, 796, 540, 314, 384, 432 ], "miles": 0.43, "pax_delay_min": 25307, "veh_delay_min": 3236, "riders_20d": 34069, "bus_trips_20d": 3640, "rider_block_crossings": 306618, "bus_block_crossings": 32764, "min_per_bus": 0.87, "sec_per_rider": 52, "riders_per_delayed_bus_min": 7.8, "riders_per_bus": 9.4, "pax_delay_per_mile": 58740, "veh_delay_per_mile": 7510, "buses_per_day": 182, "riders_per_day": 1703, "share_of_city_delay_pct": 0.127, "cum_share_pct": 92.53, "pax_am": 3558, "veh_am": 527, "riders_am": 56609, "share_am_pct": 18.5, "pax_md": 3700, "veh_md": 451, "riders_md": 34943, "share_md_pct": 19.2, "pax_pm": 6951, "veh_pm": 729, "riders_pm": 59307, "share_pm_pct": 36.1, "pax_ev": 2467, "veh_ev": 363, "riders_ev": 40634, "share_ev_pct": 12.8, "pax_night": 2568, "veh_night": 253, "riders_night": 39644, "share_night_pct": 13.3 }, "geometry": { "type": "MultiLineString", "coordinates": [ [ [ -74.132308098232116, 40.640346226161064 ], [ -74.133650865887248, 40.640304186085594 ] ], [ [ -74.129284882129454, 40.638841565121687 ], [ -74.129492222548294, 40.639182461930638 ] ], [ [ -74.13150881794985, 40.640392949698224 ], [ -74.131902664040354, 40.64035153702855 ] ], [ [ -74.129492222548294, 40.639182461930638 ], [ -74.130407653712339, 40.640021680966186 ] ], [ [ -74.133650865887248, 40.640304186085594 ], [ -74.134487182477727, 40.640285444016598 ] ], [ [ -74.131902664040354, 40.64035153702855 ], [ -74.132308098232116, 40.640346226161064 ] ], [ [ -74.128670473058961, 40.63734826472453 ], [ -74.129284882129454, 40.638841565121687 ] ], [ [ -74.130407653712339, 40.640021680966186 ], [ -74.131090586231196, 40.640356291886349 ] ], [ [ -74.131090586231196, 40.640356291886349 ], [ -74.13150881794985, 40.640392949698224 ] ] ] } },
{ "type": "Feature", "properties": { "corridor_id": 239, "rank": 204, "name": "FILLMORE AVENUE (Brooklyn)", "street": "FILLMORE AVENUE", "borough": "Brooklyn", "n_blocks": 10, "n_routes": 1, "routes": [ "B100" ], "peak_period": "pm", "hourly_pax": [ 154, 80, 0, 0, 0, 73, 749, 1784, 1788, 953, 1422, 1298, 1037, 1042, 1588, 1791, 1741, 2352, 2464, 1015, 723, 594, 583, 245 ], "miles": 0.47, "pax_delay_min": 25206, "veh_delay_min": 3382, "riders_20d": 22121, "bus_trips_20d": 3059, "rider_block_crossings": 221206, "bus_block_crossings": 30589, "min_per_bus": 1.06, "sec_per_rider": 64, "riders_per_delayed_bus_min": 7.5, "riders_per_bus": 7.2, "pax_delay_per_mile": 54080, "veh_delay_per_mile": 7256, "buses_per_day": 153, "riders_per_day": 1106, "share_of_city_delay_pct": 0.126, "cum_share_pct": 92.65, "pax_am": 5274, "veh_am": 751, "riders_am": 48166, "share_am_pct": 22.5, "pax_md": 6386, "veh_md": 642, "riders_md": 52271, "share_md_pct": 27.2, "pax_pm": 8347, "veh_pm": 1074, "riders_pm": 64519, "share_pm_pct": 35.6, "pax_ev": 3160, "veh_ev": 575, "riders_ev": 26325, "share_ev_pct": 13.5, "pax_night": 307, "veh_night": 57, "riders_night": 2405, "share_night_pct": 1.3 }, "geometry": { "type": "MultiLineString", "coordinates": [ [ [ -73.921593701435143, 40.614778183802898 ], [ -73.920624002994487, 40.614838681641174 ] ], [ [ -73.926400446131055, 40.614478535101398 ], [ -73.925395458179977, 40.614540563517359 ] ], [ [ -73.924466513985195, 40.614599417614706 ], [ -73.923497863720172, 40.614658157638935 ] ], [ [ -73.922529303631364, 40.614719032972133 ], [ -73.921593701435143, 40.614778183802898 ] ], [ [ -73.919654742572277, 40.614897983110161 ], [ -73.918933484489486, 40.614967780236761 ] ], [ [ -73.920624002994487, 40.614838681641174 ], [ -73.919654742572277, 40.614897983110161 ] ], [ [ -73.92739946224934, 40.614418753917356 ], [ -73.926400446131055, 40.614478535101398 ] ], [ [ -73.923497863720172, 40.614658157638935 ], [ -73.922529303631364, 40.614719032972133 ] ], [ [ -73.927761300336741, 40.614373424606349 ], [ -73.92739946224934, 40.614418753917356 ] ], [ [ -73.925395458179977, 40.614540563517359 ], [ -73.924466513985195, 40.614599417614706 ] ] ] } },
{ "type": "Feature", "properties": { "corridor_id": 291, "rank": 205, "name": "BEARD STREET (Brooklyn)", "street": "BEARD STREET", "borough": "Brooklyn", "n_blocks": 5, "n_routes": 2, "routes": [ "B57", "B61" ], "peak_period": "md", "hourly_pax": [ 474, 196, 1, 0, 8, 346, 893, 850, 1124, 1339, 1734, 964, 1080, 1199, 1657, 1254, 1439, 1094, 1271, 727, 217, 225, 425, 564 ], "miles": 0.31, "pax_delay_min": 25059, "veh_delay_min": 5730, "riders_20d": 8484, "bus_trips_20d": 2910, "rider_block_crossings": 42422, "bus_block_crossings": 14548, "min_per_bus": 1.25, "sec_per_rider": 75, "riders_per_delayed_bus_min": 4.4, "riders_per_bus": 2.9, "pax_delay_per_mile": 80902, "veh_delay_per_mile": 18499, "buses_per_day": 145, "riders_per_day": 424, "share_of_city_delay_pct": 0.126, "cum_share_pct": 92.78, "pax_am": 4206, "veh_am": 1239, "riders_am": 4732, "share_am_pct": 22.0, "pax_md": 6634, "veh_md": 1019, "riders_md": 10936, "share_md_pct": 34.8, "pax_pm": 5059, "veh_pm": 1272, "riders_pm": 9300, "share_pm_pct": 26.5, "pax_ev": 2157, "veh_ev": 670, "riders_ev": 4264, "share_ev_pct": 11.3, "pax_night": 1025, "veh_night": 310, "riders_night": 2553, "share_night_pct": 5.4 }, "geometry": { "type": "MultiLineString", "coordinates": [ [ [ -74.013855060751268, 40.674128073036563 ], [ -74.015424863526462, 40.675199009163016 ] ], [ [ -74.012441154648982, 40.67314874337216 ], [ -74.01280073585032, 40.673410290922106 ] ], [ [ -74.01280073585032, 40.673410290922106 ], [ -74.013855060751268, 40.674128073036563 ] ], [ [ -74.011006371215203, 40.672227978875178 ], [ -74.011733291692906, 40.672694482153219 ] ], [ [ -74.011733291692906, 40.672694482153219 ], [ -74.012441154648982, 40.67314874337216 ] ] ] } },
{ "type": "Feature", "properties": { "corridor_id": 214, "rank": 206, "name": "HEGEMAN AVENUE (Brooklyn)", "street": "HEGEMAN AVENUE", "borough": "Brooklyn", "n_blocks": 12, "n_routes": 3, "routes": [ "B15", "B35", "B8" ], "peak_period": "md", "hourly_pax": [ 710, 443, 302, 340, 510, 774, 1391, 3692, 4168, 2736, 2762, 2380, 3159, 2102, 2184, 693, 707, 1075, 1080, 812, 784, 667, 772, 877 ], "miles": 0.47, "pax_delay_min": 24813, "veh_delay_min": 12690, "riders_20d": 84196, "bus_trips_20d": 10330, "rider_block_crossings": 1010350, "bus_block_crossings": 123955, "min_per_bus": 2.55, "sec_per_rider": 153, "riders_per_delayed_bus_min": 2.0, "riders_per_bus": 8.2, "pax_delay_per_mile": 52654, "veh_delay_per_mile": 26928, "buses_per_day": 516, "riders_per_day": 4210, "share_of_city_delay_pct": 0.124, "cum_share_pct": 92.9, "pax_am": 11986, "veh_am": 2414, "riders_am": 170336, "share_am_pct": 34.1, "pax_md": 12586, "veh_md": 2887, "riders_md": 226348, "share_md_pct": 35.8, "pax_pm": 3556, "veh_pm": 2396, "riders_pm": 170957, "share_pm_pct": 10.1, "pax_ev": 3912, "veh_ev": 2672, "riders_ev": 111147, "share_ev_pct": 11.1, "pax_night": 3079, "veh_night": 873, "riders_night": 73720, "share_night_pct": 8.8 }, "geometry": { "type": "MultiLineString", "coordinates": [ [ [ -73.912364588794091, 40.655513564878746 ], [ -73.911995383998701, 40.655561559593522 ] ], [ [ -73.911995383998701, 40.655561559593522 ], [ -73.911083235701611, 40.655702392239213 ] ], [ [ -73.907307233810386, 40.656273068043447 ], [ -73.90636905456148, 40.656412203143525 ] ], [ [ -73.909177289900398, 40.655994858843691 ], [ -73.908244783262973, 40.656133032735241 ] ], [ [ -73.904529917389553, 40.656684115590267 ], [ -73.90356428894971, 40.656826339022302 ] ], [ [ -73.90636905456148, 40.656412203143525 ], [ -73.90545064879808, 40.656546844855662 ] ], [ [ -73.911083235701611, 40.655702392239213 ], [ -73.910122556963572, 40.655851771184501 ] ], [ [ -73.907737672734797, 40.656208774488199 ], [ -73.907307233810386, 40.656273068043447 ] ], [ [ -73.910122556963572, 40.655851771184501 ], [ -73.909177289900398, 40.655994858843691 ] ], [ [ -73.908244783262973, 40.656133032735241 ], [ -73.907737672734797, 40.656208774488199 ] ], [ [ -73.90545064879808, 40.656546844855662 ], [ -73.904997851820497, 40.656614352977115 ] ], [ [ -73.904997851820497, 40.656614352977115 ], [ -73.904529917389553, 40.656684115590267 ] ] ] } },
{ "type": "Feature", "properties": { "corridor_id": 142, "rank": 207, "name": "WEST BURNSIDE AVENUE (Bronx)", "street": "WEST BURNSIDE AVENUE", "borough": "Bronx", "n_blocks": 4, "n_routes": 2, "routes": [ "BX40", "BX42" ], "peak_period": "pm", "hourly_pax": [ 151, 79, 30, 75, 91, 310, 613, 916, 1267, 1174, 1335, 1181, 1217, 1296, 1375, 1851, 1698, 1657, 1568, 394, 327, 345, 286, 272 ], "miles": 0.22, "pax_delay_min": 24695, "veh_delay_min": 3969, "riders_20d": 27243, "bus_trips_20d": 4560, "rider_block_crossings": 108973, "bus_block_crossings": 18239, "min_per_bus": 0.88, "sec_per_rider": 53, "riders_per_delayed_bus_min": 6.2, "riders_per_bus": 6.0, "pax_delay_per_mile": 109982, "veh_delay_per_mile": 17677, "buses_per_day": 228, "riders_per_day": 1362, "share_of_city_delay_pct": 0.124, "cum_share_pct": 93.02, "pax_am": 3970, "veh_am": 625, "riders_am": 21517, "share_am_pct": 20.3, "pax_md": 6406, "veh_md": 897, "riders_md": 24619, "share_md_pct": 32.8, "pax_pm": 6775, "veh_pm": 762, "riders_pm": 26581, "share_pm_pct": 34.7, "pax_ev": 1624, "veh_ev": 499, "riders_ev": 8593, "share_ev_pct": 8.3, "pax_night": 736, "veh_night": 217, "riders_night": 4836, "share_night_pct": 3.8 }, "geometry": { "type": "MultiLineString", "coordinates": [ [ [ -73.907332897184375, 40.85381641447583 ], [ -73.908500219024248, 40.853817003674898 ] ], [ [ -73.908500219024248, 40.853817003674898 ], [ -73.909429575942255, 40.853959438402988 ] ], [ [ -73.910072753409494, 40.854469502922612 ], [ -73.911195806520695, 40.854822293795607 ] ], [ [ -73.909429575942255, 40.853959438402988 ], [ -73.910072753409494, 40.854469502922612 ] ] ] } },
{ "type": "Feature", "properties": { "corridor_id": 526, "rank": 208, "name": "JEWEL AVENUE (Queens)", "street": "JEWEL AVENUE", "borough": "Queens", "n_blocks": 9, "n_routes": 4, "routes": [ "Q64", "Q74", "QM4", "QM44" ], "peak_period": "am", "hourly_pax": [ 159, 111, 96, 70, 196, 468, 1528, 1189, 2396, 2289, 1062, 928, 1059, 968, 776, 1029, 1373, 1866, 2270, 1201, 822, 666, 571, 436 ], "miles": 0.46, "pax_delay_min": 24583, "veh_delay_min": 4151, "riders_20d": 46888, "bus_trips_20d": 8097, "rider_block_crossings": 421994, "bus_block_crossings": 72871, "min_per_bus": 0.5, "sec_per_rider": 30, "riders_per_delayed_bus_min": 5.9, "riders_per_bus": 5.8, "pax_delay_per_mile": 53436, "veh_delay_per_mile": 9024, "buses_per_day": 405, "riders_per_day": 2344, "share_of_city_delay_pct": 0.123, "cum_share_pct": 93.15, "pax_am": 7402, "veh_am": 821, "riders_am": 115521, "share_am_pct": 31.5, "pax_md": 4794, "veh_md": 978, "riders_md": 66143, "share_md_pct": 20.4, "pax_pm": 6537, "veh_pm": 822, "riders_pm": 105638, "share_pm_pct": 27.8, "pax_ev": 3696, "veh_ev": 881, "riders_ev": 47525, "share_ev_pct": 15.7, "pax_night": 1099, "veh_night": 272, "riders_night": 18400, "share_night_pct": 4.7 }, "geometry": { "type": "MultiLineString", "coordinates": [ [ [ -73.823901835158765, 40.729892198972927 ], [ -73.823530381988832, 40.730000988453504 ] ], [ [ -73.827545603245497, 40.728864171223591 ], [ -73.825505779261178, 40.729445178406223 ] ], [ [ -73.824881392126841, 40.729606862292727 ], [ -73.823901835158765, 40.729892198972927 ] ], [ [ -73.828523629404856, 40.72855926927658 ], [ -73.827545603245497, 40.728864171223591 ] ], [ [ -73.830348193311949, 40.727967040547249 ], [ -73.829400088649308, 40.728284501146156 ] ], [ [ -73.823530381988832, 40.730000988453504 ], [ -73.823467548660076, 40.730018695486407 ] ], [ [ -73.831704659251102, 40.728040332339518 ], [ -73.830348193311949, 40.727967040547249 ] ], [ [ -73.829400088649308, 40.728284501146156 ], [ -73.828523629404856, 40.72855926927658 ] ], [ [ -73.825505779261178, 40.729445178406223 ], [ -73.824881392126841, 40.729606862292727 ] ] ] } },
{ "type": "Feature", "properties": { "corridor_id": 474, "rank": 209, "name": "PARK LANE SOUTH (Queens)", "street": "PARK LANE SOUTH", "borough": "Queens", "n_blocks": 9, "n_routes": 1, "routes": [ "Q37" ], "peak_period": "pm", "hourly_pax": [ 103, 65, 8, 0, 0, 96, 472, 1699, 2412, 962, 1545, 1118, 1280, 1592, 2064, 1993, 4637, 5549, 4306, 1995, 560, 239, 199, 226 ], "miles": 0.48, "pax_delay_min": 23791, "veh_delay_min": 1375, "riders_20d": 56934, "bus_trips_20d": 3182, "rider_block_crossings": 512402, "bus_block_crossings": 28639, "min_per_bus": 0.4, "sec_per_rider": 24, "riders_per_delayed_bus_min": 17.3, "riders_per_bus": 17.9, "pax_delay_per_mile": 49374, "veh_delay_per_mile": 2853, "buses_per_day": 159, "riders_per_day": 2847, "share_of_city_delay_pct": 0.119, "cum_share_pct": 93.27, "pax_am": 5544, "veh_am": 312, "riders_am": 118797, "share_am_pct": 16.7, "pax_md": 7599, "veh_md": 302, "riders_md": 124093, "share_md_pct": 22.9, "pax_pm": 16485, "veh_pm": 843, "riders_pm": 113686, "share_pm_pct": 49.8, "pax_ev": 3219, "veh_ev": 270, "riders_ev": 48982, "share_ev_pct": 9.7, "pax_night": 272, "veh_night": 24, "riders_night": 15898, "share_night_pct": 0.8 }, "geometry": { "type": "MultiLineString", "coordinates": [ [ [ -73.83631179457592, 40.708837256014498 ], [ -73.834812306892204, 40.709643351026266 ] ], [ [ -73.837843158918815, 40.706951924707461 ], [ -73.837147029767294, 40.707957045647042 ] ], [ [ -73.837330956395803, 40.704854976020968 ], [ -73.837845951495524, 40.705629540417853 ] ], [ [ -73.837147029767294, 40.707957045647042 ], [ -73.83631179457592, 40.708837256014498 ] ], [ [ -73.836962377973606, 40.704212451841279 ], [ -73.837330956395803, 40.704854976020968 ] ], [ [ -73.837845951495524, 40.705629540417853 ], [ -73.83806860485015, 40.705957404447659 ] ], [ [ -73.83806860485015, 40.705957404447659 ], [ -73.8380813793827, 40.706562042861655 ] ], [ [ -73.8380813793827, 40.706562042861655 ], [ -73.837843158918815, 40.706951924707461 ] ], [ [ -73.834812306892204, 40.709643351026266 ], [ -73.834410305823553, 40.709846428096803 ] ] ] } },
{ "type": "Feature", "properties": { "corridor_id": 35, "rank": 210, "name": "EAST FORDHAM ROAD (Bronx)", "street": "EAST FORDHAM ROAD", "borough": "Bronx", "n_blocks": 5, "n_routes": 5, "routes": [ "BX12", "BX12+", "BX17", "BX22", "BX9" ], "peak_period": "pm", "hourly_pax": [ 364, 214, 70, 53, 81, 107, 453, 935, 785, 1124, 1333, 680, 986, 493, 572, 1396, 1869, 3030, 910, 376, 490, 708, 598, 578 ], "miles": 0.21, "pax_delay_min": 23629, "veh_delay_min": 2964, "riders_20d": 99980, "bus_trips_20d": 11357, "rider_block_crossings": 499901, "bus_block_crossings": 56786, "min_per_bus": 0.26, "sec_per_rider": 15, "riders_per_delayed_bus_min": 8.0, "riders_per_bus": 8.8, "pax_delay_per_mile": 112529, "veh_delay_per_mile": 14114, "buses_per_day": 568, "riders_per_day": 4999, "share_of_city_delay_pct": 0.118, "cum_share_pct": 93.39, "pax_am": 3297, "veh_am": 350, "riders_am": 84366, "share_am_pct": 18.1, "pax_md": 4064, "veh_md": 252, "riders_md": 105305, "share_md_pct": 22.3, "pax_pm": 7205, "veh_pm": 888, "riders_pm": 111513, "share_pm_pct": 39.6, "pax_ev": 2750, "veh_ev": 351, "riders_ev": 64134, "share_ev_pct": 15.1, "pax_night": 890, "veh_night": 129, "riders_night": 11484, "share_night_pct": 4.9 }, "geometry": { "type": "MultiLineString", "coordinates": [ [ [ -73.883610938603127, 40.857916137012978 ], [ -73.882734680290596, 40.85767988868826 ] ], [ [ -73.88081235507228, 40.856843379150554 ], [ -73.880729541071247, 40.856807274548729 ] ], [ [ -73.884319967257397, 40.858135660556421 ], [ -73.883610938603127, 40.857916137012978 ] ], [ [ -73.881898127387316, 40.857347717324309 ], [ -73.88081235507228, 40.856843379150554 ] ], [ [ -73.882734680290596, 40.85767988868826 ], [ -73.881898127387316, 40.857347717324309 ] ] ] } },
{ "type": "Feature", "properties": { "corridor_id": 110, "rank": 211, "name": "EAST 174 STREET (Bronx)", "street": "EAST 174 STREET", "borough": "Bronx", "n_blocks": 11, "n_routes": 1, "routes": [ "BX11" ], "peak_period": "pm", "hourly_pax": [ 179, 178, 135, 40, 63, 47, 151, 864, 1079, 1331, 1083, 1179, 1286, 1214, 1388, 1625, 2069, 3052, 1672, 797, 497, 364, 270, 64 ], "miles": 0.34, "pax_delay_min": 23530, "veh_delay_min": 3603, "riders_20d": 29221, "bus_trips_20d": 4321, "rider_block_crossings": 321426, "bus_block_crossings": 47529, "min_per_bus": 1.06, "sec_per_rider": 63, "riders_per_delayed_bus_min": 6.5, "riders_per_bus": 6.8, "pax_delay_per_mile": 69445, "veh_delay_per_mile": 10633, "buses_per_day": 216, "riders_per_day": 1461, "share_of_city_delay_pct": 0.118, "cum_share_pct": 93.5, "pax_am": 3425, "veh_am": 489, "riders_am": 66650, "share_am_pct": 16.6, "pax_md": 6150, "veh_md": 886, "riders_md": 73787, "share_md_pct": 29.8, "pax_pm": 8419, "veh_pm": 1050, "riders_pm": 73489, "share_pm_pct": 40.8, "pax_ev": 1992, "veh_ev": 481, "riders_ev": 27746, "share_ev_pct": 9.7, "pax_night": 642, "veh_night": 159, "riders_night": 11500, "share_night_pct": 3.1 }, "geometry": { "type": "MultiLineString", "coordinates": [ [ [ -73.882010636200334, 40.835340644681118 ], [ -73.881912802209271, 40.835308867812557 ] ], [ [ -73.885107182737997, 40.83647522739922 ], [ -73.884249209442615, 40.836178448835405 ] ], [ [ -73.884249209442615, 40.836178448835405 ], [ -73.883395709058547, 40.835884127103007 ] ], [ [ -73.885964184347969, 40.836769458640049 ], [ -73.885107182737997, 40.83647522739922 ] ], [ [ -73.886818866963722, 40.837065356587765 ], [ -73.885964184347969, 40.836769458640049 ] ], [ [ -73.882244706453903, 40.835422372255231 ], [ -73.882088778883897, 40.835369068705489 ] ], [ [ -73.883395709058547, 40.835884127103007 ], [ -73.883349126193806, 40.83582929387255 ] ], [ [ -73.882088778883897, 40.835369068705489 ], [ -73.882010636200334, 40.835340644681118 ] ], [ [ -73.887765063051688, 40.837369982014309 ], [ -73.886818866963722, 40.837065356587765 ] ], [ [ -73.883349126193806, 40.83582929387255 ], [ -73.882517856405428, 40.835523015659724 ] ], [ [ -73.882517856405428, 40.835523015659724 ], [ -73.882244706453903, 40.835422372255231 ] ] ] } },
{ "type": "Feature", "properties": { "corridor_id": 358, "rank": 212, "name": "BROADWAY (Manhattan)", "street": "BROADWAY", "borough": "Manhattan", "n_blocks": 16, "n_routes": 3, "routes": [ "M11", "M4", "M5" ], "peak_period": "md", "hourly_pax": [ 90, 27, 8, 0, 0, 13, 45, 523, 937, 586, 3251, 1803, 403, 730, 1705, 1442, 1634, 1426, 1729, 589, 789, 607, 630, 184 ], "miles": 0.4, "pax_delay_min": 23523, "veh_delay_min": 2687, "riders_20d": 17879, "bus_trips_20d": 1907, "rider_block_crossings": 286066, "bus_block_crossings": 30509, "min_per_bus": 0.99, "sec_per_rider": 59, "riders_per_delayed_bus_min": 8.8, "riders_per_bus": 9.4, "pax_delay_per_mile": 58634, "veh_delay_per_mile": 6698, "buses_per_day": 95, "riders_per_day": 894, "share_of_city_delay_pct": 0.118, "cum_share_pct": 93.62, "pax_am": 2091, "veh_am": 307, "riders_am": 29766, "share_am_pct": 10.9, "pax_md": 7891, "veh_md": 717, "riders_md": 78554, "share_md_pct": 41.2, "pax_pm": 6231, "veh_pm": 630, "riders_pm": 67816, "share_pm_pct": 32.5, "pax_ev": 2798, "veh_ev": 498, "riders_ev": 32743, "share_ev_pct": 14.6, "pax_night": 138, "veh_night": 53, "riders_night": 2273, "share_night_pct": 0.7 }, "geometry": { "type": "MultiLineString", "coordinates": [ [ [ -73.956375481353234, 40.818131029039776 ], [ -73.955906490262691, 40.81875202233126 ] ], [ [ -73.955262861518236, 40.819634931633416 ], [ -73.95496225648094, 40.820050380382327 ] ], [ [ -73.957718331598741, 40.81627735277366 ], [ -73.957273907366897, 40.816889409457367 ] ], [ [ -73.95496225648094, 40.820050380382327 ], [ -73.954484381086601, 40.82072679875882 ] ], [ [ -73.954484381086601, 40.82072679875882 ], [ -73.954429471512213, 40.820801707329785 ] ], [ [ -73.956828087676627, 40.817502517545108 ], [ -73.956375481353234, 40.818131029039776 ] ], [ [ -73.957146362749171, 40.817064813951205 ], [ -73.956828087676627, 40.817502517545108 ] ], [ [ -73.957273907366897, 40.816889409457367 ], [ -73.957245020734732, 40.816929135157629 ] ], [ [ -73.957245020734732, 40.816929135157629 ], [ -73.957171479825192, 40.81703027165215 ] ], [ [ -73.957171479825192, 40.81703027165215 ], [ -73.957146362749171, 40.817064813951205 ] ], [ [ -73.955450084673245, 40.819376836971195 ], [ -73.955262861518236, 40.819634931633416 ] ], [ [ -73.95811290413782, 40.81570588380891 ], [ -73.957924801311094, 40.81597831911926 ] ], [ [ -73.957924801311094, 40.81597831911926 ], [ -73.957753908023989, 40.816225827105157 ] ], [ [ -73.957753908023989, 40.816225827105157 ], [ -73.957718331598741, 40.81627735277366 ] ], [ [ -73.955906490262691, 40.81875202233126 ], [ -73.955833679689775, 40.818851699679335 ] ], [ [ -73.955833679689775, 40.818851699679335 ], [ -73.955450084673245, 40.819376836971195 ] ] ] } },
{ "type": "Feature", "properties": { "corridor_id": 194, "rank": 213, "name": "SHEEPSHEAD BAY ROAD (Brooklyn)", "street": "SHEEPSHEAD BAY ROAD", "borough": "Brooklyn", "n_blocks": 8, "n_routes": 2, "routes": [ "B4", "B49" ], "peak_period": "md", "hourly_pax": [ 46, 34, 8, 1, 29, 90, 420, 1137, 1819, 1733, 1483, 1586, 1229, 1944, 1771, 1070, 1247, 1294, 1098, 319, 238, 167, 143, 92 ], "miles": 0.31, "pax_delay_min": 23352, "veh_delay_min": 5362, "riders_20d": 17669, "bus_trips_20d": 4222, "rider_block_crossings": 141350, "bus_block_crossings": 33775, "min_per_bus": 1.55, "sec_per_rider": 93, "riders_per_delayed_bus_min": 4.4, "riders_per_bus": 4.2, "pax_delay_per_mile": 76114, "veh_delay_per_mile": 17476, "buses_per_day": 211, "riders_per_day": 883, "share_of_city_delay_pct": 0.117, "cum_share_pct": 93.74, "pax_am": 5108, "veh_am": 719, "riders_am": 31724, "share_am_pct": 26.9, "pax_md": 8013, "veh_md": 1406, "riders_md": 37062, "share_md_pct": 42.2, "pax_pm": 4709, "veh_pm": 1025, "riders_pm": 29556, "share_pm_pct": 24.8, "pax_ev": 958, "veh_ev": 775, "riders_ev": 6831, "share_ev_pct": 5.0, "pax_night": 208, "veh_night": 140, "riders_night": 3824, "share_night_pct": 1.1 }, "geometry": { "type": "MultiLineString", "coordinates": [ [ [ -73.95325195685794, 40.587195077132705 ], [ -73.952782201573669, 40.587072377432712 ] ], [ [ -73.952782201573669, 40.587072377432712 ], [ -73.951889182640528, 40.585935997059046 ] ], [ [ -73.950885235460831, 40.584324071414819 ], [ -73.950385300132567, 40.583449725786345 ] ], [ [ -73.951021897286736, 40.584557027301337 ], [ -73.950885235460831, 40.584324071414819 ] ], [ [ -73.951099580195816, 40.584689410623305 ], [ -73.951065144224003, 40.584631176791248 ] ], [ [ -73.951238656901936, 40.584924632830628 ], [ -73.951099580195816, 40.584689410623305 ] ], [ [ -73.951889182640528, 40.585935997059046 ], [ -73.951238656901936, 40.584924632830628 ] ], [ [ -73.951065144224003, 40.584631176791248 ], [ -73.951021897286736, 40.584557027301337 ] ] ] } },
{ "type": "Feature", "properties": { "corridor_id": 561, "rank": 214, "name": "97 STREET (Queens)", "street": "97 STREET", "borough": "Queens", "n_blocks": 4, "n_routes": 1, "routes": [ "Q72" ], "peak_period": "am", "hourly_pax": [ 1, 4, 0, 0, 0, 4, 2030, 5278, 3430, 3188, 1423, 1668, 162, 611, 1180, 201, 1038, 296, 280, 26, 23, 47, 21, 4 ], "miles": 0.28, "pax_delay_min": 23314, "veh_delay_min": 11837, "riders_20d": 1816, "bus_trips_20d": 936, "rider_block_crossings": 7265, "bus_block_crossings": 3745, "min_per_bus": 9.34, "sec_per_rider": 560, "riders_per_delayed_bus_min": 2.0, "riders_per_bus": 1.9, "pax_delay_per_mile": 81887, "veh_delay_per_mile": 41577, "buses_per_day": 47, "riders_per_day": 91, "share_of_city_delay_pct": 0.117, "cum_share_pct": 93.85, "pax_am": 13926, "veh_am": 2732, "riders_am": 4034, "share_am_pct": 66.6, "pax_md": 5045, "veh_md": 1727, "riders_md": 2013, "share_md_pct": 24.1, "pax_pm": 1815, "veh_pm": 1724, "riders_pm": 647, "share_pm_pct": 8.7, "pax_ev": 122, "veh_ev": 1697, "riders_ev": 61, "share_ev_pct": 0.6, "pax_night": 10, "veh_night": 252, "riders_night": 16, "share_night_pct": 0.0 }, "geometry": { "type": "MultiLineString", "coordinates": [ [ [ -73.860830295092981, 40.730912654804051 ], [ -73.860599945928769, 40.730437492842107 ] ], [ [ -73.86259399616398, 40.734273843842423 ], [ -73.861642352816347, 40.732471537332486 ] ], [ [ -73.861642352816347, 40.732471537332486 ], [ -73.861170939224451, 40.731506741891749 ] ], [ [ -73.861170939224451, 40.731506741891749 ], [ -73.860830295092981, 40.730912654804051 ] ] ] } },
{ "type": "Feature", "properties": { "corridor_id": 396, "rank": 215, "name": "MADISON AVENUE (Manhattan)", "street": "MADISON AVENUE", "borough": "Manhattan", "n_blocks": 8, "n_routes": 14, "routes": [ "BXM10", "BXM11", "BXM18", "BXM3", "BXM4", "BXM6", "BXM7", "BXM8", "BXM9", "M1", "M2", "M3", "M4", "M72" ], "peak_period": "pm", "hourly_pax": [ 278, 0, 0, 0, 0, 30, 261, 115, 459, 990, 2829, 1442, 937, 706, 922, 1139, 1838, 1695, 2251, 1401, 419, 427, 786, 373 ], "miles": 0.41, "pax_delay_min": 23192, "veh_delay_min": 2058, "riders_20d": 117655, "bus_trips_20d": 11677, "rider_block_crossings": 941238, "bus_block_crossings": 93419, "min_per_bus": 0.23, "sec_per_rider": 14, "riders_per_delayed_bus_min": 11.3, "riders_per_bus": 10.1, "pax_delay_per_mile": 57228, "veh_delay_per_mile": 5079, "buses_per_day": 584, "riders_per_day": 5883, "share_of_city_delay_pct": 0.116, "cum_share_pct": 93.97, "pax_am": 1826, "veh_am": 268, "riders_am": 71957, "share_am_pct": 9.5, "pax_md": 6836, "veh_md": 568, "riders_md": 190958, "share_md_pct": 35.4, "pax_pm": 6923, "veh_pm": 476, "riders_pm": 318786, "share_pm_pct": 35.9, "pax_ev": 3406, "veh_ev": 415, "riders_ev": 130850, "share_ev_pct": 17.7, "pax_night": 308, "veh_night": 33, "riders_night": 21464, "share_night_pct": 1.6 }, "geometry": { "type": "MultiLineString", "coordinates": [ [ [ -73.96593450854229, 40.771099579796044 ], [ -73.965435653984841, 40.771781751482052 ] ], [ [ -73.965435653984841, 40.771781751482052 ], [ -73.964935522264042, 40.77246335294079 ] ], [ [ -73.967758599305412, 40.768596741195367 ], [ -73.96730534083683, 40.769221464050467 ] ], [ [ -73.966387707996574, 40.770477356904003 ], [ -73.96593450854229, 40.771099579796044 ] ], [ [ -73.96730534083683, 40.769221464050467 ], [ -73.966847099080923, 40.769846669451859 ] ], [ [ -73.966847099080923, 40.769846669451859 ], [ -73.966387707996574, 40.770477356904003 ] ], [ [ -73.964935522264042, 40.77246335294079 ], [ -73.964473320906805, 40.773099218949945 ] ], [ [ -73.964473320906805, 40.773099218949945 ], [ -73.964011823212005, 40.773732804584881 ] ] ] } },
{ "type": "Feature", "properties": { "corridor_id": 218, "rank": 216, "name": "FOUNTAIN AVENUE (Brooklyn)", "street": "FOUNTAIN AVENUE", "borough": "Brooklyn", "n_blocks": 45, "n_routes": 2, "routes": [ "B15", "Q08" ], "peak_period": "md", "hourly_pax": [ 337, 105, 165, 97, 170, 511, 820, 667, 1086, 1066, 1297, 1700, 1967, 1937, 1615, 1243, 2018, 2385, 1373, 829, 928, 645, 322, 338 ], "miles": 0.38, "pax_delay_min": 23093, "veh_delay_min": 1680, "riders_20d": 57361, "bus_trips_20d": 3900, "rider_block_crossings": 2581260, "bus_block_crossings": 175483, "min_per_bus": 0.55, "sec_per_rider": 33, "riders_per_delayed_bus_min": 13.7, "riders_per_bus": 14.7, "pax_delay_per_mile": 60953, "veh_delay_per_mile": 4435, "buses_per_day": 195, "riders_per_day": 2868, "share_of_city_delay_pct": 0.116, "cum_share_pct": 94.09, "pax_am": 3638, "veh_am": 294, "riders_am": 384697, "share_am_pct": 15.4, "pax_md": 8516, "veh_md": 557, "riders_md": 524951, "share_md_pct": 36.1, "pax_pm": 7018, "veh_pm": 483, "riders_pm": 481142, "share_pm_pct": 29.7, "pax_ev": 3063, "veh_ev": 261, "riders_ev": 313840, "share_ev_pct": 13.0, "pax_night": 1385, "veh_night": 123, "riders_night": 177364, "share_night_pct": 5.9 }, "geometry": { "type": "MultiLineString", "coordinates": [ [ [ -73.874287915732424, 40.671081916197636 ], [ -73.87423134642178, 40.670862397199642 ] ], [ [ -73.873991563270053, 40.669904648183064 ], [ -73.873916392798733, 40.669595183054462 ] ], [ [ -73.872913338760583, 40.668146357294731 ], [ -73.87282313535701, 40.668023844259075 ] ], [ [ -73.871820509400479, 40.666706659507774 ], [ -73.871789926547748, 40.666650895126416 ] ], [ [ -73.871930292714694, 40.666850886878741 ], [ -73.871871955708869, 40.66677424638268 ] ], [ [ -73.871871955708869, 40.66677424638268 ], [ -73.871820509400479, 40.666706659507774 ] ], [ [ -73.872129534696469, 40.667112643832837 ], [ -73.871930292714694, 40.666850886878741 ] ], [ [ -73.871789926547748, 40.666650895126416 ], [ -73.871730603244615, 40.666572214085193 ] ], [ [ -73.874419011245408, 40.67159061889177 ], [ -73.874409812732281, 40.671554925077459 ] ], [ [ -73.874409812732281, 40.671554925077459 ], [ -73.874334922674805, 40.671264323264232 ] ], [ [ -73.874334922674805, 40.671264323264232 ], [ -73.874296323577013, 40.67111454159479 ] ], [ [ -73.874296323577013, 40.67111454159479 ], [ -73.874287915732424, 40.671081916197636 ] ], [ [ -73.87423134642178, 40.670862397199642 ], [ -73.8741491071317, 40.670540520875342 ] ], [ [ -73.8741491071317, 40.670540520875342 ], [ -73.874130276093823, 40.67046829171791 ] ], [ [ -73.874130276093823, 40.67046829171791 ], [ -73.874081792154442, 40.670263421579349 ] ], [ [ -73.874081792154442, 40.670263421579349 ], [ -73.874062646137887, 40.670191036709006 ] ], [ [ -73.874062646137887, 40.670191036709006 ], [ -73.874009328120835, 40.669979129664725 ] ], [ [ -73.874009328120835, 40.669979129664725 ], [ -73.873991563270053, 40.669904648183064 ] ], [ [ -73.873878106058839, 40.669447266083985 ], [ -73.873795472925892, 40.669330975764836 ] ], [ [ -73.873916392798733, 40.669595183054462 ], [ -73.873878106058839, 40.669447266083985 ] ], [ [ -73.873462689401762, 40.668886614635333 ], [ -73.87342739823147, 40.668839735046127 ] ], [ [ -73.87342739823147, 40.668839735046127 ], [ -73.873364530250555, 40.66875622235537 ] ], [ [ -73.873364530250555, 40.66875622235537 ], [ -73.873330123040517, 40.668710516278452 ] ], [ [ -73.873330123040517, 40.668710516278452 ], [ -73.873266313954161, 40.668625752523461 ] ], [ [ -73.873266313954161, 40.668625752523461 ], [ -73.873223709697427, 40.668567889536192 ] ], [ [ -73.873223709697427, 40.668567889536192 ], [ -73.873169659701688, 40.66849448175364 ] ], [ [ -73.873169659701688, 40.66849448175364 ], [ -73.873111473609256, 40.668415456307805 ] ], [ [ -73.873111473609256, 40.668415456307805 ], [ -73.873074984048259, 40.66836589747809 ] ], [ [ -73.873074984048259, 40.66836589747809 ], [ -73.873029378642627, 40.668303958949835 ] ], [ [ -73.873029378642627, 40.668303958949835 ], [ -73.872998825996874, 40.668262463126062 ] ], [ [ -73.872998825996874, 40.668262463126062 ], [ -73.872954309791368, 40.668202003010244 ] ], [ [ -73.872954309791368, 40.668202003010244 ], [ -73.872913338760583, 40.668146357294731 ] ], [ [ -73.87282313535701, 40.668023844259075 ], [ -73.872707121144089, 40.667871435542246 ] ], [ [ -73.872707121144089, 40.667871435542246 ], [ -73.872670605359374, 40.667823464132269 ] ], [ [ -73.872670605359374, 40.667823464132269 ], [ -73.8725046629676, 40.667605462540394 ] ], [ [ -73.8725046629676, 40.667605462540394 ], [ -73.872447442893687, 40.667530291765338 ] ], [ [ -73.872447442893687, 40.667530291765338 ], [ -73.872418832905907, 40.667492705955134 ] ], [ [ -73.872418832905907, 40.667492705955134 ], [ -73.872382900031184, 40.667445500342502 ] ], [ [ -73.872382900031184, 40.667445500342502 ], [ -73.872353471745001, 40.667406839575264 ] ], [ [ -73.872353471745001, 40.667406839575264 ], [ -73.87231826816263, 40.667360590758101 ] ], [ [ -73.87231826816263, 40.667360590758101 ], [ -73.872284198693222, 40.667315832781171 ] ], [ [ -73.872284198693222, 40.667315832781171 ], [ -73.872165483032546, 40.667159870678887 ] ], [ [ -73.872165483032546, 40.667159870678887 ], [ -73.872129534696469, 40.667112643832837 ] ], [ [ -73.873795472925892, 40.669330975764836 ], [ -73.873737350443946, 40.669251466535691 ] ], [ [ -73.873737350443946, 40.669251466535691 ], [ -73.873462689401762, 40.668886614635333 ] ] ] } },
{ "type": "Feature", "properties": { "corridor_id": 371, "rank": 217, "name": "WEST 31 STREET (Manhattan)", "street": "WEST 31 STREET", "borough": "Manhattan", "n_blocks": 2, "n_routes": 1, "routes": [ "M5" ], "peak_period": "md", "hourly_pax": [ 28, 68, 0, 0, 0, 46, 1600, 1310, 1887, 2170, 1782, 1389, 1483, 1300, 1664, 1056, 905, 620, 587, 109, 118, 129, 32, 54 ], "miles": 0.19, "pax_delay_min": 23059, "veh_delay_min": 6319, "riders_20d": 4694, "bus_trips_20d": 1327, "rider_block_crossings": 9389, "bus_block_crossings": 2654, "min_per_bus": 4.32, "sec_per_rider": 259, "riders_per_delayed_bus_min": 3.6, "riders_per_bus": 3.5, "pax_delay_per_mile": 119364, "veh_delay_per_mile": 32711, "buses_per_day": 66, "riders_per_day": 235, "share_of_city_delay_pct": 0.115, "cum_share_pct": 94.2, "pax_am": 6967, "veh_am": 1392, "riders_am": 2519, "share_am_pct": 38.0, "pax_md": 7618, "veh_md": 1348, "riders_md": 2723, "share_md_pct": 41.5, "pax_pm": 3168, "veh_pm": 946, "riders_pm": 1401, "share_pm_pct": 17.3, "pax_ev": 441, "veh_ev": 1103, "riders_ev": 156, "share_ev_pct": 2.4, "pax_night": 143, "veh_night": 360, "riders_night": 61, "share_night_pct": 0.8 }, "geometry": { "type": "MultiLineString", "coordinates": [ [ [ -73.985948567389627, 40.746535853767433 ], [ -73.988305348687987, 40.747535517064932 ] ], [ [ -73.988305348687987, 40.747535517064932 ], [ -73.989166516975601, 40.747895434547452 ] ] ] } },
{ "type": "Feature", "properties": { "corridor_id": 490, "rank": 218, "name": "ASTORIA BOULEVARD (Queens)", "street": "ASTORIA BOULEVARD", "borough": "Queens", "n_blocks": 12, "n_routes": 2, "routes": [ "Q19", "Q49" ], "peak_period": "am", "hourly_pax": [ 17, 7, 0, 0, 28, 183, 1946, 3015, 1601, 1506, 745, 888, 703, 516, 676, 1781, 1600, 1823, 2027, 943, 479, 166, 31, 11 ], "miles": 0.48, "pax_delay_min": 23036, "veh_delay_min": 1604, "riders_20d": 22970, "bus_trips_20d": 2266, "rider_block_crossings": 275638, "bus_block_crossings": 27194, "min_per_bus": 0.52, "sec_per_rider": 31, "riders_per_delayed_bus_min": 14.4, "riders_per_bus": 10.1, "pax_delay_per_mile": 48422, "veh_delay_per_mile": 3373, "buses_per_day": 113, "riders_per_day": 1148, "share_of_city_delay_pct": 0.115, "cum_share_pct": 94.32, "pax_am": 8067, "veh_am": 684, "riders_am": 82882, "share_am_pct": 39.0, "pax_md": 3527, "veh_md": 345, "riders_md": 45607, "share_md_pct": 17.0, "pax_pm": 7231, "veh_pm": 409, "riders_pm": 55844, "share_pm_pct": 34.9, "pax_ev": 1631, "veh_ev": 123, "riders_ev": 25551, "share_ev_pct": 7.9, "pax_night": 234, "veh_night": 40, "riders_night": 8196, "share_night_pct": 1.1 }, "geometry": { "type": "MultiLineString", "coordinates": [ [ [ -73.878857267667939, 40.763658325065229 ], [ -73.878296073761291, 40.763562253249724 ] ], [ [ -73.872021005350646, 40.762511884756563 ], [ -73.87136824750695, 40.76239696482596 ] ], [ [ -73.877315200873269, 40.763393439801995 ], [ -73.87634147468448, 40.76323067673016 ] ], [ [ -73.874207167046649, 40.762882941525888 ], [ -73.873263653665049, 40.76272134752228 ] ], [ [ -73.879266235804664, 40.763729957449257 ], [ -73.878857267667939, 40.763658325065229 ] ], [ [ -73.878296073761291, 40.763562253249724 ], [ -73.877315200873269, 40.763393439801995 ] ], [ [ -73.873263653665049, 40.76272134752228 ], [ -73.872936205727498, 40.762674070352418 ] ], [ [ -73.87136824750695, 40.76239696482596 ], [ -73.87041156706573, 40.762247362956749 ] ], [ [ -73.875326369911576, 40.76305660499645 ], [ -73.874207167046649, 40.762882941525888 ] ], [ [ -73.87634147468448, 40.76323067673016 ], [ -73.875326369911576, 40.76305660499645 ] ], [ [ -73.872313928400018, 40.762565933789134 ], [ -73.872021005350646, 40.762511884756563 ] ], [ [ -73.872936205727498, 40.762674070352418 ], [ -73.872313928400018, 40.762565933789134 ] ] ] } },
{ "type": "Feature", "properties": { "corridor_id": 333, "rank": 219, "name": "WEST 79 STREET (Manhattan)", "street": "WEST 79 STREET", "borough": "Manhattan", "n_blocks": 6, "n_routes": 1, "routes": [ "M79+" ], "peak_period": "md", "hourly_pax": [ 73, 56, 101, 40, 89, 53, 331, 741, 1088, 922, 1457, 1559, 1410, 1403, 1374, 1233, 1319, 1591, 1300, 445, 396, 330, 297, 157 ], "miles": 0.4, "pax_delay_min": 23029, "veh_delay_min": 4805, "riders_20d": 13835, "bus_trips_20d": 4471, "rider_block_crossings": 83012, "bus_block_crossings": 26823, "min_per_bus": 0.84, "sec_per_rider": 50, "riders_per_delayed_bus_min": 4.8, "riders_per_bus": 3.1, "pax_delay_per_mile": 57623, "veh_delay_per_mile": 12024, "buses_per_day": 224, "riders_per_day": 692, "share_of_city_delay_pct": 0.115, "cum_share_pct": 94.43, "pax_am": 3083, "veh_am": 806, "riders_am": 14675, "share_am_pct": 17.4, "pax_md": 7203, "veh_md": 1400, "riders_md": 22314, "share_md_pct": 40.5, "pax_pm": 5443, "veh_pm": 1167, "riders_pm": 20694, "share_pm_pct": 30.6, "pax_ev": 1624, "veh_ev": 832, "riders_ev": 5685, "share_ev_pct": 9.1, "pax_night": 411, "veh_night": 210, "riders_night": 2398, "share_night_pct": 2.3 }, "geometry": { "type": "MultiLineString", "coordinates": [ [ [ -73.979882981923112, 40.783800572091394 ], [ -73.979986891694011, 40.783844201262994 ] ], [ [ -73.979986891694011, 40.783844201262994 ], [ -73.980090396814333, 40.783890225874551 ] ], [ [ -73.980090396814333, 40.783890225874551 ], [ -73.981165423886296, 40.78435382307137 ] ], [ [ -73.975480324149402, 40.781951115512342 ], [ -73.978325792273438, 40.783146733116183 ] ], [ [ -73.978325792273438, 40.783146733116183 ], [ -73.979882981923112, 40.783800572091394 ] ], [ [ -73.981165423886296, 40.78435382307137 ], [ -73.982140454020723, 40.784764926971718 ] ] ] } },
{ "type": "Feature", "properties": { "corridor_id": 88, "rank": 220, "name": "HYLAN BOULEVARD (Staten Island)", "street": "HYLAN BOULEVARD", "borough": "Staten Island", "n_blocks": 8, "n_routes": 7, "routes": [ "S78", "S79+", "SIM1", "SIM10", "SIM11", "SIM1C", "SIM7" ], "peak_period": "md", "hourly_pax": [ 1067, 556, 188, 304, 350, 116, 0, 32, 121, 338, 1678, 1722, 1984, 1596, 1386, 284, 253, 818, 1250, 945, 1637, 2272, 1396, 1094 ], "miles": 0.3, "pax_delay_min": 22625, "veh_delay_min": 1156, "riders_20d": 173775, "bus_trips_20d": 10275, "rider_block_crossings": 1390201, "bus_block_crossings": 82202, "min_per_bus": 0.11, "sec_per_rider": 7, "riders_per_delayed_bus_min": 19.6, "riders_per_bus": 16.9, "pax_delay_per_mile": 76631, "veh_delay_per_mile": 3916, "buses_per_day": 514, "riders_per_day": 8689, "share_of_city_delay_pct": 0.113, "cum_share_pct": 94.55, "pax_am": 490, "veh_am": 33, "riders_am": 292742, "share_am_pct": 2.3, "pax_md": 8366, "veh_md": 313, "riders_md": 286199, "share_md_pct": 39.1, "pax_pm": 2605, "veh_pm": 148, "riders_pm": 305625, "share_pm_pct": 12.2, "pax_ev": 7344, "veh_ev": 468, "riders_ev": 136337, "share_ev_pct": 34.3, "pax_night": 2581, "veh_night": 189, "riders_night": 90146, "share_night_pct": 12.1 }, "geometry": { "type": "MultiLineString", "coordinates": [ [ [ -74.081783740484184, 40.598492581733773 ], [ -74.08225559038803, 40.598360678515171 ] ], [ [ -74.081729124284522, 40.598502949816485 ], [ -74.081783740484184, 40.598492581733773 ] ], [ [ -74.083583059733144, 40.597875041301847 ], [ -74.084631573234674, 40.597492360881937 ] ], [ [ -74.08225559038803, 40.598360678515171 ], [ -74.082463106610433, 40.598284768947352 ] ], [ [ -74.082463106610433, 40.598284768947352 ], [ -74.083583059733144, 40.597875041301847 ] ], [ [ -74.085580477998093, 40.596449254341955 ], [ -74.085766265713957, 40.595925466762672 ] ], [ [ -74.084631573234674, 40.597492360881937 ], [ -74.085004804729323, 40.597256204479272 ] ], [ [ -74.085004804729323, 40.597256204479272 ], [ -74.085580477998093, 40.596449254341955 ] ] ] } },
{ "type": "Feature", "properties": { "corridor_id": 225, "rank": 221, "name": "ELDERT LANE (Brooklyn)", "street": "ELDERT LANE", "borough": "Brooklyn", "n_blocks": 6, "n_routes": 4, "routes": [ "B13", "B14", "B15", "B20" ], "peak_period": "md", "hourly_pax": [ 80, 68, 2, 0, 2, 156, 981, 1579, 1222, 1135, 1263, 1513, 1041, 1059, 1596, 1130, 1565, 1423, 1032, 421, 513, 243, 224, 112 ], "miles": 0.24, "pax_delay_min": 22213, "veh_delay_min": 6193, "riders_20d": 22289, "bus_trips_20d": 4972, "rider_block_crossings": 133735, "bus_block_crossings": 29834, "min_per_bus": 0.85, "sec_per_rider": 51, "riders_per_delayed_bus_min": 3.6, "riders_per_bus": 4.5, "pax_delay_per_mile": 94373, "veh_delay_per_mile": 26310, "buses_per_day": 249, "riders_per_day": 1114, "share_of_city_delay_pct": 0.111, "cum_share_pct": 94.66, "pax_am": 4918, "veh_am": 1149, "riders_am": 28102, "share_am_pct": 26.8, "pax_md": 6473, "veh_md": 1312, "riders_md": 25989, "share_md_pct": 35.2, "pax_pm": 5150, "veh_pm": 1077, "riders_pm": 37274, "share_pm_pct": 28.0, "pax_ev": 1513, "veh_ev": 996, "riders_ev": 10605, "share_ev_pct": 8.2, "pax_night": 308, "veh_night": 252, "riders_night": 3139, "share_night_pct": 1.7 }, "geometry": { "type": "MultiLineString", "coordinates": [ [ [ -73.862864609699585, 40.669606831781991 ], [ -73.862841249580029, 40.66951016955683 ] ], [ [ -73.862828455421322, 40.669457222314719 ], [ -73.862808400810934, 40.669375026818209 ] ], [ [ -73.862786082745785, 40.669283569925007 ], [ -73.862419830109133, 40.667782547828693 ] ], [ [ -73.862808400810934, 40.669375026818209 ], [ -73.862786082745785, 40.669283569925007 ] ], [ [ -73.862841249580029, 40.66951016955683 ], [ -73.862828455421322, 40.669457222314719 ] ], [ [ -73.862419830109133, 40.667782547828693 ], [ -73.862042463643633, 40.666253603114143 ] ] ] } },
{ "type": "Feature", "properties": { "corridor_id": 94, "rank": 222, "name": "KAPPOCK STREET (Bronx)", "street": "KAPPOCK STREET", "borough": "Bronx", "n_blocks": 18, "n_routes": 5, "routes": [ "BX10", "BX20", "BXM1", "BXM18", "BXM2" ], "peak_period": "am", "hourly_pax": [ 166, 62, 84, 28, 59, 173, 1385, 2155, 1400, 1393, 1271, 725, 1252, 1571, 1115, 1112, 1147, 1582, 1640, 823, 600, 461, 376, 329 ], "miles": 0.39, "pax_delay_min": 22144, "veh_delay_min": 3793, "riders_20d": 26867, "bus_trips_20d": 4911, "rider_block_crossings": 483608, "bus_block_crossings": 88404, "min_per_bus": 0.52, "sec_per_rider": 31, "riders_per_delayed_bus_min": 5.8, "riders_per_bus": 5.5, "pax_delay_per_mile": 56674, "veh_delay_per_mile": 9707, "buses_per_day": 246, "riders_per_day": 1343, "share_of_city_delay_pct": 0.111, "cum_share_pct": 94.77, "pax_am": 6334, "veh_am": 867, "riders_am": 124222, "share_am_pct": 30.3, "pax_md": 5933, "veh_md": 846, "riders_md": 103816, "share_md_pct": 28.4, "pax_pm": 5481, "veh_pm": 960, "riders_pm": 101175, "share_pm_pct": 26.2, "pax_ev": 2589, "veh_ev": 667, "riders_ev": 53885, "share_ev_pct": 12.4, "pax_night": 572, "veh_night": 124, "riders_night": 17674, "share_night_pct": 2.7 }, "geometry": { "type": "MultiLineString", "coordinates": [ [ [ -73.917522138987906, 40.880201282229557 ], [ -73.918215176779114, 40.880461827166464 ] ], [ [ -73.919303707354061, 40.880700808372531 ], [ -73.919712379993499, 40.881187761552525 ] ], [ [ -73.917801205563052, 40.877239435879673 ], [ -73.917895663870482, 40.877470091288771 ] ], [ [ -73.916737261238396, 40.879396758073021 ], [ -73.916836585817336, 40.879646897938912 ] ], [ [ -73.918215176779114, 40.880461827166464 ], [ -73.918268214149251, 40.88047762337866 ] ], [ [ -73.918268214149251, 40.88047762337866 ], [ -73.918322431702038, 40.880489448834453 ] ], [ [ -73.916836585817336, 40.879646897938912 ], [ -73.917522138987906, 40.880201282229557 ] ], [ [ -73.918322431702038, 40.880489448834453 ], [ -73.918417417625079, 40.880509908518199 ] ], [ [ -73.918417417625079, 40.880509908518199 ], [ -73.919303707354061, 40.880700808372531 ] ], [ [ -73.916687302778328, 40.879140033286994 ], [ -73.916730402006962, 40.879295743001414 ] ], [ [ -73.916730402006962, 40.879295743001414 ], [ -73.916737261238396, 40.879396758073021 ] ], [ [ -73.916774558005443, 40.879064410008368 ], [ -73.916687302778328, 40.879140033286994 ] ], [ [ -73.917238208091334, 40.878272766825475 ], [ -73.916817286839432, 40.878783301256263 ] ], [ [ -73.916817286839432, 40.878783301256263 ], [ -73.916697099116178, 40.878837456805584 ] ], [ [ -73.916817286839432, 40.878783301256263 ], [ -73.916802255876632, 40.878882187690415 ] ], [ [ -73.916802255876632, 40.878882187690415 ], [ -73.916774558005443, 40.879064410008368 ] ], [ [ -73.917895663870482, 40.877470091288771 ], [ -73.917528043610616, 40.878022963084781 ] ], [ [ -73.917528043610616, 40.878022963084781 ], [ -73.917238208091334, 40.878272766825475 ] ] ] } },
{ "type": "Feature", "properties": { "corridor_id": 517, "rank": 223, "name": "74 STREET (Queens)", "street": "74 STREET", "borough": "Queens", "n_blocks": 5, "n_routes": 2, "routes": [ "Q47", "Q49" ], "peak_period": "pm", "hourly_pax": [ 0, 1, 0, 0, 48, 213, 176, 0, 7, 83, 318, 503, 302, 643, 929, 1377, 2397, 3229, 3663, 2698, 1427, 1392, 439, 228 ], "miles": 0.28, "pax_delay_min": 22051, "veh_delay_min": 1442, "riders_20d": 25570, "bus_trips_20d": 1696, "rider_block_crossings": 127850, "bus_block_crossings": 8482, "min_per_bus": 0.38, "sec_per_rider": 23, "riders_per_delayed_bus_min": 15.3, "riders_per_bus": 15.1, "pax_delay_per_mile": 79466, "veh_delay_per_mile": 5197, "buses_per_day": 85, "riders_per_day": 1278, "share_of_city_delay_pct": 0.11, "cum_share_pct": 94.88, "pax_am": 266, "veh_am": 67, "riders_am": 18673, "share_am_pct": 1.3, "pax_md": 2695, "veh_md": 174, "riders_md": 18414, "share_md_pct": 13.4, "pax_pm": 10666, "veh_pm": 618, "riders_pm": 38261, "share_pm_pct": 53.1, "pax_ev": 6184, "veh_ev": 422, "riders_ev": 26837, "share_ev_pct": 30.8, "pax_night": 262, "veh_night": 18, "riders_night": 4615, "share_night_pct": 1.3 }, "geometry": { "type": "MultiLineString", "coordinates": [ [ [ -73.892120534880846, 40.751004283960214 ], [ -73.891751549178096, 40.748964641305648 ] ], [ [ -73.892249872520182, 40.751717029783642 ], [ -73.892195601936933, 40.751417966019012 ] ], [ [ -73.892195601936933, 40.751417966019012 ], [ -73.892120534880846, 40.751004283960214 ] ], [ [ -73.892473308875495, 40.75294839297586 ], [ -73.892466560283907, 40.752911204388518 ] ], [ [ -73.892466560283907, 40.752911204388518 ], [ -73.892249872520182, 40.751717029783642 ] ] ] } },
{ "type": "Feature", "properties": { "corridor_id": 367, "rank": 224, "name": "DELANCEY STREET (Manhattan)", "street": "DELANCEY STREET", "borough": "Manhattan", "n_blocks": 16, "n_routes": 2, "routes": [ "M14D+", "M21" ], "peak_period": "am", "hourly_pax": [ 119, 105, 48, 37, 150, 744, 1351, 1727, 3917, 1118, 867, 1256, 1254, 1164, 1490, 47, 32, 15, 21, 695, 802, 615, 253, 86 ], "miles": 0.23, "pax_delay_min": 22048, "veh_delay_min": 18332, "riders_20d": 3436, "bus_trips_20d": 3101, "rider_block_crossings": 54981, "bus_block_crossings": 49613, "min_per_bus": 5.83, "sec_per_rider": 350, "riders_per_delayed_bus_min": 1.2, "riders_per_bus": 1.1, "pax_delay_per_mile": 95552, "veh_delay_per_mile": 79448, "buses_per_day": 155, "riders_per_day": 172, "share_of_city_delay_pct": 0.11, "cum_share_pct": 94.99, "pax_am": 8113, "veh_am": 4494, "riders_am": 16636, "share_am_pct": 45.3, "pax_md": 6032, "veh_md": 3808, "riders_md": 13546, "share_md_pct": 33.7, "pax_pm": 114, "veh_pm": 2516, "riders_pm": 1023, "share_pm_pct": 0.6, "pax_ev": 2451, "veh_ev": 2654, "riders_ev": 7597, "share_ev_pct": 13.7, "pax_night": 1202, "veh_night": 1297, "riders_night": 2796, "share_night_pct": 6.7 }, "geometry": { "type": "MultiLineString", "coordinates": [ [ [ -73.9801771287853, 40.716334547985689 ], [ -73.979743410283675, 40.71620339644231 ] ], [ [ -73.978083157220652, 40.715692403794087 ], [ -73.977916499745334, 40.715649309391928 ] ], [ [ -73.977239833708794, 40.715485158922341 ], [ -73.976457019520581, 40.715298586660346 ] ], [ [ -73.979533209817447, 40.71613983122915 ], [ -73.979128257328242, 40.716017370740587 ] ], [ [ -73.978190749107156, 40.715726107383567 ], [ -73.978083157220652, 40.715692403794087 ] ], [ [ -73.977916499745334, 40.715649309391928 ], [ -73.977239833708794, 40.715485158922341 ] ], [ [ -73.9805773404494, 40.716455565724743 ], [ -73.980279270387499, 40.716365434203837 ] ], [ [ -73.980279270387499, 40.716365434203837 ], [ -73.9801771287853, 40.716334547985689 ] ], [ [ -73.979743410283675, 40.71620339644231 ], [ -73.979652935280328, 40.716176036632213 ] ], [ [ -73.979652935280328, 40.716176036632213 ], [ -73.979533209817447, 40.71613983122915 ] ], [ [ -73.979128257328242, 40.716017370740587 ], [ -73.978909486431093, 40.715951211778524 ] ], [ [ -73.97843820523309, 40.715803621029067 ], [ -73.978361646475761, 40.715779639961852 ] ], [ [ -73.978361646475761, 40.715779639961852 ], [ -73.978290086266711, 40.715757224300098 ] ], [ [ -73.978290086266711, 40.715757224300098 ], [ -73.978190749107156, 40.715726107383567 ] ], [ [ -73.978909486431093, 40.715951211778524 ], [ -73.978798475865219, 40.71591644710788 ] ], [ [ -73.978798475865219, 40.71591644710788 ], [ -73.97843820523309, 40.715803621029067 ] ] ] } },
{ "type": "Feature", "properties": { "corridor_id": 381, "rank": 225, "name": "WEST 86 STREET (Manhattan)", "street": "WEST 86 STREET", "borough": "Manhattan", "n_blocks": 7, "n_routes": 1, "routes": [ "M86+" ], "peak_period": "md", "hourly_pax": [ 106, 45, 13, 30, 8, 228, 453, 865, 1299, 915, 1466, 1614, 1837, 1770, 1502, 1146, 1534, 1873, 1580, 737, 721, 686, 507, 244 ], "miles": 0.42, "pax_delay_min": 21982, "veh_delay_min": 7525, "riders_20d": 29814, "bus_trips_20d": 6891, "rider_block_crossings": 208696, "bus_block_crossings": 48236, "min_per_bus": 1.33, "sec_per_rider": 80, "riders_per_delayed_bus_min": 2.9, "riders_per_bus": 4.3, "pax_delay_per_mile": 51948, "veh_delay_per_mile": 17783, "buses_per_day": 345, "riders_per_day": 1491, "share_of_city_delay_pct": 0.11, "cum_share_pct": 95.1, "pax_am": 3532, "veh_am": 1394, "riders_am": 30017, "share_am_pct": 16.7, "pax_md": 8188, "veh_md": 2083, "riders_md": 48002, "share_md_pct": 38.7, "pax_pm": 6132, "veh_pm": 1358, "riders_pm": 53986, "share_pm_pct": 29.0, "pax_ev": 2896, "veh_ev": 1366, "riders_ev": 16469, "share_ev_pct": 13.7, "pax_night": 430, "veh_night": 268, "riders_night": 8754, "share_night_pct": 2.0 }, "geometry": { "type": "MultiLineString", "coordinates": [ [ [ -73.975014172077792, 40.787685605623231 ], [ -73.976390139195388, 40.788269586378313 ] ], [ [ -73.970259539871606, 40.785681630848849 ], [ -73.972174150455132, 40.786486460774682 ] ], [ [ -73.969335733811192, 40.785293279044943 ], [ -73.970127904232598, 40.785626294817568 ] ], [ [ -73.970127904232598, 40.785626294817568 ], [ -73.970259539871606, 40.785681630848849 ] ], [ [ -73.973427322322692, 40.787015602607852 ], [ -73.975014172077792, 40.787685605623231 ] ], [ [ -73.972174150455132, 40.786486460774682 ], [ -73.973232280620593, 40.786933249797585 ] ], [ [ -73.973232280620593, 40.786933249797585 ], [ -73.973427322322692, 40.787015602607852 ] ] ] } },
{ "type": "Feature", "properties": { "corridor_id": 337, "rank": 226, "name": "EAST 8 STREET (Manhattan)", "street": "EAST 8 STREET", "borough": "Manhattan", "n_blocks": 6, "n_routes": 6, "routes": [ "BXM18", "M1", "M2", "M3", "M55", "M8" ], "peak_period": "md", "hourly_pax": [ 46, 8, 39, 0, 0, 32, 734, 884, 1508, 1636, 2099, 2119, 2463, 1617, 1975, 574, 447, 500, 305, 94, 68, 38, 152, 112 ], "miles": 0.34, "pax_delay_min": 21935, "veh_delay_min": 14750, "riders_20d": 10538, "bus_trips_20d": 5728, "rider_block_crossings": 63228, "bus_block_crossings": 34371, "min_per_bus": 4.0, "sec_per_rider": 240, "riders_per_delayed_bus_min": 1.5, "riders_per_bus": 1.8, "pax_delay_per_mile": 64943, "veh_delay_per_mile": 43669, "buses_per_day": 286, "riders_per_day": 527, "share_of_city_delay_pct": 0.11, "cum_share_pct": 95.21, "pax_am": 4762, "veh_am": 2401, "riders_am": 13071, "share_am_pct": 27.3, "pax_md": 10272, "veh_md": 4044, "riders_md": 16938, "share_md_pct": 58.9, "pax_pm": 1827, "veh_pm": 3350, "riders_pm": 10349, "share_pm_pct": 10.5, "pax_ev": 463, "veh_ev": 2030, "riders_ev": 3201, "share_ev_pct": 2.7, "pax_night": 124, "veh_night": 337, "riders_night": 1201, "share_night_pct": 0.7 }, "geometry": { "type": "MultiLineString", "coordinates": [ [ [ -73.992407635852587, 40.730591211877417 ], [ -73.991079697473069, 40.73003262151736 ] ], [ [ -73.9940355758865, 40.731276144433416 ], [ -73.993249123321803, 40.730945056099095 ] ], [ [ -73.996352360966753, 40.732252950614509 ], [ -73.994788536808002, 40.73159584337143 ] ], [ [ -73.991079697473069, 40.73003262151736 ], [ -73.99072530393147, 40.729878687389174 ] ], [ [ -73.993249123321803, 40.730945056099095 ], [ -73.992407635852587, 40.730591211877417 ] ], [ [ -73.994788536808002, 40.73159584337143 ], [ -73.9940355758865, 40.731276144433416 ] ] ] } },
{ "type": "Feature", "properties": { "corridor_id": 547, "rank": 227, "name": "BROADWAY (Queens)", "street": "BROADWAY", "borough": "Queens", "n_blocks": 10, "n_routes": 3, "routes": [ "Q18", "Q63", "Q66" ], "peak_period": "am", "hourly_pax": [ 274, 173, 51, 0, 65, 280, 1284, 1699, 1497, 1039, 1045, 941, 1014, 1155, 965, 1086, 1130, 1324, 1269, 716, 465, 464, 321, 299 ], "miles": 0.33, "pax_delay_min": 21872, "veh_delay_min": 2375, "riders_20d": 19294, "bus_trips_20d": 2098, "rider_block_crossings": 192943, "bus_block_crossings": 20981, "min_per_bus": 1.06, "sec_per_rider": 63, "riders_per_delayed_bus_min": 9.2, "riders_per_bus": 9.2, "pax_delay_per_mile": 65972, "veh_delay_per_mile": 7165, "buses_per_day": 105, "riders_per_day": 965, "share_of_city_delay_pct": 0.11, "cum_share_pct": 95.32, "pax_am": 5518, "veh_am": 539, "riders_am": 43584, "share_am_pct": 29.7, "pax_md": 5119, "veh_md": 390, "riders_md": 40169, "share_md_pct": 27.6, "pax_pm": 4810, "veh_pm": 510, "riders_pm": 42498, "share_pm_pct": 25.9, "pax_ev": 2265, "veh_ev": 382, "riders_ev": 16330, "share_ev_pct": 12.2, "pax_night": 843, "veh_night": 147, "riders_night": 8514, "share_night_pct": 4.5 }, "geometry": { "type": "MultiLineString", "coordinates": [ [ [ -73.906908897503897, 40.753284848657877 ], [ -73.906684540442882, 40.753178569436443 ] ], [ [ -73.908135920107966, 40.75386560629363 ], [ -73.907665081459371, 40.753643146803206 ] ], [ [ -73.907665081459371, 40.753643146803206 ], [ -73.906908897503897, 40.753284848657877 ] ], [ [ -73.905250184974278, 40.752564928540984 ], [ -73.90442003654853, 40.752209748827113 ] ], [ [ -73.90442003654853, 40.752209748827113 ], [ -73.903571278833823, 40.751840437872453 ] ], [ [ -73.906074833677224, 40.752913469469775 ], [ -73.905250184974278, 40.752564928540984 ] ], [ [ -73.909012590887798, 40.754279814253074 ], [ -73.908135920107966, 40.75386560629363 ] ], [ [ -73.906684540442882, 40.753178569436443 ], [ -73.906460184110912, 40.753072280444329 ] ], [ [ -73.906460184110912, 40.753072280444329 ], [ -73.906178321309255, 40.752955129606008 ] ], [ [ -73.906178321309255, 40.752955129606008 ], [ -73.906074833677224, 40.752913469469775 ] ] ] } },
{ "type": "Feature", "properties": { "corridor_id": 14, "rank": 228, "name": "SOUNDVIEW AVENUE (Bronx)", "street": "SOUNDVIEW AVENUE", "borough": "Bronx", "n_blocks": 8, "n_routes": 2, "routes": [ "BX27", "BX39" ], "peak_period": "pm", "hourly_pax": [ 111, 74, 110, 60, 39, 108, 196, 619, 1211, 778, 1175, 1403, 1162, 553, 856, 1553, 1903, 2132, 2062, 458, 431, 385, 75, 37 ], "miles": 0.44, "pax_delay_min": 21528, "veh_delay_min": 14456, "riders_20d": 4587, "bus_trips_20d": 4008, "rider_block_crossings": 36696, "bus_block_crossings": 32065, "min_per_bus": 2.83, "sec_per_rider": 170, "riders_per_delayed_bus_min": 1.5, "riders_per_bus": 1.1, "pax_delay_per_mile": 48788, "veh_delay_per_mile": 32762, "buses_per_day": 200, "riders_per_day": 229, "share_of_city_delay_pct": 0.108, "cum_share_pct": 95.43, "pax_am": 2804, "veh_am": 3427, "riders_am": 4578, "share_am_pct": 16.0, "pax_md": 5150, "veh_md": 2278, "riders_md": 7769, "share_md_pct": 29.4, "pax_pm": 7649, "veh_pm": 2666, "riders_pm": 9644, "share_pm_pct": 43.7, "pax_ev": 1387, "veh_ev": 2074, "riders_ev": 5682, "share_ev_pct": 7.9, "pax_night": 502, "veh_night": 330, "riders_night": 1970, "share_night_pct": 2.9 }, "geometry": { "type": "MultiLineString", "coordinates": [ [ [ -73.852424219521907, 40.807659598841802 ], [ -73.852834997107564, 40.807890534488251 ] ], [ [ -73.85405166283175, 40.808591274095093 ], [ -73.855311089786198, 40.809340650634653 ] ], [ [ -73.84851225448017, 40.805575532548971 ], [ -73.849695240072336, 40.806169526816085 ] ], [ [ -73.85154199815436, 40.807185685685681 ], [ -73.85229010476769, 40.807587234160302 ] ], [ [ -73.852834997107564, 40.807890534488251 ], [ -73.85405166283175, 40.808591274095093 ] ], [ [ -73.85229010476769, 40.807587234160302 ], [ -73.852424219521907, 40.807659598841802 ] ], [ [ -73.849695240072336, 40.806169526816085 ], [ -73.851316696346132, 40.807061719539405 ] ], [ [ -73.851316696346132, 40.807061719539405 ], [ -73.85154199815436, 40.807185685685681 ] ] ] } },
{ "type": "Feature", "properties": { "corridor_id": 487, "rank": 229, "name": "65 PLACE (Queens)", "street": "65 PLACE", "borough": "Queens", "n_blocks": 9, "n_routes": 1, "routes": [ "Q18" ], "peak_period": "am", "hourly_pax": [ 67, 181, 12, 0, 0, 200, 960, 2098, 2619, 1982, 901, 695, 746, 878, 1427, 1183, 1064, 1262, 1148, 694, 453, 214, 161, 101 ], "miles": 0.27, "pax_delay_min": 21395, "veh_delay_min": 1638, "riders_20d": 33601, "bus_trips_20d": 2673, "rider_block_crossings": 302406, "bus_block_crossings": 24061, "min_per_bus": 0.6, "sec_per_rider": 36, "riders_per_delayed_bus_min": 13.1, "riders_per_bus": 12.6, "pax_delay_per_mile": 80521, "veh_delay_per_mile": 6163, "buses_per_day": 134, "riders_per_day": 1680, "share_of_city_delay_pct": 0.107, "cum_share_pct": 95.53, "pax_am": 7660, "veh_am": 413, "riders_am": 79484, "share_am_pct": 40.2, "pax_md": 4648, "veh_md": 292, "riders_md": 57017, "share_md_pct": 24.4, "pax_pm": 4656, "veh_pm": 459, "riders_pm": 63349, "share_pm_pct": 24.4, "pax_ev": 1623, "veh_ev": 208, "riders_ev": 29092, "share_ev_pct": 8.5, "pax_night": 460, "veh_night": 56, "riders_night": 14737, "share_night_pct": 2.4 }, "geometry": { "type": "MultiLineString", "coordinates": [ [ [ -73.899614462230588, 40.740851520264769 ], [ -73.899635948327997, 40.740743171743013 ] ], [ [ -73.899736173993887, 40.740204935513546 ], [ -73.89974871444258, 40.740132203328038 ] ], [ [ -73.899710952282959, 40.740364780616517 ], [ -73.899736173993887, 40.740204935513546 ] ], [ [ -73.899868999568028, 40.73844019087543 ], [ -73.89992486974117, 40.737012168442803 ] ], [ [ -73.899829052746952, 40.739512354720389 ], [ -73.899868999568028, 40.73844019087543 ] ], [ [ -73.899635948327997, 40.740743171743013 ], [ -73.899710952282959, 40.740364780616517 ] ], [ [ -73.89974871444258, 40.740132203328038 ], [ -73.899760928709568, 40.740016732848964 ] ], [ [ -73.899760928709568, 40.740016732848964 ], [ -73.899784885368689, 40.739839361649672 ] ], [ [ -73.899784885368689, 40.739839361649672 ], [ -73.899829052746952, 40.739512354720389 ] ] ] } },
{ "type": "Feature", "properties": { "corridor_id": 116, "rank": 230, "name": "EAST 167 STREET (Bronx)", "street": "EAST 167 STREET", "borough": "Bronx", "n_blocks": 5, "n_routes": 1, "routes": [ "BX35" ], "peak_period": "md", "hourly_pax": [ 90, 22, 17, 40, 46, 88, 421, 1063, 3170, 1769, 1383, 1676, 1487, 1930, 1429, 687, 935, 1225, 1013, 317, 318, 540, 360, 204 ], "miles": 0.2, "pax_delay_min": 20745, "veh_delay_min": 2001, "riders_20d": 32810, "bus_trips_20d": 3355, "rider_block_crossings": 164050, "bus_block_crossings": 16776, "min_per_bus": 0.47, "sec_per_rider": 28, "riders_per_delayed_bus_min": 10.4, "riders_per_bus": 9.8, "pax_delay_per_mile": 104824, "veh_delay_per_mile": 10112, "buses_per_day": 168, "riders_per_day": 1640, "share_of_city_delay_pct": 0.104, "cum_share_pct": 95.64, "pax_am": 6423, "veh_am": 555, "riders_am": 36543, "share_am_pct": 31.8, "pax_md": 7906, "veh_md": 682, "riders_md": 36780, "share_md_pct": 39.1, "pax_pm": 3860, "veh_pm": 386, "riders_pm": 33371, "share_pm_pct": 19.1, "pax_ev": 1738, "veh_ev": 247, "riders_ev": 16186, "share_ev_pct": 8.6, "pax_night": 302, "veh_night": 48, "riders_night": 6955, "share_night_pct": 1.5 }, "geometry": { "type": "MultiLineString", "coordinates": [ [ [ -73.922372231719407, 40.83610874283788 ], [ -73.921284722205698, 40.83572377406422 ] ], [ [ -73.919455230835524, 40.835099900123424 ], [ -73.919363737732084, 40.835069669331531 ] ], [ [ -73.920303707978661, 40.835396841904533 ], [ -73.919455230835524, 40.835099900123424 ] ], [ [ -73.919363737732084, 40.835069669331531 ], [ -73.918931859852833, 40.83492695359574 ] ], [ [ -73.921284722205698, 40.83572377406422 ], [ -73.920303707978661, 40.835396841904533 ] ] ] } },
{ "type": "Feature", "properties": { "corridor_id": 391, "rank": 231, "name": "WEST 135 STREET (Manhattan)", "street": "WEST 135 STREET", "borough": "Manhattan", "n_blocks": 4, "n_routes": 2, "routes": [ "M11", "M5" ], "peak_period": "md", "hourly_pax": [ 176, 55, 15, 0, 0, 32, 414, 628, 1109, 905, 1586, 1941, 1354, 2246, 1524, 1378, 1491, 1051, 1284, 298, 302, 667, 226, 308 ], "miles": 0.32, "pax_delay_min": 20488, "veh_delay_min": 3436, "riders_20d": 17069, "bus_trips_20d": 4057, "rider_block_crossings": 68278, "bus_block_crossings": 16229, "min_per_bus": 0.4, "sec_per_rider": 24, "riders_per_delayed_bus_min": 6.0, "riders_per_bus": 4.2, "pax_delay_per_mile": 64529, "veh_delay_per_mile": 10821, "buses_per_day": 203, "riders_per_day": 853, "share_of_city_delay_pct": 0.103, "cum_share_pct": 95.74, "pax_am": 3056, "veh_am": 603, "riders_am": 9744, "share_am_pct": 16.1, "pax_md": 8651, "veh_md": 1245, "riders_md": 22425, "share_md_pct": 45.6, "pax_pm": 5204, "veh_pm": 784, "riders_pm": 12999, "share_pm_pct": 27.4, "pax_ev": 1801, "veh_ev": 748, "riders_ev": 3892, "share_ev_pct": 9.5, "pax_night": 278, "veh_night": 96, "riders_night": 1119, "share_night_pct": 1.5 }, "geometry": { "type": "MultiLineString", "coordinates": [ [ [ -73.95219973160529, 40.818950248271882 ], [ -73.95496225648094, 40.820050380382327 ] ], [ [ -73.955076753517048, 40.820097169799098 ], [ -73.955196634768825, 40.820147154948401 ] ], [ [ -73.95496225648094, 40.820050380382327 ], [ -73.955076753517048, 40.820097169799098 ] ], [ [ -73.955196634768825, 40.820147154948401 ], [ -73.957523386034637, 40.82114338291057 ] ] ] } },
{ "type": "Feature", "properties": { "corridor_id": 372, "rank": 232, "name": "CATHEDRAL PARKWAY (Manhattan)", "street": "CATHEDRAL PARKWAY", "borough": "Manhattan", "n_blocks": 12, "n_routes": 3, "routes": [ "M11", "M3", "M4" ], "peak_period": "pm", "hourly_pax": [ 91, 22, 0, 0, 14, 27, 748, 1560, 1567, 1134, 1079, 1394, 1489, 1808, 2112, 2039, 1516, 2501, 1826, 1010, 779, 675, 644, 326 ], "miles": 0.5, "pax_delay_min": 20343, "veh_delay_min": 2517, "riders_20d": 36193, "bus_trips_20d": 4060, "rider_block_crossings": 434311, "bus_block_crossings": 48723, "min_per_bus": 0.43, "sec_per_rider": 26, "riders_per_delayed_bus_min": 8.1, "riders_per_bus": 8.9, "pax_delay_per_mile": 40684, "veh_delay_per_mile": 5033, "buses_per_day": 203, "riders_per_day": 1810, "share_of_city_delay_pct": 0.102, "cum_share_pct": 95.84, "pax_am": 5009, "veh_am": 586, "riders_am": 77612, "share_am_pct": 20.6, "pax_md": 7882, "veh_md": 803, "riders_md": 107377, "share_md_pct": 32.4, "pax_pm": 7882, "veh_pm": 803, "riders_pm": 100245, "share_pm_pct": 32.4, "pax_ev": 3434, "veh_ev": 588, "riders_ev": 38039, "share_ev_pct": 14.1, "pax_night": 153, "veh_night": 36, "riders_night": 1260, "share_night_pct": 0.6 }, "geometry": { "type": "MultiLineString", "coordinates": [ [ [ -73.96107794008698, 40.801800357209366 ], [ -73.96386126295225, 40.802972037900069 ] ], [ [ -73.966597504332697, 40.804123677039264 ], [ -73.966701068829451, 40.804168476492343 ] ], [ [ -73.959646854078699, 40.80115642268418 ], [ -73.96107794008698, 40.801800357209366 ] ], [ [ -73.966701068829451, 40.804168476492343 ], [ -73.966803273109832, 40.804207560667493 ] ], [ [ -73.96386126295225, 40.802972037900069 ], [ -73.96434277732763, 40.803174560883122 ] ], [ [ -73.965564986954362, 40.803688601297416 ], [ -73.966035014992656, 40.803886498497967 ] ], [ [ -73.96434277732763, 40.803174560883122 ], [ -73.965426405832886, 40.803630317837076 ] ], [ [ -73.965426405832886, 40.803630317837076 ], [ -73.965564986954362, 40.803688601297416 ] ], [ [ -73.966035014992656, 40.803886498497967 ], [ -73.966174951705483, 40.803945504856976 ] ], [ [ -73.966174951705483, 40.803945504856976 ], [ -73.966597504332697, 40.804123677039264 ] ], [ [ -73.958481114652045, 40.800670477482591 ], [ -73.958833813826516, 40.800817504514349 ] ], [ [ -73.958833813826516, 40.800817504514349 ], [ -73.959646854078699, 40.80115642268418 ] ] ] } },
{ "type": "Feature", "properties": { "corridor_id": 247, "rank": 233, "name": "CHURCH AVENUE (Brooklyn)", "street": "CHURCH AVENUE", "borough": "Brooklyn", "n_blocks": 8, "n_routes": 4, "routes": [ "B103", "B35", "BM3", "BM4" ], "peak_period": "pm", "hourly_pax": [ 102, 94, 78, 66, 40, 90, 169, 587, 1096, 839, 291, 851, 639, 1132, 613, 1130, 2991, 2484, 2227, 775, 600, 441, 517, 212 ], "miles": 0.33, "pax_delay_min": 19823, "veh_delay_min": 4662, "riders_20d": 29768, "bus_trips_20d": 4909, "rider_block_crossings": 238141, "bus_block_crossings": 39270, "min_per_bus": 0.94, "sec_per_rider": 56, "riders_per_delayed_bus_min": 4.3, "riders_per_bus": 6.1, "pax_delay_per_mile": 59692, "veh_delay_per_mile": 14038, "buses_per_day": 245, "riders_per_day": 1488, "share_of_city_delay_pct": 0.099, "cum_share_pct": 95.94, "pax_am": 2691, "veh_am": 675, "riders_am": 37328, "share_am_pct": 14.9, "pax_md": 3526, "veh_md": 715, "riders_md": 48584, "share_md_pct": 19.5, "pax_pm": 8832, "veh_pm": 1480, "riders_pm": 68443, "share_pm_pct": 48.9, "pax_ev": 2545, "veh_ev": 873, "riders_ev": 28189, "share_ev_pct": 14.1, "pax_night": 470, "veh_night": 173, "riders_night": 8705, "share_night_pct": 2.6 }, "geometry": { "type": "MultiLineString", "coordinates": [ [ [ -73.982444542138467, 40.641538625562674 ], [ -73.982043217800964, 40.641707582006319 ] ], [ [ -73.980420578703331, 40.642385226782231 ], [ -73.979442303930796, 40.642796215027928 ] ], [ [ -73.981232404914792, 40.642044912946147 ], [ -73.980420578703331, 40.642385226782231 ] ], [ [ -73.979018831484609, 40.642971928868583 ], [ -73.978326932104807, 40.643268439920703 ] ], [ [ -73.979442303930796, 40.642796215027928 ], [ -73.979018831484609, 40.642971928868583 ] ], [ [ -73.982043217800964, 40.641707582006319 ], [ -73.981232404914792, 40.642044912946147 ] ], [ [ -73.982994192377447, 40.641324996949088 ], [ -73.982444542138467, 40.641538625562674 ] ], [ [ -73.978326932104807, 40.643268439920703 ], [ -73.977452952783452, 40.643636439796744 ] ] ] } },
{ "type": "Feature", "properties": { "corridor_id": 542, "rank": 234, "name": "90 STREET (Queens)", "street": "90 STREET", "borough": "Queens", "n_blocks": 4, "n_routes": 1, "routes": [ "Q49" ], "peak_period": "am", "hourly_pax": [ 14, 0, 0, 0, 110, 1038, 2653, 1170, 2206, 937, 896, 579, 696, 653, 628, 478, 658, 819, 820, 807, 558, 288, 343, 159 ], "miles": 0.28, "pax_delay_min": 19523, "veh_delay_min": 1191, "riders_20d": 39939, "bus_trips_20d": 2293, "rider_block_crossings": 159754, "bus_block_crossings": 9174, "min_per_bus": 0.54, "sec_per_rider": 32, "riders_per_delayed_bus_min": 16.4, "riders_per_bus": 17.4, "pax_delay_per_mile": 70940, "veh_delay_per_mile": 4329, "buses_per_day": 115, "riders_per_day": 1997, "share_of_city_delay_pct": 0.098, "cum_share_pct": 96.04, "pax_am": 6965, "veh_am": 364, "riders_am": 61345, "share_am_pct": 42.2, "pax_md": 3451, "veh_md": 167, "riders_md": 28859, "share_md_pct": 20.9, "pax_pm": 2775, "veh_pm": 201, "riders_pm": 17710, "share_pm_pct": 16.8, "pax_ev": 2155, "veh_ev": 163, "riders_ev": 10996, "share_ev_pct": 13.1, "pax_night": 1162, "veh_night": 85, "riders_night": 10271, "share_night_pct": 7.0 }, "geometry": { "type": "MultiLineString", "coordinates": [ [ [ -73.878314970247359, 40.758463692475068 ], [ -73.87793030996815, 40.756339010118438 ] ], [ [ -73.877677084906821, 40.754947883147054 ], [ -73.877605102378951, 40.75455245748882 ] ], [ [ -73.877605102378951, 40.75455245748882 ], [ -73.877597892101321, 40.754512845299629 ] ], [ [ -73.87793030996815, 40.756339010118438 ], [ -73.877677084906821, 40.754947883147054 ] ] ] } },
{ "type": "Feature", "properties": { "corridor_id": 505, "rank": 235, "name": "QUEENS BOULEVARD (Queens)", "street": "QUEENS BOULEVARD", "borough": "Queens", "n_blocks": 6, "n_routes": 2, "routes": [ "Q32", "Q60" ], "peak_period": "ev", "hourly_pax": [ 419, 313, 318, 269, 254, 211, 106, 119, 404, 239, 606, 746, 600, 612, 440, 857, 464, 222, 1336, 1339, 1223, 947, 663, 485 ], "miles": 0.25, "pax_delay_min": 18936, "veh_delay_min": 1918, "riders_20d": 37664, "bus_trips_20d": 3934, "rider_block_crossings": 225983, "bus_block_crossings": 23602, "min_per_bus": 0.49, "sec_per_rider": 29, "riders_per_delayed_bus_min": 9.9, "riders_per_bus": 9.6, "pax_delay_per_mile": 76688, "veh_delay_per_mile": 7767, "buses_per_day": 197, "riders_per_day": 1883, "share_of_city_delay_pct": 0.095, "cum_share_pct": 96.13, "pax_am": 868, "veh_am": 121, "riders_am": 14721, "share_am_pct": 6.6, "pax_md": 3003, "veh_md": 342, "riders_md": 36846, "share_md_pct": 22.8, "pax_pm": 2879, "veh_pm": 149, "riders_pm": 67727, "share_pm_pct": 21.8, "pax_ev": 4656, "veh_ev": 460, "riders_ev": 41209, "share_ev_pct": 35.3, "pax_night": 1784, "veh_night": 173, "riders_night": 14086, "share_night_pct": 13.5 }, "geometry": { "type": "MultiLineString", "coordinates": [ [ [ -73.936863556519555, 40.74842126362951 ], [ -73.936636819063068, 40.748204093138291 ] ], [ [ -73.935256936458458, 40.746863543266443 ], [ -73.934806335192121, 40.746426606527919 ] ], [ [ -73.935560679376366, 40.747158089382701 ], [ -73.935256936458458, 40.746863543266443 ] ], [ [ -73.936636819063068, 40.748204093138291 ], [ -73.935560679376366, 40.747158089382701 ] ], [ [ -73.937396537652333, 40.748916439935101 ], [ -73.936863556519555, 40.74842126362951 ] ], [ [ -73.934806335192121, 40.746426606527919 ], [ -73.934477820547258, 40.746109740459175 ] ] ] } },
{ "type": "Feature", "properties": { "corridor_id": 38, "rank": 236, "name": "BEDFORD PARK BOULEVARD WEST (Bronx)", "street": "BEDFORD PARK BOULEVARD WEST", "borough": "Bronx", "n_blocks": 8, "n_routes": 6, "routes": [ "BX10", "BX22", "BX25", "BX26", "BX28", "BX38" ], "peak_period": "am", "hourly_pax": [ 0, 46, 26, 24, 18, 111, 1064, 1349, 1167, 1024, 755, 721, 1031, 1055, 943, 826, 802, 1115, 812, 547, 396, 404, 300, 394 ], "miles": 0.29, "pax_delay_min": 18631, "veh_delay_min": 3565, "riders_20d": 42945, "bus_trips_20d": 8550, "rider_block_crossings": 343563, "bus_block_crossings": 68398, "min_per_bus": 0.58, "sec_per_rider": 35, "riders_per_delayed_bus_min": 5.2, "riders_per_bus": 5.0, "pax_delay_per_mile": 64255, "veh_delay_per_mile": 12296, "buses_per_day": 427, "riders_per_day": 2147, "share_of_city_delay_pct": 0.093, "cum_share_pct": 96.23, "pax_am": 4603, "veh_am": 758, "riders_am": 71413, "share_am_pct": 30.8, "pax_md": 4505, "veh_md": 681, "riders_md": 84212, "share_md_pct": 30.2, "pax_pm": 3554, "veh_pm": 584, "riders_pm": 82322, "share_pm_pct": 23.8, "pax_ev": 2042, "veh_ev": 633, "riders_ev": 31379, "share_ev_pct": 13.7, "pax_night": 225, "veh_night": 69, "riders_night": 8779, "share_night_pct": 1.5 }, "geometry": { "type": "MultiLineString", "coordinates": [ [ [ -73.889779749377695, 40.873656578392463 ], [ -73.889371637650342, 40.873382297786904 ] ], [ [ -73.894072728585925, 40.875587745520114 ], [ -73.891634291700342, 40.874477214144065 ] ], [ [ -73.891132995052118, 40.874252068495515 ], [ -73.890716889836398, 40.874057435360982 ] ], [ [ -73.890716889836398, 40.874057435360982 ], [ -73.890215001292006, 40.873837383411725 ] ], [ [ -73.891634291700342, 40.874477214144065 ], [ -73.891523181453636, 40.874427312215168 ] ], [ [ -73.891523181453636, 40.874427312215168 ], [ -73.891132995052118, 40.874252068495515 ] ], [ [ -73.890215001292006, 40.873837383411725 ], [ -73.889964296035544, 40.873733240369852 ] ], [ [ -73.889964296035544, 40.873733240369852 ], [ -73.889779749377695, 40.873656578392463 ] ] ] } },
{ "type": "Feature", "properties": { "corridor_id": 508, "rank": 237, "name": "CORNAGA AVENUE (Queens)", "street": "CORNAGA AVENUE", "borough": "Queens", "n_blocks": 7, "n_routes": 2, "routes": [ "Q113", "Q114" ], "peak_period": "pm", "hourly_pax": [ 172, 179, 301, 103, 148, 98, 499, 510, 754, 1059, 880, 785, 948, 1101, 801, 1076, 1336, 844, 1285, 695, 357, 586, 290, 190 ], "miles": 0.22, "pax_delay_min": 18285, "veh_delay_min": 1768, "riders_20d": 38865, "bus_trips_20d": 4216, "rider_block_crossings": 272055, "bus_block_crossings": 29515, "min_per_bus": 0.41, "sec_per_rider": 25, "riders_per_delayed_bus_min": 10.3, "riders_per_bus": 9.2, "pax_delay_per_mile": 81950, "veh_delay_per_mile": 7926, "buses_per_day": 211, "riders_per_day": 1943, "share_of_city_delay_pct": 0.092, "cum_share_pct": 96.32, "pax_am": 2822, "veh_am": 219, "riders_am": 44105, "share_am_pct": 18.8, "pax_md": 4515, "veh_md": 344, "riders_md": 57639, "share_md_pct": 30.1, "pax_pm": 4540, "veh_pm": 420, "riders_pm": 51957, "share_pm_pct": 30.3, "pax_ev": 2119, "veh_ev": 291, "riders_ev": 30220, "share_ev_pct": 14.1, "pax_night": 1001, "veh_night": 128, "riders_night": 17784, "share_night_pct": 6.7 }, "geometry": { "type": "MultiLineString", "coordinates": [ [ [ -73.746452826992297, 40.603291368468952 ], [ -73.747041542132621, 40.60317794977761 ] ], [ [ -73.749447941502098, 40.60264798297441 ], [ -73.749676972380144, 40.602595017858185 ] ], [ [ -73.747561614142541, 40.603078494143439 ], [ -73.748781363425465, 40.602802120860432 ] ], [ [ -73.745740308843907, 40.603402549432133 ], [ -73.746452826992297, 40.603291368468952 ] ], [ [ -73.747041542132621, 40.60317794977761 ], [ -73.747561614142541, 40.603078494143439 ] ], [ [ -73.748781363425465, 40.602802120860432 ], [ -73.749447941502098, 40.60264798297441 ] ], [ [ -73.749676972380144, 40.602595017858185 ], [ -73.749833839666692, 40.602560166866269 ] ] ] } },
{ "type": "Feature", "properties": { "corridor_id": 317, "rank": 238, "name": "ELDERT LANE ()", "street": "ELDERT LANE", "borough": "Brooklyn / Queens", "n_blocks": 8, "n_routes": 1, "routes": [ "Q07" ], "peak_period": "md", "hourly_pax": [ 35, 133, 128, 124, 99, 173, 1470, 662, 1636, 736, 459, 1256, 1274, 1336, 1414, 238, 336, 287, 203, 119, 43, 36, 45, 42 ], "miles": 0.31, "pax_delay_min": 18102, "veh_delay_min": 10555, "riders_20d": 2746, "bus_trips_20d": 1422, "rider_block_crossings": 21969, "bus_block_crossings": 11379, "min_per_bus": 7.35, "sec_per_rider": 441, "riders_per_delayed_bus_min": 1.7, "riders_per_bus": 1.9, "pax_delay_per_mile": 59271, "veh_delay_per_mile": 34559, "buses_per_day": 71, "riders_per_day": 137, "share_of_city_delay_pct": 0.091, "cum_share_pct": 96.41, "pax_am": 4504, "veh_am": 1108, "riders_am": 8710, "share_am_pct": 36.7, "pax_md": 5738, "veh_md": 2170, "riders_md": 4447, "share_md_pct": 46.7, "pax_pm": 1064, "veh_pm": 1406, "riders_pm": 2244, "share_pm_pct": 8.7, "pax_ev": 286, "veh_ev": 469, "riders_ev": 1090, "share_ev_pct": 2.3, "pax_night": 692, "veh_night": 1115, "riders_night": 890, "share_night_pct": 5.6 }, "geometry": { "type": "MultiLineString", "coordinates": [ [ [ -73.867768321852424, 40.689803288847621 ], [ -73.867623403956713, 40.689145341720845 ] ], [ [ -73.867280574215414, 40.687749284631451 ], [ -73.867018030080246, 40.686830348485479 ] ], [ [ -73.8674569409431, 40.688400441188421 ], [ -73.867280574215414, 40.687749284631451 ] ], [ [ -73.867909485020817, 40.690476261252186 ], [ -73.867768321852424, 40.689803288847621 ] ], [ [ -73.868058852995816, 40.691183957617163 ], [ -73.867976880995798, 40.690795583667501 ] ], [ [ -73.867976880995798, 40.690795583667501 ], [ -73.867909485020817, 40.690476261252186 ] ], [ [ -73.867623403956713, 40.689145341720845 ], [ -73.867527498849697, 40.688716182647887 ] ], [ [ -73.867527498849697, 40.688716182647887 ], [ -73.8674569409431, 40.688400441188421 ] ] ] } },
{ "type": "Feature", "properties": { "corridor_id": 357, "rank": 239, "name": "PALADINO AVENUE (Manhattan)", "street": "PALADINO AVENUE", "borough": "Manhattan", "n_blocks": 20, "n_routes": 1, "routes": [ "M116" ], "peak_period": "am", "hourly_pax": [ 90, 21, 0, 0, 33, 107, 1136, 2383, 2355, 1045, 690, 699, 641, 687, 773, 1140, 900, 854, 934, 345, 178, 196, 193, 189 ], "miles": 0.29, "pax_delay_min": 17878, "veh_delay_min": 10380, "riders_20d": 3071, "bus_trips_20d": 1781, "rider_block_crossings": 61410, "bus_block_crossings": 35617, "min_per_bus": 5.8, "sec_per_rider": 348, "riders_per_delayed_bus_min": 1.7, "riders_per_bus": 1.7, "pax_delay_per_mile": 61993, "veh_delay_per_mile": 35992, "buses_per_day": 89, "riders_per_day": 154, "share_of_city_delay_pct": 0.09, "cum_share_pct": 96.5, "pax_am": 6919, "veh_am": 3258, "riders_am": 14763, "share_am_pct": 44.4, "pax_md": 3490, "veh_md": 1469, "riders_md": 15944, "share_md_pct": 22.4, "pax_pm": 3828, "veh_pm": 1658, "riders_pm": 17264, "share_pm_pct": 24.6, "pax_ev": 1102, "veh_ev": 1414, "riders_ev": 3665, "share_ev_pct": 7.1, "pax_night": 251, "veh_night": 315, "riders_night": 1245, "share_night_pct": 1.6 }, "geometry": { "type": "MultiLineString", "coordinates": [ [ [ -73.930516778614574, 40.800066492861596 ], [ -73.93022626923586, 40.79976857587927 ] ], [ [ -73.92957984716864, 40.797898070005246 ], [ -73.929551187952654, 40.797252970909334 ] ], [ [ -73.929816364223356, 40.798692441029139 ], [ -73.929726769723473, 40.798457226332985 ] ], [ [ -73.929551187952654, 40.797252970909334 ], [ -73.929820231949705, 40.797037519533809 ] ], [ [ -73.93082388832859, 40.800202779843033 ], [ -73.930516778614574, 40.800066492861596 ] ], [ [ -73.93022626923586, 40.79976857587927 ], [ -73.930186119837956, 40.799663172676127 ] ], [ [ -73.930186119837956, 40.799663172676127 ], [ -73.930019596970979, 40.799225999262859 ] ], [ [ -73.930019596970979, 40.799225999262859 ], [ -73.929976723047218, 40.799113442110155 ] ], [ [ -73.929976723047218, 40.799113442110155 ], [ -73.929861470746957, 40.798810861524444 ] ], [ [ -73.929840649949597, 40.798756198839293 ], [ -73.929816364223356, 40.798692441029139 ] ], [ [ -73.929726769723473, 40.798457226332985 ], [ -73.929703935294796, 40.798388124296217 ] ], [ [ -73.929703935294796, 40.798388124296217 ], [ -73.929655612466846, 40.798241887236358 ] ], [ [ -73.929655612466846, 40.798241887236358 ], [ -73.929636010870112, 40.798167177754344 ] ], [ [ -73.929636010870112, 40.798167177754344 ], [ -73.929593454657777, 40.797987697831843 ] ], [ [ -73.929593454657777, 40.797987697831843 ], [ -73.92957984716864, 40.797898070005246 ] ], [ [ -73.931536235936747, 40.800518891639236 ], [ -73.93124673620683, 40.800390424172505 ] ], [ [ -73.93124673620683, 40.800390424172505 ], [ -73.931166404132568, 40.800354776014231 ] ], [ [ -73.931166404132568, 40.800354776014231 ], [ -73.930896861684147, 40.80023516254429 ] ], [ [ -73.930896861684147, 40.80023516254429 ], [ -73.93082388832859, 40.800202779843033 ] ], [ [ -73.929861470746957, 40.798810861524444 ], [ -73.929840649949597, 40.798756198839293 ] ] ] } },
{ "type": "Feature", "properties": { "corridor_id": 221, "rank": 240, "name": "TILLARY STREET (Brooklyn)", "street": "TILLARY STREET", "borough": "Brooklyn", "n_blocks": 6, "n_routes": 2, "routes": [ "B57", "B62" ], "peak_period": "pm", "hourly_pax": [ 119, 26, 20, 7, 76, 297, 875, 1036, 1173, 643, 764, 576, 254, 588, 776, 919, 1358, 1099, 998, 313, 286, 261, 219, 272 ], "miles": 0.2, "pax_delay_min": 17862, "veh_delay_min": 2026, "riders_20d": 23272, "bus_trips_20d": 2709, "rider_block_crossings": 139634, "bus_block_crossings": 16253, "min_per_bus": 0.73, "sec_per_rider": 44, "riders_per_delayed_bus_min": 8.8, "riders_per_bus": 8.6, "pax_delay_per_mile": 87264, "veh_delay_per_mile": 9899, "buses_per_day": 135, "riders_per_day": 1164, "share_of_city_delay_pct": 0.089, "cum_share_pct": 96.59, "pax_am": 3727, "veh_am": 389, "riders_am": 28190, "share_am_pct": 28.8, "pax_md": 2958, "veh_md": 254, "riders_md": 32885, "share_md_pct": 22.8, "pax_pm": 4374, "veh_pm": 399, "riders_pm": 26699, "share_pm_pct": 33.8, "pax_ev": 1351, "veh_ev": 313, "riders_ev": 9719, "share_ev_pct": 10.4, "pax_night": 544, "veh_night": 118, "riders_night": 5487, "share_night_pct": 4.2 }, "geometry": { "type": "MultiLineString", "coordinates": [ [ [ -73.987101017560519, 40.696207493385096 ], [ -73.985073248274446, 40.696134973303671 ] ], [ [ -73.985073248274446, 40.696134973303671 ], [ -73.984681014389565, 40.696122962810712 ] ], [ [ -73.984472485026416, 40.696119144066841 ], [ -73.984127350914903, 40.696110614554783 ] ], [ [ -73.984565172240352, 40.69612098427541 ], [ -73.984472485026416, 40.696119144066841 ] ], [ [ -73.984127350914903, 40.696110614554783 ], [ -73.983207378758507, 40.69607777707192 ] ], [ [ -73.984681014389565, 40.696122962810712 ], [ -73.984565172240352, 40.69612098427541 ] ] ] } },
{ "type": "Feature", "properties": { "corridor_id": 132, "rank": 241, "name": "STORY AVENUE (Bronx)", "street": "STORY AVENUE", "borough": "Bronx", "n_blocks": 15, "n_routes": 1, "routes": [ "BX5" ], "peak_period": "md", "hourly_pax": [ 226, 37, 0, 0, 0, 159, 563, 701, 1223, 838, 1094, 1020, 1153, 1673, 1039, 948, 1267, 912, 1083, 933, 720, 610, 585, 364 ], "miles": 0.23, "pax_delay_min": 17756, "veh_delay_min": 2094, "riders_20d": 30807, "bus_trips_20d": 3860, "rider_block_crossings": 462102, "bus_block_crossings": 57902, "min_per_bus": 0.49, "sec_per_rider": 30, "riders_per_delayed_bus_min": 8.5, "riders_per_bus": 8.0, "pax_delay_per_mile": 76810, "veh_delay_per_mile": 9059, "buses_per_day": 193, "riders_per_day": 1540, "share_of_city_delay_pct": 0.089, "cum_share_pct": 96.68, "pax_am": 3326, "veh_am": 441, "riders_am": 86899, "share_am_pct": 19.4, "pax_md": 5978, "veh_md": 571, "riders_md": 98802, "share_md_pct": 34.9, "pax_pm": 4210, "veh_pm": 456, "riders_pm": 96091, "share_pm_pct": 24.6, "pax_ev": 3212, "veh_ev": 521, "riders_ev": 64170, "share_ev_pct": 18.7, "pax_night": 423, "veh_night": 71, "riders_night": 13267, "share_night_pct": 2.5 }, "geometry": { "type": "MultiLineString", "coordinates": [ [ [ -73.868180688350094, 40.822945274079586 ], [ -73.867802955863056, 40.822988921308415 ] ], [ [ -73.867802955863056, 40.822988921308415 ], [ -73.867205693661333, 40.823082057805848 ] ], [ [ -73.870205555072047, 40.82267028680198 ], [ -73.870001738089499, 40.822697821695385 ] ], [ [ -73.869093243097964, 40.82282147775738 ], [ -73.868180688350094, 40.822945274079586 ] ], [ [ -73.867205693661333, 40.823082057805848 ], [ -73.86706131602439, 40.823101215924517 ] ], [ [ -73.86706131602439, 40.823101215924517 ], [ -73.866453289410174, 40.823181889908156 ] ], [ [ -73.866453289410174, 40.823181889908156 ], [ -73.866357111824101, 40.823194650943954 ] ], [ [ -73.866357111824101, 40.823194650943954 ], [ -73.866244777739638, 40.823209555176057 ] ], [ [ -73.866244777739638, 40.823209555176057 ], [ -73.866163317047281, 40.823220362960029 ] ], [ [ -73.866163317047281, 40.823220362960029 ], [ -73.866091353460092, 40.823229910910221 ] ], [ [ -73.866091353460092, 40.823229910910221 ], [ -73.865993695040089, 40.823242866994242 ] ], [ [ -73.865993695040089, 40.823242866994242 ], [ -73.865934418349383, 40.823250731431173 ] ], [ [ -73.865934418349383, 40.823250731431173 ], [ -73.865864649546197, 40.823259985636341 ] ], [ [ -73.870001738089499, 40.822697821695385 ], [ -73.869466450844456, 40.822770669538379 ] ], [ [ -73.869466450844456, 40.822770669538379 ], [ -73.869093243097964, 40.82282147775738 ] ] ] } },
{ "type": "Feature", "properties": { "corridor_id": 524, "rank": 242, "name": "ED KOCH QUEENSBORO BR BIKE PATH (Queens)", "street": "ED KOCH QUEENSBORO BR BIKE PATH", "borough": "Queens", "n_blocks": 11, "n_routes": 2, "routes": [ "Q32", "Q60" ], "peak_period": "am", "hourly_pax": [ 109, 118, 208, 185, 90, 197, 1180, 455, 2541, 2806, 1719, 1022, 574, 326, 339, 293, 382, 504, 513, 390, 453, 584, 301, 69 ], "miles": 0.25, "pax_delay_min": 17675, "veh_delay_min": 2727, "riders_20d": 22207, "bus_trips_20d": 3367, "rider_block_crossings": 244281, "bus_block_crossings": 37039, "min_per_bus": 0.83, "sec_per_rider": 50, "riders_per_delayed_bus_min": 6.5, "riders_per_bus": 6.6, "pax_delay_per_mile": 69808, "veh_delay_per_mile": 10772, "buses_per_day": 168, "riders_per_day": 1110, "share_of_city_delay_pct": 0.089, "cum_share_pct": 96.77, "pax_am": 6981, "veh_am": 611, "riders_am": 61856, "share_am_pct": 45.5, "pax_md": 3979, "veh_md": 368, "riders_md": 71666, "share_md_pct": 25.9, "pax_pm": 1691, "veh_pm": 287, "riders_pm": 42124, "share_pm_pct": 11.0, "pax_ev": 1798, "veh_ev": 546, "riders_ev": 19392, "share_ev_pct": 11.7, "pax_night": 907, "veh_night": 273, "riders_night": 6529, "share_night_pct": 5.9 }, "geometry": { "type": "MultiLineString", "coordinates": [ [ [ -73.944512600458296, 40.75263782708263 ], [ -73.943962843675038, 40.752404076268753 ] ], [ [ -73.942835571757982, 40.751908248581429 ], [ -73.942637556772254, 40.751823976965511 ] ], [ [ -73.942637556772254, 40.751823976965511 ], [ -73.94249400910266, 40.751763625790723 ] ], [ [ -73.94249400910266, 40.751763625790723 ], [ -73.94198678142142, 40.751548825493416 ] ], [ [ -73.940692338160218, 40.750990077782554 ], [ -73.940262815439439, 40.750967100218567 ] ], [ [ -73.94198678142142, 40.751548825493416 ], [ -73.941763270408103, 40.751457921389381 ] ], [ [ -73.9414468420958, 40.75132922497972 ], [ -73.940692338160218, 40.750990077782554 ] ], [ [ -73.943962843675038, 40.752404076268753 ], [ -73.943700872928289, 40.752283426117437 ] ], [ [ -73.943700872928289, 40.752283426117437 ], [ -73.942835571757982, 40.751908248581429 ] ], [ [ -73.941763270408103, 40.751457921389381 ], [ -73.941557490536454, 40.751374228066226 ] ], [ [ -73.941557490536454, 40.751374228066226 ], [ -73.9414468420958, 40.75132922497972 ] ] ] } },
{ "type": "Feature", "properties": { "corridor_id": 1, "rank": 243, "name": "EAST 168 STREET (Bronx)", "street": "EAST 168 STREET", "borough": "Bronx", "n_blocks": 5, "n_routes": 1, "routes": [ "BX35" ], "peak_period": "md", "hourly_pax": [ 152, 78, 39, 78, 46, 70, 875, 840, 1759, 1989, 1432, 1143, 1455, 1992, 1114, 558, 628, 471, 659, 281, 396, 408, 417, 207 ], "miles": 0.26, "pax_delay_min": 17646, "veh_delay_min": 1831, "riders_20d": 39393, "bus_trips_20d": 4312, "rider_block_crossings": 196966, "bus_block_crossings": 21559, "min_per_bus": 0.4, "sec_per_rider": 24, "riders_per_delayed_bus_min": 9.6, "riders_per_bus": 9.1, "pax_delay_per_mile": 68241, "veh_delay_per_mile": 7081, "buses_per_day": 216, "riders_per_day": 1970, "share_of_city_delay_pct": 0.088, "cum_share_pct": 96.85, "pax_am": 5464, "veh_am": 481, "riders_am": 45124, "share_am_pct": 32.0, "pax_md": 7135, "veh_md": 639, "riders_md": 47216, "share_md_pct": 41.8, "pax_pm": 2317, "veh_pm": 226, "riders_pm": 38554, "share_pm_pct": 13.6, "pax_ev": 1709, "veh_ev": 249, "riders_ev": 17926, "share_ev_pct": 10.0, "pax_night": 463, "veh_night": 66, "riders_night": 8263, "share_night_pct": 2.7 }, "geometry": { "type": "MultiLineString", "coordinates": [ [ [ -73.904506219396779, 40.830624963516371 ], [ -73.9036572656467, 40.830361970258764 ] ], [ [ -73.908023867658954, 40.83176833551456 ], [ -73.906837753893498, 40.831384214189242 ] ], [ [ -73.906837753893498, 40.831384214189242 ], [ -73.905839764404007, 40.831058982254604 ] ], [ [ -73.905839764404007, 40.831058982254604 ], [ -73.904506219396779, 40.830624963516371 ] ], [ [ -73.9036572656467, 40.830361970258764 ], [ -73.903466858716669, 40.830353796467058 ] ] ] } },
{ "type": "Feature", "properties": { "corridor_id": 81, "rank": 244, "name": "BEMENT AVENUE (Staten Island)", "street": "BEMENT AVENUE", "borough": "Staten Island", "n_blocks": 3, "n_routes": 2, "routes": [ "S44", "S94" ], "peak_period": "md", "hourly_pax": [ 137, 3, 4, 0, 1, 168, 645, 773, 898, 1034, 1156, 866, 912, 1145, 918, 1113, 812, 494, 605, 318, 360, 224, 173, 127 ], "miles": 0.3, "pax_delay_min": 17487, "veh_delay_min": 2114, "riders_20d": 25205, "bus_trips_20d": 3068, "rider_block_crossings": 75616, "bus_block_crossings": 9204, "min_per_bus": 0.69, "sec_per_rider": 41, "riders_per_delayed_bus_min": 8.3, "riders_per_bus": 8.2, "pax_delay_per_mile": 58647, "veh_delay_per_mile": 7089, "buses_per_day": 153, "riders_per_day": 1260, "share_of_city_delay_pct": 0.088, "cum_share_pct": 96.94, "pax_am": 3350, "veh_am": 402, "riders_am": 15364, "share_am_pct": 26.0, "pax_md": 4997, "veh_md": 503, "riders_md": 16330, "share_md_pct": 38.8, "pax_pm": 3024, "veh_pm": 309, "riders_pm": 17802, "share_pm_pct": 23.5, "pax_ev": 1203, "veh_ev": 224, "riders_ev": 7298, "share_ev_pct": 9.3, "pax_night": 314, "veh_night": 58, "riders_night": 1779, "share_night_pct": 2.4 }, "geometry": { "type": "MultiLineString", "coordinates": [ [ [ -74.112793902246295, 40.637530810472491 ], [ -74.112251631377262, 40.63474698822008 ] ], [ [ -74.11208958136551, 40.633936804690158 ], [ -74.111953604636852, 40.633257143748956 ] ], [ [ -74.112251631377262, 40.63474698822008 ], [ -74.11208958136551, 40.633936804690158 ] ] ] } },
{ "type": "Feature", "properties": { "corridor_id": 283, "rank": 245, "name": "TILLARY STREET (Brooklyn)", "street": "TILLARY STREET", "borough": "Brooklyn", "n_blocks": 9, "n_routes": 4, "routes": [ "B26", "B54", "B57", "B62" ], "peak_period": "pm", "hourly_pax": [ 41, 23, 1, 0, 0, 2, 62, 145, 331, 874, 572, 420, 537, 524, 728, 717, 813, 1146, 996, 365, 141, 234, 218, 213 ], "miles": 0.28, "pax_delay_min": 17405, "veh_delay_min": 3333, "riders_20d": 10195, "bus_trips_20d": 2830, "rider_block_crossings": 91758, "bus_block_crossings": 25469, "min_per_bus": 0.91, "sec_per_rider": 55, "riders_per_delayed_bus_min": 5.2, "riders_per_bus": 3.6, "pax_delay_per_mile": 61152, "veh_delay_per_mile": 11709, "buses_per_day": 141, "riders_per_day": 510, "share_of_city_delay_pct": 0.087, "cum_share_pct": 97.03, "pax_am": 1413, "veh_am": 438, "riders_am": 12209, "share_am_pct": 15.5, "pax_md": 2780, "veh_md": 488, "riders_md": 22111, "share_md_pct": 30.5, "pax_pm": 3671, "veh_pm": 544, "riders_pm": 23392, "share_pm_pct": 40.3, "pax_ev": 1172, "veh_ev": 367, "riders_ev": 8724, "share_ev_pct": 12.9, "pax_night": 67, "veh_night": 30, "riders_night": 3699, "share_night_pct": 0.7 }, "geometry": { "type": "MultiLineString", "coordinates": [ [ [ -73.987104562617887, 40.696054003070827 ], [ -73.985088691877309, 40.695963040300782 ] ], [ [ -73.98457601508558, 40.695945025796043 ], [ -73.984491076854184, 40.695947725388855 ] ], [ [ -73.984381021975295, 40.695940965513159 ], [ -73.984138964103323, 40.695933224002509 ] ], [ [ -73.985088691877309, 40.695963040300782 ], [ -73.98457601508558, 40.695945025796043 ] ], [ [ -73.984138964103323, 40.695933224002509 ], [ -73.983216497308476, 40.695903754077918 ] ], [ [ -73.984491076854184, 40.695947725388855 ], [ -73.984381021975295, 40.695940965513159 ] ], [ [ -73.988629272768051, 40.696096460956227 ], [ -73.988020724403356, 40.696079699232854 ] ], [ [ -73.988020724403356, 40.696079699232854 ], [ -73.987733430960461, 40.696076631336545 ] ], [ [ -73.987733430960461, 40.696076631336545 ], [ -73.987104562617887, 40.696054003070827 ] ] ] } },
{ "type": "Feature", "properties": { "corridor_id": 117, "rank": 246, "name": "EAST 167 STREET (Bronx)", "street": "EAST 167 STREET", "borough": "Bronx", "n_blocks": 9, "n_routes": 4, "routes": [ "BX27", "BX35", "BX4", "BX4A" ], "peak_period": "am", "hourly_pax": [ 54, 57, 22, 17, 19, 128, 1723, 1513, 1742, 894, 812, 623, 707, 603, 843, 740, 745, 720, 654, 293, 250, 190, 178, 201 ], "miles": 0.26, "pax_delay_min": 17167, "veh_delay_min": 5244, "riders_20d": 11416, "bus_trips_20d": 2965, "rider_block_crossings": 102742, "bus_block_crossings": 26686, "min_per_bus": 1.71, "sec_per_rider": 103, "riders_per_delayed_bus_min": 3.3, "riders_per_bus": 3.8, "pax_delay_per_mile": 64989, "veh_delay_per_mile": 19852, "buses_per_day": 148, "riders_per_day": 571, "share_of_city_delay_pct": 0.086, "cum_share_pct": 97.11, "pax_am": 5872, "veh_am": 1271, "riders_am": 28942, "share_am_pct": 42.8, "pax_md": 3587, "veh_md": 934, "riders_md": 26558, "share_md_pct": 26.1, "pax_pm": 2859, "veh_pm": 862, "riders_pm": 18936, "share_pm_pct": 20.8, "pax_ev": 1112, "veh_ev": 782, "riders_ev": 5684, "share_ev_pct": 8.1, "pax_night": 298, "veh_night": 180, "riders_night": 2276, "share_night_pct": 2.2 }, "geometry": { "type": "MultiLineString", "coordinates": [ [ [ -73.892932261060011, 40.826787035585866 ], [ -73.891912719257931, 40.826794449833727 ] ], [ [ -73.891912719257931, 40.826794449833727 ], [ -73.890905600517016, 40.826787783677027 ] ], [ [ -73.890905600517016, 40.826787783677027 ], [ -73.889979425488491, 40.826809992334539 ] ], [ [ -73.88885046221688, 40.826768594756913 ], [ -73.887895109497322, 40.826743185185734 ] ], [ [ -73.889638953976245, 40.826797509552243 ], [ -73.88885046221688, 40.826768594756913 ] ], [ [ -73.889979425488491, 40.826809992334539 ], [ -73.889835992296611, 40.826804733759566 ] ], [ [ -73.889835992296611, 40.826804733759566 ], [ -73.889805641824353, 40.826803621147384 ] ], [ [ -73.889805641824353, 40.826803621147384 ], [ -73.889690050185095, 40.826799383128495 ] ], [ [ -73.889690050185095, 40.826799383128495 ], [ -73.889638953976245, 40.826797509552243 ] ] ] } },
{ "type": "Feature", "properties": { "corridor_id": 253, "rank": 247, "name": "ROCKAWAY AVENUE (Brooklyn)", "street": "ROCKAWAY AVENUE", "borough": "Brooklyn", "n_blocks": 15, "n_routes": 2, "routes": [ "B12", "B60" ], "peak_period": "pm", "hourly_pax": [ 312, 186, 100, 78, 180, 299, 615, 1088, 2012, 1695, 1097, 1092, 580, 1072, 1062, 1498, 1958, 2169, 1176, 707, 621, 561, 594, 362 ], "miles": 0.56, "pax_delay_min": 17028, "veh_delay_min": 1698, "riders_20d": 34757, "bus_trips_20d": 3861, "rider_block_crossings": 521362, "bus_block_crossings": 57919, "min_per_bus": 0.39, "sec_per_rider": 24, "riders_per_delayed_bus_min": 10.0, "riders_per_bus": 9.0, "pax_delay_per_mile": 30439, "veh_delay_per_mile": 3035, "buses_per_day": 193, "riders_per_day": 1738, "share_of_city_delay_pct": 0.085, "cum_share_pct": 97.2, "pax_am": 5410, "veh_am": 438, "riders_am": 89539, "share_am_pct": 25.6, "pax_md": 4903, "veh_md": 285, "riders_md": 141759, "share_md_pct": 23.2, "pax_pm": 6801, "veh_pm": 470, "riders_pm": 121591, "share_pm_pct": 32.2, "pax_ev": 2845, "veh_ev": 500, "riders_ev": 41067, "share_ev_pct": 13.5, "pax_night": 1156, "veh_night": 209, "riders_night": 21734, "share_night_pct": 5.5 }, "geometry": { "type": "MultiLineString", "coordinates": [ [ [ -73.911082760212736, 40.679515523099141 ], [ -73.910938637582575, 40.678783104007209 ] ], [ [ -73.91075317073674, 40.67827699556576 ], [ -73.91081358359078, 40.677521142227413 ] ], [ [ -73.910926009100095, 40.676344445405213 ], [ -73.910933974004607, 40.676261036731034 ] ], [ [ -73.911002385607858, 40.675544117367053 ], [ -73.911075880868111, 40.674757060714491 ] ], [ [ -73.910938637582575, 40.678783104007209 ], [ -73.910865683258493, 40.678400503525197 ] ], [ [ -73.911230384665856, 40.673078484436296 ], [ -73.911246856801739, 40.673000872653539 ] ], [ [ -73.911224932537337, 40.680239871898287 ], [ -73.911082760212736, 40.679515523099141 ] ], [ [ -73.911151017952179, 40.673978650158368 ], [ -73.911223058980966, 40.673161605179587 ] ], [ [ -73.911223058980966, 40.673161605179587 ], [ -73.911230384665856, 40.673078484436296 ] ], [ [ -73.910933974004607, 40.676261036731034 ], [ -73.911002385607858, 40.675544117367053 ] ], [ [ -73.91091823341074, 40.676418974874302 ], [ -73.910926009100095, 40.676344445405213 ] ], [ [ -73.91081358359078, 40.677521142227413 ], [ -73.91091823341074, 40.676418974874302 ] ], [ [ -73.911075880868111, 40.674757060714491 ], [ -73.911151017952179, 40.673978650158368 ] ], [ [ -73.911246856801739, 40.673000872653539 ], [ -73.911323362605486, 40.672195402394252 ] ], [ [ -73.910865683258493, 40.678400503525197 ], [ -73.91075317073674, 40.67827699556576 ] ] ] } },
{ "type": "Feature", "properties": { "corridor_id": 280, "rank": 248, "name": "PUTNAM AVENUE (Brooklyn)", "street": "PUTNAM AVENUE", "borough": "Brooklyn", "n_blocks": 4, "n_routes": 3, "routes": [ "B26", "Q58", "Q98" ], "peak_period": "am", "hourly_pax": [ 92, 19, 13, 10, 21, 106, 794, 960, 874, 701, 542, 771, 780, 570, 612, 601, 637, 651, 920, 186, 193, 155, 156, 81 ], "miles": 0.29, "pax_delay_min": 16943, "veh_delay_min": 14793, "riders_20d": 5766, "bus_trips_20d": 4451, "rider_block_crossings": 23064, "bus_block_crossings": 17803, "min_per_bus": 3.6, "sec_per_rider": 216, "riders_per_delayed_bus_min": 1.1, "riders_per_bus": 1.3, "pax_delay_per_mile": 58659, "veh_delay_per_mile": 51215, "buses_per_day": 223, "riders_per_day": 288, "share_of_city_delay_pct": 0.085, "cum_share_pct": 97.28, "pax_am": 3330, "veh_am": 2500, "riders_am": 4285, "share_am_pct": 31.9, "pax_md": 3276, "veh_md": 2070, "riders_md": 6676, "share_md_pct": 31.4, "pax_pm": 2809, "veh_pm": 2673, "riders_pm": 3972, "share_pm_pct": 26.9, "pax_ev": 771, "veh_ev": 2355, "riders_ev": 1161, "share_ev_pct": 7.4, "pax_night": 262, "veh_night": 846, "riders_night": 328, "share_night_pct": 2.5 }, "geometry": { "type": "MultiLineString", "coordinates": [ [ [ -73.909251018816491, 40.697767382251719 ], [ -73.908773661093051, 40.69825522675395 ] ], [ [ -73.91030271508771, 40.696699442000664 ], [ -73.909513433396256, 40.697499208666649 ] ], [ [ -73.909513433396256, 40.697499208666649 ], [ -73.909251018816491, 40.697767382251719 ] ], [ [ -73.908773661093051, 40.69825522675395 ], [ -73.90697803579242, 40.700034021787502 ] ] ] } },
{ "type": "Feature", "properties": { "corridor_id": 273, "rank": 249, "name": "DWIGHT STREET (Brooklyn)", "street": "DWIGHT STREET", "borough": "Brooklyn", "n_blocks": 4, "n_routes": 2, "routes": [ "B57", "B61" ], "peak_period": "md", "hourly_pax": [ 368, 134, 0, 0, 7, 249, 656, 599, 750, 895, 1239, 640, 723, 818, 1052, 879, 1009, 793, 883, 590, 259, 193, 466, 378 ], "miles": 0.2, "pax_delay_min": 16815, "veh_delay_min": 3854, "riders_20d": 10185, "bus_trips_20d": 2731, "rider_block_crossings": 40740, "bus_block_crossings": 10925, "min_per_bus": 1.44, "sec_per_rider": 87, "riders_per_delayed_bus_min": 4.4, "riders_per_bus": 3.7, "pax_delay_per_mile": 84560, "veh_delay_per_mile": 19379, "buses_per_day": 137, "riders_per_day": 509, "share_of_city_delay_pct": 0.084, "cum_share_pct": 97.37, "pax_am": 2901, "veh_am": 879, "riders_am": 7826, "share_am_pct": 21.4, "pax_md": 4472, "veh_md": 685, "riders_md": 10851, "share_md_pct": 32.9, "pax_pm": 3564, "veh_pm": 872, "riders_pm": 5959, "share_pm_pct": 26.2, "pax_ev": 1885, "veh_ev": 564, "riders_ev": 3345, "share_ev_pct": 13.9, "pax_night": 758, "veh_night": 226, "riders_night": 2116, "share_night_pct": 5.6 }, "geometry": { "type": "MultiLineString", "coordinates": [ [ [ -74.009921156479948, 40.675299115673795 ], [ -74.010553503711492, 40.674757307245144 ] ], [ [ -74.011803123503839, 40.673689615919344 ], [ -74.012441154648982, 40.67314874337216 ] ], [ [ -74.011180104078818, 40.674222774458343 ], [ -74.011803123503839, 40.673689615919344 ] ], [ [ -74.010553503711492, 40.674757307245144 ], [ -74.011180104078818, 40.674222774458343 ] ] ] } },
{ "type": "Feature", "properties": { "corridor_id": 224, "rank": 250, "name": "AVENUE U (Brooklyn)", "street": "AVENUE U", "borough": "Brooklyn", "n_blocks": 9, "n_routes": 2, "routes": [ "B3", "B47" ], "peak_period": "pm", "hourly_pax": [ 45, 57, 24, 10, 30, 101, 248, 284, 275, 283, 376, 702, 935, 1205, 1273, 1305, 1225, 1316, 1047, 376, 464, 321, 166, 69 ], "miles": 0.2, "pax_delay_min": 16788, "veh_delay_min": 2330, "riders_20d": 18411, "bus_trips_20d": 2981, "rider_block_crossings": 165702, "bus_block_crossings": 26825, "min_per_bus": 0.88, "sec_per_rider": 53, "riders_per_delayed_bus_min": 7.2, "riders_per_bus": 6.2, "pax_delay_per_mile": 86067, "veh_delay_per_mile": 11946, "buses_per_day": 149, "riders_per_day": 921, "share_of_city_delay_pct": 0.084, "cum_share_pct": 97.45, "pax_am": 1090, "veh_am": 161, "riders_am": 28044, "share_am_pct": 9.0, "pax_md": 4491, "veh_md": 572, "riders_md": 36288, "share_md_pct": 37.0, "pax_pm": 4893, "veh_pm": 557, "riders_pm": 35870, "share_pm_pct": 40.3, "pax_ev": 1397, "veh_ev": 359, "riders_ev": 12647, "share_ev_pct": 11.5, "pax_night": 266, "veh_night": 83, "riders_night": 5904, "share_night_pct": 2.2 }, "geometry": { "type": "MultiLineString", "coordinates": [ [ [ -73.921525364146163, 40.610515212583131 ], [ -73.921168967730765, 40.610749428607441 ] ], [ [ -73.922424041269792, 40.609935958715724 ], [ -73.92187774454969, 40.610277507927734 ] ], [ [ -73.920810237978969, 40.610985946994688 ], [ -73.920471895316268, 40.611217688148663 ] ], [ [ -73.92010059128728, 40.611441417491648 ], [ -73.919784938191228, 40.611598104425489 ] ], [ [ -73.92187774454969, 40.610277507927734 ], [ -73.921525364146163, 40.610515212583131 ] ], [ [ -73.922649998753855, 40.609806985368571 ], [ -73.922553752050518, 40.609861185722252 ] ], [ [ -73.922553752050518, 40.609861185722252 ], [ -73.922424041269792, 40.609935958715724 ] ], [ [ -73.921168967730765, 40.610749428607441 ], [ -73.920810237978969, 40.610985946994688 ] ], [ [ -73.920471895316268, 40.611217688148663 ], [ -73.92010059128728, 40.611441417491648 ] ] ] } },
{ "type": "Feature", "properties": { "corridor_id": 260, "rank": 251, "name": "EUCLID AVENUE (Brooklyn)", "street": "EUCLID AVENUE", "borough": "Brooklyn", "n_blocks": 5, "n_routes": 3, "routes": [ "B13", "Q08", "Q112" ], "peak_period": "md", "hourly_pax": [ 439, 20, 0, 0, 6, 313, 532, 469, 719, 673, 876, 1044, 774, 602, 965, 430, 1791, 691, 634, 570, 600, 625, 359, 295 ], "miles": 0.38, "pax_delay_min": 16722, "veh_delay_min": 1092, "riders_20d": 31856, "bus_trips_20d": 2743, "rider_block_crossings": 159280, "bus_block_crossings": 13716, "min_per_bus": 0.21, "sec_per_rider": 13, "riders_per_delayed_bus_min": 15.3, "riders_per_bus": 11.6, "pax_delay_per_mile": 43470, "veh_delay_per_mile": 2839, "buses_per_day": 137, "riders_per_day": 1593, "share_of_city_delay_pct": 0.084, "cum_share_pct": 97.54, "pax_am": 2393, "veh_am": 184, "riders_am": 25286, "share_am_pct": 17.8, "pax_md": 4262, "veh_md": 216, "riders_md": 36690, "share_md_pct": 31.7, "pax_pm": 3546, "veh_pm": 271, "riders_pm": 33099, "share_pm_pct": 26.4, "pax_ev": 2448, "veh_ev": 264, "riders_ev": 16514, "share_ev_pct": 18.2, "pax_night": 778, "veh_night": 82, "riders_night": 5534, "share_night_pct": 5.8 }, "geometry": { "type": "MultiLineString", "coordinates": [ [ [ -73.872227341988562, 40.67667219092948 ], [ -73.871914976809265, 40.675402648030008 ] ], [ [ -73.872506361713789, 40.677819911721649 ], [ -73.872227341988562, 40.67667219092948 ] ], [ [ -73.871598672000047, 40.674133675532303 ], [ -73.871302580794776, 40.67285838550449 ] ], [ [ -73.871914976809265, 40.675402648030008 ], [ -73.871598672000047, 40.674133675532303 ] ], [ [ -73.871302580794776, 40.67285838550449 ], [ -73.871174409175708, 40.672337972262532 ] ] ] } },
{ "type": "Feature", "properties": { "corridor_id": 207, "rank": 252, "name": "AVENUE T (Brooklyn)", "street": "AVENUE T", "borough": "Brooklyn", "n_blocks": 7, "n_routes": 1, "routes": [ "B100" ], "peak_period": "pm", "hourly_pax": [ 62, 37, 0, 0, 0, 31, 260, 1094, 1104, 690, 877, 665, 695, 696, 1009, 1265, 1111, 1482, 1670, 663, 479, 395, 326, 137 ], "miles": 0.22, "pax_delay_min": 16348, "veh_delay_min": 2825, "riders_20d": 18005, "bus_trips_20d": 3195, "rider_block_crossings": 126034, "bus_block_crossings": 22364, "min_per_bus": 0.87, "sec_per_rider": 52, "riders_per_delayed_bus_min": 5.8, "riders_per_bus": 5.6, "pax_delay_per_mile": 73161, "veh_delay_per_mile": 12643, "buses_per_day": 160, "riders_per_day": 900, "share_of_city_delay_pct": 0.082, "cum_share_pct": 97.62, "pax_am": 3149, "veh_am": 689, "riders_am": 25797, "share_am_pct": 21.4, "pax_md": 3941, "veh_md": 489, "riders_md": 31353, "share_md_pct": 26.7, "pax_pm": 5527, "veh_pm": 829, "riders_pm": 37875, "share_pm_pct": 37.5, "pax_ev": 1999, "veh_ev": 484, "riders_ev": 14270, "share_ev_pct": 13.6, "pax_night": 130, "veh_night": 32, "riders_night": 1269, "share_night_pct": 0.9 }, "geometry": { "type": "MultiLineString", "coordinates": [ [ [ -73.91788753352597, 40.615646580333916 ], [ -73.917390731695619, 40.615966305831925 ] ], [ [ -73.91719587468603, 40.61609171581928 ], [ -73.916903027467086, 40.616274229294689 ] ], [ [ -73.916486602767506, 40.616552738221067 ], [ -73.91569464111673, 40.617064196534997 ] ], [ [ -73.916903027467086, 40.616274229294689 ], [ -73.916486602767506, 40.616552738221067 ] ], [ [ -73.917390731695619, 40.615966305831925 ], [ -73.91719587468603, 40.61609171581928 ] ], [ [ -73.918628382240556, 40.615168606041244 ], [ -73.91788753352597, 40.615646580333916 ] ], [ [ -73.918933484489486, 40.614967780236761 ], [ -73.918628382240556, 40.615168606041244 ] ] ] } },
{ "type": "Feature", "properties": { "corridor_id": 369, "rank": 253, "name": "WEST 65 STREET (Manhattan)", "street": "WEST 65 STREET", "borough": "Manhattan", "n_blocks": 5, "n_routes": 1, "routes": [ "M66" ], "peak_period": "am", "hourly_pax": [ 171, 23, 0, 0, 0, 208, 827, 1179, 1471, 1007, 736, 687, 681, 855, 661, 649, 1219, 1109, 842, 409, 332, 435, 490, 308 ], "miles": 0.34, "pax_delay_min": 16284, "veh_delay_min": 3743, "riders_20d": 9433, "bus_trips_20d": 1640, "rider_block_crossings": 47167, "bus_block_crossings": 8199, "min_per_bus": 2.07, "sec_per_rider": 124, "riders_per_delayed_bus_min": 4.4, "riders_per_bus": 5.8, "pax_delay_per_mile": 47840, "veh_delay_per_mile": 10997, "buses_per_day": 82, "riders_per_day": 472, "share_of_city_delay_pct": 0.082, "cum_share_pct": 97.7, "pax_am": 4484, "veh_am": 689, "riders_am": 12066, "share_am_pct": 31.4, "pax_md": 3619, "veh_md": 670, "riders_md": 10408, "share_md_pct": 25.3, "pax_pm": 3819, "veh_pm": 930, "riders_pm": 9970, "share_pm_pct": 26.7, "pax_ev": 1974, "veh_ev": 756, "riders_ev": 4390, "share_ev_pct": 13.8, "pax_night": 402, "veh_night": 141, "riders_night": 1256, "share_night_pct": 2.8 }, "geometry": { "type": "MultiLineString", "coordinates": [ [ [ -73.97919214511532, 40.771781265635482 ], [ -73.98207933926335, 40.772990711975339 ] ], [ [ -73.98207933926335, 40.772990711975339 ], [ -73.982196618666478, 40.773032252561109 ] ], [ [ -73.982196618666478, 40.773032252561109 ], [ -73.982316454538633, 40.773082735228925 ] ], [ [ -73.982316454538633, 40.773082735228925 ], [ -73.984086399083921, 40.773823685076053 ] ], [ [ -73.984086399083921, 40.773823685076053 ], [ -73.984879465970479, 40.774155670792354 ] ] ] } },
{ "type": "Feature", "properties": { "corridor_id": 93, "rank": 254, "name": "ASCH LOOP (Bronx)", "street": "ASCH LOOP", "borough": "Bronx", "n_blocks": 7, "n_routes": 5, "routes": [ "BX23", "BX26", "BX28", "BX30", "BXM7" ], "peak_period": "md", "hourly_pax": [ 27, 0, 0, 0, 0, 58, 239, 435, 531, 478, 1296, 1354, 1360, 1456, 1431, 1031, 1274, 1405, 1158, 509, 456, 275, 160, 64 ], "miles": 0.26, "pax_delay_min": 16091, "veh_delay_min": 3869, "riders_20d": 47935, "bus_trips_20d": 10673, "rider_block_crossings": 335544, "bus_block_crossings": 74708, "min_per_bus": 0.37, "sec_per_rider": 22, "riders_per_delayed_bus_min": 4.2, "riders_per_bus": 4.5, "pax_delay_per_mile": 62449, "veh_delay_per_mile": 15015, "buses_per_day": 534, "riders_per_day": 2397, "share_of_city_delay_pct": 0.081, "cum_share_pct": 97.78, "pax_am": 1682, "veh_am": 618, "riders_am": 51243, "share_am_pct": 11.2, "pax_md": 6897, "veh_md": 1109, "riders_md": 91596, "share_md_pct": 46.0, "pax_pm": 4867, "veh_pm": 943, "riders_pm": 80713, "share_pm_pct": 32.5, "pax_ev": 1463, "veh_ev": 605, "riders_ev": 36431, "share_ev_pct": 9.8, "pax_night": 84, "veh_night": 43, "riders_night": 6154, "share_night_pct": 0.6 }, "geometry": { "type": "MultiLineString", "coordinates": [ [ [ -73.825886649344639, 40.870396140105811 ], [ -73.825946055371361, 40.870424019261137 ] ], [ [ -73.825946055371361, 40.870424019261137 ], [ -73.82630768828048, 40.870583847313029 ] ], [ [ -73.827732096440457, 40.870977869620852 ], [ -73.828278405172298, 40.871011553300072 ] ], [ [ -73.82630768828048, 40.870583847313029 ], [ -73.827197502817839, 40.870885626816388 ] ], [ [ -73.827197502817839, 40.870885626816388 ], [ -73.827732096440457, 40.870977869620852 ] ], [ [ -73.828278405172298, 40.871011553300072 ], [ -73.829620797551527, 40.87115797247732 ] ], [ [ -73.829620797551527, 40.87115797247732 ], [ -73.830535138595977, 40.871462360521136 ] ] ] } },
{ "type": "Feature", "properties": { "corridor_id": 86, "rank": 255, "name": "PITMAN AVENUE (Bronx)", "street": "PITMAN AVENUE", "borough": "Bronx", "n_blocks": 6, "n_routes": 1, "routes": [ "BX16" ], "peak_period": "pm", "hourly_pax": [ 278, 129, 0, 0, 54, 399, 534, 600, 685, 501, 506, 732, 525, 608, 931, 931, 1088, 1218, 1143, 594, 460, 365, 323, 357 ], "miles": 0.3, "pax_delay_min": 15868, "veh_delay_min": 2302, "riders_20d": 21707, "bus_trips_20d": 2985, "rider_block_crossings": 130243, "bus_block_crossings": 17910, "min_per_bus": 0.78, "sec_per_rider": 47, "riders_per_delayed_bus_min": 6.9, "riders_per_bus": 7.3, "pax_delay_per_mile": 53505, "veh_delay_per_mile": 7763, "buses_per_day": 149, "riders_per_day": 1085, "share_of_city_delay_pct": 0.079, "cum_share_pct": 97.86, "pax_am": 2320, "veh_am": 343, "riders_am": 28862, "share_am_pct": 17.9, "pax_md": 3302, "veh_md": 376, "riders_md": 26784, "share_md_pct": 25.5, "pax_pm": 4379, "veh_pm": 477, "riders_pm": 32578, "share_pm_pct": 33.8, "pax_ev": 2099, "veh_ev": 404, "riders_ev": 13763, "share_ev_pct": 16.2, "pax_night": 861, "veh_night": 172, "riders_night": 5621, "share_night_pct": 6.6 }, "geometry": { "type": "MultiLineString", "coordinates": [ [ [ -73.844165050312753, 40.896896707617387 ], [ -73.843367026963165, 40.897072284883699 ] ], [ [ -73.841591872348729, 40.897461429639542 ], [ -73.840724339703158, 40.89764992774716 ] ], [ [ -73.843367026963165, 40.897072284883699 ], [ -73.842479926704897, 40.897267140596348 ] ], [ [ -73.842479926704897, 40.897267140596348 ], [ -73.841591872348729, 40.897461429639542 ] ], [ [ -73.840724339703158, 40.89764992774716 ], [ -73.839664332021641, 40.89788551500763 ] ], [ [ -73.845104645522625, 40.896689878624009 ], [ -73.844165050312753, 40.896896707617387 ] ] ] } },
{ "type": "Feature", "properties": { "corridor_id": 568, "rank": 256, "name": "KOCH BR PEDESTRIAN AND BIKE PATH (Queens)", "street": "KOCH BR PEDESTRIAN AND BIKE PATH", "borough": "Queens", "n_blocks": 4, "n_routes": 2, "routes": [ "Q32", "Q60" ], "peak_period": "am", "hourly_pax": [ 98, 106, 186, 166, 80, 177, 1055, 404, 2280, 2519, 1543, 914, 511, 289, 300, 262, 343, 452, 458, 348, 405, 525, 271, 62 ], "miles": 0.21, "pax_delay_min": 15843, "veh_delay_min": 2444, "riders_20d": 26087, "bus_trips_20d": 3952, "rider_block_crossings": 104346, "bus_block_crossings": 15810, "min_per_bus": 0.62, "sec_per_rider": 37, "riders_per_delayed_bus_min": 6.5, "riders_per_bus": 6.6, "pax_delay_per_mile": 77207, "veh_delay_per_mile": 11911, "buses_per_day": 198, "riders_per_day": 1304, "share_of_city_delay_pct": 0.079, "cum_share_pct": 97.94, "pax_am": 6258, "veh_am": 548, "riders_am": 26449, "share_am_pct": 45.5, "pax_md": 3558, "veh_md": 329, "riders_md": 30525, "share_md_pct": 25.9, "pax_pm": 1514, "veh_pm": 257, "riders_pm": 18000, "share_pm_pct": 11.0, "pax_ev": 1612, "veh_ev": 489, "riders_ev": 8274, "share_ev_pct": 11.7, "pax_night": 814, "veh_night": 245, "riders_night": 2768, "share_night_pct": 5.9 }, "geometry": { "type": "MultiLineString", "coordinates": [ [ [ -73.948206889247516, 40.754242969550482 ], [ -73.947371768497916, 40.753885315589116 ] ], [ [ -73.946300604101594, 40.753424212893144 ], [ -73.945639426556866, 40.753132741923459 ] ], [ [ -73.949030249734477, 40.754613393967119 ], [ -73.948206889247516, 40.754242969550482 ] ], [ [ -73.947371768497916, 40.753885315589116 ], [ -73.946300604101594, 40.753424212893144 ] ] ] } },
{ "type": "Feature", "properties": { "corridor_id": 375, "rank": 257, "name": "PLEASANT AVENUE (Manhattan)", "street": "PLEASANT AVENUE", "borough": "Manhattan", "n_blocks": 5, "n_routes": 1, "routes": [ "M116" ], "peak_period": "md", "hourly_pax": [ 106, 42, 0, 0, 0, 98, 294, 644, 712, 530, 954, 1183, 1220, 1103, 1428, 1302, 1245, 1124, 881, 311, 168, 268, 170, 154 ], "miles": 0.2, "pax_delay_min": 15815, "veh_delay_min": 1257, "riders_20d": 11975, "bus_trips_20d": 1977, "rider_block_crossings": 59874, "bus_block_crossings": 9887, "min_per_bus": 0.64, "sec_per_rider": 38, "riders_per_delayed_bus_min": 12.6, "riders_per_bus": 6.1, "pax_delay_per_mile": 77462, "veh_delay_per_mile": 6158, "buses_per_day": 99, "riders_per_day": 599, "share_of_city_delay_pct": 0.079, "cum_share_pct": 98.02, "pax_am": 2179, "veh_am": 271, "riders_am": 11674, "share_am_pct": 15.6, "pax_md": 5888, "veh_md": 432, "riders_md": 16785, "share_md_pct": 42.3, "pax_pm": 4551, "veh_pm": 391, "riders_pm": 14258, "share_pm_pct": 32.7, "pax_ev": 1070, "veh_ev": 197, "riders_ev": 3682, "share_ev_pct": 7.7, "pax_night": 246, "veh_night": 44, "riders_night": 1283, "share_night_pct": 1.8 }, "geometry": { "type": "MultiLineString", "coordinates": [ [ [ -73.932660721256767, 40.795731679192372 ], [ -73.932200617742836, 40.796359507909287 ] ], [ [ -73.932200617742836, 40.796359507909287 ], [ -73.93174314778112, 40.796987426868235 ] ], [ [ -73.93174314778112, 40.796987426868235 ], [ -73.931267335952498, 40.797640564763256 ] ], [ [ -73.933156972515647, 40.795053571274863 ], [ -73.932922430655452, 40.795374065042694 ] ], [ [ -73.932922430655452, 40.795374065042694 ], [ -73.932660721256767, 40.795731679192372 ] ] ] } },
{ "type": "Feature", "properties": { "corridor_id": 167, "rank": 258, "name": "UNIV HEIGHTS BR BIKE AND PED PTH (Manhattan)", "street": "UNIV HEIGHTS BR BIKE AND PED PTH", "borough": "Manhattan", "n_blocks": 9, "n_routes": 2, "routes": [ "BX12", "BX12+" ], "peak_period": "pm", "hourly_pax": [ 0, 0, 0, 0, 0, 0, 140, 122, 463, 274, 391, 655, 1151, 878, 1378, 946, 1640, 2799, 1383, 1381, 767, 604, 545, 0 ], "miles": 0.22, "pax_delay_min": 15790, "veh_delay_min": 1027, "riders_20d": 74391, "bus_trips_20d": 7499, "rider_block_crossings": 669518, "bus_block_crossings": 67492, "min_per_bus": 0.13, "sec_per_rider": 8, "riders_per_delayed_bus_min": 15.4, "riders_per_bus": 9.9, "pax_delay_per_mile": 71319, "veh_delay_per_mile": 4637, "buses_per_day": 375, "riders_per_day": 3720, "share_of_city_delay_pct": 0.079, "cum_share_pct": 98.1, "pax_am": 999, "veh_am": 122, "riders_am": 130587, "share_am_pct": 6.4, "pax_md": 4454, "veh_md": 414, "riders_md": 128426, "share_md_pct": 28.7, "pax_pm": 6768, "veh_pm": 428, "riders_pm": 163240, "share_pm_pct": 43.6, "pax_ev": 3297, "veh_ev": 252, "riders_ev": 83303, "share_ev_pct": 21.2, "pax_night": 0, "veh_night": 0, "riders_night": 20314, "share_night_pct": 0.0 }, "geometry": { "type": "MultiLineString", "coordinates": [ [ [ -73.913431517600785, 40.862139066419864 ], [ -73.913563382999641, 40.862125154137978 ] ], [ [ -73.914083156163812, 40.862341557077464 ], [ -73.91429082587446, 40.862428016960649 ] ], [ [ -73.913563382999641, 40.862125154137978 ], [ -73.913644694000141, 40.86215900776596 ] ], [ [ -73.913644694000141, 40.86215900776596 ], [ -73.914083156163812, 40.862341557077464 ] ], [ [ -73.91505490965622, 40.862750451827381 ], [ -73.91549966005806, 40.862938127733166 ] ], [ [ -73.91429082587446, 40.862428016960649 ], [ -73.914840728242424, 40.862660071010509 ] ], [ [ -73.914840728242424, 40.862660071010509 ], [ -73.91505490965622, 40.862750451827381 ] ], [ [ -73.91549966005806, 40.862938127733166 ], [ -73.916403851322627, 40.863321758642506 ] ], [ [ -73.916403851322627, 40.863321758642506 ], [ -73.917063466785507, 40.86369061332914 ] ] ] } },
{ "type": "Feature", "properties": { "corridor_id": 125, "rank": 259, "name": "HUNTS POINT AVENUE (Bronx)", "street": "HUNTS POINT AVENUE", "borough": "Bronx", "n_blocks": 9, "n_routes": 2, "routes": [ "BX6", "BX6+" ], "peak_period": "md", "hourly_pax": [ 305, 186, 72, 88, 246, 426, 888, 752, 613, 401, 624, 746, 834, 880, 712, 653, 402, 912, 887, 669, 641, 520, 308, 250 ], "miles": 0.23, "pax_delay_min": 15749, "veh_delay_min": 2888, "riders_20d": 36421, "bus_trips_20d": 6206, "rider_block_crossings": 327790, "bus_block_crossings": 55851, "min_per_bus": 0.33, "sec_per_rider": 20, "riders_per_delayed_bus_min": 5.5, "riders_per_bus": 5.9, "pax_delay_per_mile": 69835, "veh_delay_per_mile": 12808, "buses_per_day": 310, "riders_per_day": 1821, "share_of_city_delay_pct": 0.079, "cum_share_pct": 98.18, "pax_am": 2654, "veh_am": 475, "riders_am": 59334, "share_am_pct": 20.4, "pax_md": 3795, "veh_md": 607, "riders_md": 68652, "share_md_pct": 29.2, "pax_pm": 2853, "veh_pm": 345, "riders_pm": 80229, "share_pm_pct": 21.9, "pax_ev": 2387, "veh_ev": 418, "riders_ev": 43533, "share_ev_pct": 18.3, "pax_night": 1324, "veh_night": 244, "riders_night": 22713, "share_night_pct": 10.2 }, "geometry": { "type": "MultiLineString", "coordinates": [ [ [ -73.885400295083755, 40.814106445625612 ], [ -73.885874400660654, 40.814595912459225 ] ], [ [ -73.885874400660654, 40.814595912459225 ], [ -73.886036185106946, 40.814752084183333 ] ], [ [ -73.886212917433355, 40.814833027695208 ], [ -73.886500126235205, 40.815102797819755 ] ], [ [ -73.886036185106946, 40.814752084183333 ], [ -73.886212917433355, 40.814833027695208 ] ], [ [ -73.886500126235205, 40.815102797819755 ], [ -73.88705375434067, 40.815636499998753 ] ], [ [ -73.88705375434067, 40.815636499998753 ], [ -73.887807083382882, 40.816352472509784 ] ], [ [ -73.888025373686077, 40.816593544772665 ], [ -73.888058815793585, 40.8166574853513 ] ], [ [ -73.887807083382882, 40.816352472509784 ], [ -73.887960442189524, 40.816508900617478 ] ], [ [ -73.887960442189524, 40.816508900617478 ], [ -73.888025373686077, 40.816593544772665 ] ] ] } },
{ "type": "Feature", "properties": { "corridor_id": 500, "rank": 260, "name": "QUEENS PLAZA (Queens)", "street": "QUEENS PLAZA", "borough": "Queens", "n_blocks": 13, "n_routes": 2, "routes": [ "Q32", "Q60" ], "peak_period": "am", "hourly_pax": [ 99, 108, 192, 171, 84, 180, 1067, 404, 2303, 2558, 1567, 917, 511, 289, 329, 266, 380, 463, 458, 349, 414, 536, 276, 63 ], "miles": 0.23, "pax_delay_min": 15739, "veh_delay_min": 2448, "riders_20d": 26328, "bus_trips_20d": 3811, "rider_block_crossings": 342258, "bus_block_crossings": 49547, "min_per_bus": 0.67, "sec_per_rider": 40, "riders_per_delayed_bus_min": 6.4, "riders_per_bus": 6.9, "pax_delay_per_mile": 69344, "veh_delay_per_mile": 10784, "buses_per_day": 191, "riders_per_day": 1316, "share_of_city_delay_pct": 0.079, "cum_share_pct": 98.26, "pax_am": 6332, "veh_am": 555, "riders_am": 86680, "share_am_pct": 45.3, "pax_md": 3612, "veh_md": 333, "riders_md": 97316, "share_md_pct": 25.8, "pax_pm": 1567, "veh_pm": 263, "riders_pm": 58464, "share_pm_pct": 11.2, "pax_ev": 1638, "veh_ev": 497, "riders_ev": 26551, "share_ev_pct": 11.7, "pax_night": 834, "veh_night": 251, "riders_night": 9190, "share_night_pct": 6.0 }, "geometry": { "type": "MultiLineString", "coordinates": [ [ [ -73.940608373024503, 40.750875548332729 ], [ -73.940404059990172, 40.750782915149841 ] ], [ [ -73.940175310119557, 40.750688954179324 ], [ -73.939582030147804, 40.750446356256866 ] ], [ [ -73.937768553316658, 40.749531151812789 ], [ -73.937686310329511, 40.749320690520022 ] ], [ [ -73.937609011145966, 40.749200143224392 ], [ -73.937541775805627, 40.749147431212805 ] ], [ [ -73.940404059990172, 40.750782915149841 ], [ -73.940175310119557, 40.750688954179324 ] ], [ [ -73.939582030147804, 40.750446356256866 ], [ -73.938767592621886, 40.750110107865474 ] ], [ [ -73.938767592621886, 40.750110107865474 ], [ -73.93811714801754, 40.74983270753296 ] ], [ [ -73.937686310329511, 40.749320690520022 ], [ -73.937609011145966, 40.749200143224392 ] ], [ [ -73.937541775805627, 40.749147431212805 ], [ -73.937482309975124, 40.749084260396202 ] ], [ [ -73.93811714801754, 40.74983270753296 ], [ -73.937989278644423, 40.749688521896587 ] ], [ [ -73.937989278644423, 40.749688521896587 ], [ -73.937933358022178, 40.74960854822865 ] ], [ [ -73.937933358022178, 40.74960854822865 ], [ -73.937827048302978, 40.749414816486521 ] ], [ [ -73.937933358022178, 40.74960854822865 ], [ -73.937768553316658, 40.749531151812789 ] ] ] } },
{ "type": "Feature", "properties": { "corridor_id": 84, "rank": 261, "name": "RIVERDALE AVENUE (Bronx)", "street": "RIVERDALE AVENUE", "borough": "Bronx", "n_blocks": 8, "n_routes": 3, "routes": [ "BX7", "BXM1", "BXM2" ], "peak_period": "md", "hourly_pax": [ 150, 84, 2, 0, 17, 136, 739, 499, 491, 675, 875, 884, 1016, 897, 911, 814, 861, 1170, 1588, 693, 456, 277, 315, 306 ], "miles": 0.28, "pax_delay_min": 15710, "veh_delay_min": 1719, "riders_20d": 36349, "bus_trips_20d": 3998, "rider_block_crossings": 290790, "bus_block_crossings": 31985, "min_per_bus": 0.41, "sec_per_rider": 25, "riders_per_delayed_bus_min": 9.1, "riders_per_bus": 9.1, "pax_delay_per_mile": 57093, "veh_delay_per_mile": 6249, "buses_per_day": 200, "riders_per_day": 1817, "share_of_city_delay_pct": 0.079, "cum_share_pct": 98.33, "pax_am": 2403, "veh_am": 229, "riders_am": 58244, "share_am_pct": 17.3, "pax_md": 4583, "veh_md": 383, "riders_md": 67220, "share_md_pct": 33.1, "pax_pm": 4433, "veh_pm": 369, "riders_pm": 65352, "share_pm_pct": 32.0, "pax_ev": 2048, "veh_ev": 383, "riders_ev": 28507, "share_ev_pct": 14.8, "pax_night": 389, "veh_night": 63, "riders_night": 8699, "share_night_pct": 2.8 }, "geometry": { "type": "MultiLineString", "coordinates": [ [ [ -73.907963400021728, 40.888859752872207 ], [ -73.908315852207025, 40.88911589743126 ] ], [ [ -73.907381788296178, 40.887817305161434 ], [ -73.907597319048264, 40.888200980397059 ] ], [ [ -73.907963400021728, 40.888859752872207 ], [ -73.908134776549801, 40.889316763314888 ] ], [ [ -73.907002105896723, 40.885845215169063 ], [ -73.907035723303864, 40.886609002177579 ] ], [ [ -73.907597319048264, 40.888200980397059 ], [ -73.907963400021728, 40.888859752872207 ] ], [ [ -73.907035723303864, 40.886609002177579 ], [ -73.907109716365341, 40.88714991452261 ] ], [ [ -73.907109716365341, 40.88714991452261 ], [ -73.907240888810477, 40.887549908886811 ] ], [ [ -73.907240888810477, 40.887549908886811 ], [ -73.907381788296178, 40.887817305161434 ] ] ] } },
{ "type": "Feature", "properties": { "corridor_id": 265, "rank": 262, "name": "TROY AVENUE (Brooklyn)", "street": "TROY AVENUE", "borough": "Brooklyn", "n_blocks": 6, "n_routes": 1, "routes": [ "B15" ], "peak_period": "pm", "hourly_pax": [ 0, 0, 0, 0, 0, 0, 148, 614, 1183, 978, 584, 424, 1242, 387, 623, 658, 815, 1472, 1190, 371, 125, 78, 114, 230 ], "miles": 0.22, "pax_delay_min": 15382, "veh_delay_min": 1368, "riders_20d": 23918, "bus_trips_20d": 2485, "rider_block_crossings": 143509, "bus_block_crossings": 14910, "min_per_bus": 0.52, "sec_per_rider": 31, "riders_per_delayed_bus_min": 11.2, "riders_per_bus": 9.6, "pax_delay_per_mile": 68925, "veh_delay_per_mile": 6128, "buses_per_day": 124, "riders_per_day": 1196, "share_of_city_delay_pct": 0.077, "cum_share_pct": 98.41, "pax_am": 2923, "veh_am": 226, "riders_am": 25853, "share_am_pct": 26.0, "pax_md": 3260, "veh_md": 285, "riders_md": 32883, "share_md_pct": 29.0, "pax_pm": 4135, "veh_pm": 289, "riders_pm": 29014, "share_pm_pct": 36.8, "pax_ev": 918, "veh_ev": 208, "riders_ev": 10903, "share_ev_pct": 8.2, "pax_night": 0, "veh_night": 0, "riders_night": 5991, "share_night_pct": 0.0 }, "geometry": { "type": "MultiLineString", "coordinates": [ [ [ -73.935598859887733, 40.678877921191905 ], [ -73.935857980918328, 40.677788109616891 ] ], [ [ -73.93586481326092, 40.677607758113531 ], [ -73.935923397227853, 40.676895339666707 ] ], [ [ -73.934872108808051, 40.679593087695963 ], [ -73.935598859887733, 40.678877921191905 ] ], [ [ -73.935857980918328, 40.677788109616891 ], [ -73.935858370682524, 40.677714601196236 ] ], [ [ -73.935858370682524, 40.677714601196236 ], [ -73.93586481326092, 40.677607758113531 ] ], [ [ -73.935923397227853, 40.676895339666707 ], [ -73.93595362725452, 40.676572830595369 ] ] ] } },
{ "type": "Feature", "properties": { "corridor_id": 553, "rank": 263, "name": "59 AVENUE (Queens)", "street": "59 AVENUE", "borough": "Queens", "n_blocks": 4, "n_routes": 3, "routes": [ "Q14", "Q88", "QM11" ], "peak_period": "pm", "hourly_pax": [ 57, 48, 3, 0, 46, 5, 35, 279, 365, 249, 292, 837, 915, 1218, 879, 453, 843, 1691, 2704, 1068, 418, 704, 369, 188 ], "miles": 0.29, "pax_delay_min": 15303, "veh_delay_min": 1334, "riders_20d": 29249, "bus_trips_20d": 2604, "rider_block_crossings": 116998, "bus_block_crossings": 10416, "min_per_bus": 0.46, "sec_per_rider": 28, "riders_per_delayed_bus_min": 11.5, "riders_per_bus": 11.2, "pax_delay_per_mile": 52615, "veh_delay_per_mile": 4586, "buses_per_day": 130, "riders_per_day": 1462, "share_of_city_delay_pct": 0.077, "cum_share_pct": 98.49, "pax_am": 928, "veh_am": 104, "riders_am": 15784, "share_am_pct": 6.8, "pax_md": 4140, "veh_md": 357, "riders_md": 21958, "share_md_pct": 30.3, "pax_pm": 5691, "veh_pm": 377, "riders_pm": 34507, "share_pm_pct": 41.6, "pax_ev": 2747, "veh_ev": 298, "riders_ev": 16221, "share_ev_pct": 20.1, "pax_night": 159, "veh_night": 21, "riders_night": 4111, "share_night_pct": 1.2 }, "geometry": { "type": "MultiLineString", "coordinates": [ [ [ -73.869995418260203, 40.733894002696481 ], [ -73.869174769562918, 40.734135859696579 ] ], [ [ -73.869174769562918, 40.734135859696579 ], [ -73.866850571475425, 40.734820824405944 ] ], [ [ -73.866850571475425, 40.734820824405944 ], [ -73.865158654403459, 40.735325013865399 ] ], [ [ -73.870132049514439, 40.733647543731671 ], [ -73.869995418260203, 40.733894002696481 ] ] ] } },
{ "type": "Feature", "properties": { "corridor_id": 212, "rank": 264, "name": "EMPIRE BOULEVARD (Brooklyn)", "street": "EMPIRE BOULEVARD", "borough": "Brooklyn", "n_blocks": 3, "n_routes": 1, "routes": [ "B12" ], "peak_period": "md", "hourly_pax": [ 117, 104, 86, 65, 80, 171, 434, 169, 655, 819, 1208, 1107, 1382, 1130, 1205, 511, 601, 522, 888, 268, 350, 320, 219, 162 ], "miles": 0.2, "pax_delay_min": 14920, "veh_delay_min": 1398, "riders_20d": 44337, "bus_trips_20d": 4139, "rider_block_crossings": 133010, "bus_block_crossings": 12418, "min_per_bus": 0.36, "sec_per_rider": 22, "riders_per_delayed_bus_min": 10.7, "riders_per_bus": 10.7, "pax_delay_per_mile": 76354, "veh_delay_per_mile": 7152, "buses_per_day": 207, "riders_per_day": 2217, "share_of_city_delay_pct": 0.075, "cum_share_pct": 98.56, "pax_am": 2076, "veh_am": 172, "riders_am": 28407, "share_am_pct": 16.5, "pax_md": 6031, "veh_md": 450, "riders_md": 35098, "share_md_pct": 48.0, "pax_pm": 2523, "veh_pm": 202, "riders_pm": 26448, "share_pm_pct": 20.1, "pax_ev": 1318, "veh_ev": 207, "riders_ev": 10099, "share_ev_pct": 10.5, "pax_night": 624, "veh_night": 97, "riders_night": 6047, "share_night_pct": 5.0 }, "geometry": { "type": "MultiLineString", "coordinates": [ [ [ -73.931607434073811, 40.663556722797786 ], [ -73.930684654793552, 40.663620476258885 ] ], [ [ -73.934391278019021, 40.663602730605504 ], [ -73.932379401042979, 40.663497789281578 ] ], [ [ -73.932379401042979, 40.663497789281578 ], [ -73.931607434073811, 40.663556722797786 ] ] ] } },
{ "type": "Feature", "properties": { "corridor_id": 118, "rank": 265, "name": "EAST 177 STREET (Bronx)", "street": "EAST 177 STREET", "borough": "Bronx", "n_blocks": 6, "n_routes": 3, "routes": [ "BXM11", "BXM6", "Q44+" ], "peak_period": "pm", "hourly_pax": [ 332, 276, 174, 148, 231, 383, 576, 288, 404, 368, 390, 368, 339, 520, 751, 1177, 965, 887, 562, 789, 453, 430, 287, 316 ], "miles": 0.2, "pax_delay_min": 14870, "veh_delay_min": 2963, "riders_20d": 43461, "bus_trips_20d": 7217, "rider_block_crossings": 260768, "bus_block_crossings": 43304, "min_per_bus": 0.4, "sec_per_rider": 24, "riders_per_delayed_bus_min": 5.0, "riders_per_bus": 6.0, "pax_delay_per_mile": 74143, "veh_delay_per_mile": 14773, "buses_per_day": 361, "riders_per_day": 2173, "share_of_city_delay_pct": 0.074, "cum_share_pct": 98.64, "pax_am": 1635, "veh_am": 304, "riders_am": 51654, "share_am_pct": 14.3, "pax_md": 2367, "veh_md": 559, "riders_md": 39113, "share_md_pct": 20.7, "pax_pm": 3590, "veh_pm": 633, "riders_pm": 47363, "share_pm_pct": 31.5, "pax_ev": 2275, "veh_ev": 451, "riders_ev": 39797, "share_ev_pct": 19.9, "pax_night": 1544, "veh_night": 307, "riders_night": 19391, "share_night_pct": 13.5 }, "geometry": { "type": "MultiLineString", "coordinates": [ [ [ -73.875257992543737, 40.837544697578437 ], [ -73.87490851063157, 40.837359609219583 ] ], [ [ -73.877887774199095, 40.838822629482301 ], [ -73.876681597548199, 40.838241013244669 ] ], [ [ -73.878163249182762, 40.838845919844765 ], [ -73.877887774199095, 40.838822629482301 ] ], [ [ -73.876681597548199, 40.838241013244669 ], [ -73.875965431344042, 40.83792617140903 ] ], [ [ -73.875965431344042, 40.83792617140903 ], [ -73.875483606510812, 40.837666357035822 ] ], [ [ -73.875483606510812, 40.837666357035822 ], [ -73.875257992543737, 40.837544697578437 ] ] ] } },
{ "type": "Feature", "properties": { "corridor_id": 66, "rank": 266, "name": "EAST TREMONT AVENUE (Bronx)", "street": "EAST TREMONT AVENUE", "borough": "Bronx", "n_blocks": 9, "n_routes": 1, "routes": [ "BX36" ], "peak_period": "md", "hourly_pax": [ 70, 52, 31, 75, 21, 96, 513, 501, 878, 798, 775, 925, 830, 1066, 854, 815, 1089, 1231, 517, 130, 95, 264, 152, 92 ], "miles": 0.23, "pax_delay_min": 14259, "veh_delay_min": 1249, "riders_20d": 30689, "bus_trips_20d": 2796, "rider_block_crossings": 276200, "bus_block_crossings": 25161, "min_per_bus": 0.46, "sec_per_rider": 27, "riders_per_delayed_bus_min": 11.4, "riders_per_bus": 11.0, "pax_delay_per_mile": 62786, "veh_delay_per_mile": 5500, "buses_per_day": 140, "riders_per_day": 1534, "share_of_city_delay_pct": 0.071, "cum_share_pct": 98.71, "pax_am": 2690, "veh_am": 214, "riders_am": 70184, "share_am_pct": 22.7, "pax_md": 4451, "veh_md": 340, "riders_md": 58401, "share_md_pct": 37.5, "pax_pm": 3652, "veh_pm": 314, "riders_pm": 61673, "share_pm_pct": 30.8, "pax_ev": 733, "veh_ev": 101, "riders_ev": 23310, "share_ev_pct": 6.2, "pax_night": 345, "veh_night": 48, "riders_night": 10655, "share_night_pct": 2.9 }, "geometry": { "type": "MultiLineString", "coordinates": [ [ [ -73.905831743644157, 40.849391433416287 ], [ -73.905718715882799, 40.84929295326036 ] ], [ [ -73.90653341619938, 40.850115693542399 ], [ -73.906078201065981, 40.849645527883609 ] ], [ [ -73.906838122814548, 40.850417632028979 ], [ -73.90653341619938, 40.850115693542399 ] ], [ [ -73.90595240998266, 40.849514998066603 ], [ -73.905831743644157, 40.849391433416287 ] ], [ [ -73.906078201065981, 40.849645527883609 ], [ -73.90595240998266, 40.849514998066603 ] ], [ [ -73.905718715882799, 40.84929295326036 ], [ -73.905640905647502, 40.849254879851173 ] ], [ [ -73.903948837405522, 40.848905650044998 ], [ -73.903859411996294, 40.84883975858861 ] ], [ [ -73.903859411996294, 40.84883975858861 ], [ -73.903371578391017, 40.848736307570903 ] ], [ [ -73.905640905647502, 40.849254879851173 ], [ -73.903948837405522, 40.848905650044998 ] ] ] } },
{ "type": "Feature", "properties": { "corridor_id": 544, "rank": 267, "name": "ROCKY HILL ROAD (Queens)", "street": "ROCKY HILL ROAD", "borough": "Queens", "n_blocks": 7, "n_routes": 2, "routes": [ "Q27", "Q31" ], "peak_period": "pm", "hourly_pax": [ 57, 20, 24, 16, 62, 201, 612, 516, 647, 874, 501, 556, 517, 541, 829, 1397, 691, 626, 911, 572, 370, 294, 233, 114 ], "miles": 0.21, "pax_delay_min": 13508, "veh_delay_min": 1434, "riders_20d": 57989, "bus_trips_20d": 7720, "rider_block_crossings": 405920, "bus_block_crossings": 54042, "min_per_bus": 0.18, "sec_per_rider": 11, "riders_per_delayed_bus_min": 9.4, "riders_per_bus": 7.5, "pax_delay_per_mile": 65760, "veh_delay_per_mile": 6983, "buses_per_day": 386, "riders_per_day": 2899, "share_of_city_delay_pct": 0.068, "cum_share_pct": 98.78, "pax_am": 2649, "veh_am": 225, "riders_am": 90656, "share_am_pct": 23.7, "pax_md": 2944, "veh_md": 315, "riders_md": 99903, "share_md_pct": 26.3, "pax_pm": 3624, "veh_pm": 357, "riders_pm": 90613, "share_pm_pct": 32.4, "pax_ev": 1583, "veh_ev": 237, "riders_ev": 36392, "share_ev_pct": 14.2, "pax_night": 380, "veh_night": 66, "riders_night": 14681, "share_night_pct": 3.4 }, "geometry": { "type": "MultiLineString", "coordinates": [ [ [ -73.779482900970578, 40.753482163251917 ], [ -73.779197772060726, 40.753483580379608 ] ], [ [ -73.779197772060726, 40.753483580379608 ], [ -73.778449988535058, 40.753413282225168 ] ], [ [ -73.780130775201116, 40.753395322511217 ], [ -73.779482900970578, 40.753482163251917 ] ], [ [ -73.778225595766912, 40.753393291571321 ], [ -73.777396769701369, 40.7533161399002 ] ], [ [ -73.778449988535058, 40.753413282225168 ], [ -73.778225595766912, 40.753393291571321 ] ], [ [ -73.777396769701369, 40.7533161399002 ], [ -73.776383050136403, 40.753183764872901 ] ], [ [ -73.776383050136403, 40.753183764872901 ], [ -73.776257524573779, 40.753204881359046 ] ] ] } },
{ "type": "Feature", "properties": { "corridor_id": 17, "rank": 268, "name": "WHITE PLAINS ROAD (Bronx)", "street": "WHITE PLAINS ROAD", "borough": "Bronx", "n_blocks": 12, "n_routes": 5, "routes": [ "BX11", "BX36", "BX39", "BXM6", "Q44+" ], "peak_period": "md", "hourly_pax": [ 217, 127, 28, 46, 96, 241, 784, 1052, 1948, 1095, 1067, 1400, 1716, 1844, 2040, 2235, 1305, 1803, 1979, 946, 841, 779, 796, 390 ], "miles": 0.61, "pax_delay_min": 13038, "veh_delay_min": 2284, "riders_20d": 62290, "bus_trips_20d": 9103, "rider_block_crossings": 747478, "bus_block_crossings": 109241, "min_per_bus": 0.2, "sec_per_rider": 12, "riders_per_delayed_bus_min": 5.7, "riders_per_bus": 6.8, "pax_delay_per_mile": 21202, "veh_delay_per_mile": 3713, "buses_per_day": 455, "riders_per_day": 3114, "share_of_city_delay_pct": 0.065, "cum_share_pct": 98.84, "pax_am": 4879, "veh_am": 708, "riders_am": 134846, "share_am_pct": 19.7, "pax_md": 8067, "veh_md": 943, "riders_md": 166740, "share_md_pct": 32.6, "pax_pm": 7322, "veh_pm": 894, "riders_pm": 177540, "share_pm_pct": 29.6, "pax_ev": 3751, "veh_ev": 802, "riders_ev": 78697, "share_ev_pct": 15.1, "pax_night": 755, "veh_night": 186, "riders_night": 21548, "share_night_pct": 3.0 }, "geometry": { "type": "MultiLineString", "coordinates": [ [ [ -73.859526211091605, 40.825885101525792 ], [ -73.859555344955723, 40.825955123504308 ] ], [ [ -73.859406930861269, 40.825621615184879 ], [ -73.859526211091605, 40.825885101525792 ] ], [ [ -73.862722733942292, 40.832920682884001 ], [ -73.86265199727093, 40.833093968900499 ] ], [ [ -73.862914323308416, 40.833708040549503 ], [ -73.862945955733238, 40.833909320665228 ] ], [ [ -73.859555344955723, 40.825955123504308 ], [ -73.859588102772506, 40.82602645582449 ] ], [ [ -73.861618978999005, 40.830503358866011 ], [ -73.862539306874766, 40.832565162322929 ] ], [ [ -73.862799709198669, 40.833048291499892 ], [ -73.862914323308416, 40.833708040549503 ] ], [ [ -73.859703333027326, 40.826277348103794 ], [ -73.860673241054968, 40.828418985745934 ] ], [ [ -73.862722733942292, 40.832920682884001 ], [ -73.862799709198669, 40.833048291499892 ] ], [ [ -73.859588102772506, 40.82602645582449 ], [ -73.859703333027326, 40.826277348103794 ] ], [ [ -73.860673241054968, 40.828418985745934 ], [ -73.861618978999005, 40.830503358866011 ] ], [ [ -73.862539306874766, 40.832565162322929 ], [ -73.862722733942292, 40.832920682884001 ] ] ] } },
{ "type": "Feature", "properties": { "corridor_id": 7, "rank": 269, "name": "BROAD STREET (Staten Island)", "street": "BROAD STREET", "borough": "Staten Island", "n_blocks": 10, "n_routes": 2, "routes": [ "S74", "S84" ], "peak_period": "pm", "hourly_pax": [ 296, 204, 99, 110, 105, 305, 606, 767, 636, 476, 526, 291, 451, 458, 512, 597, 1056, 1269, 1104, 525, 240, 292, 168, 234 ], "miles": 0.32, "pax_delay_min": 13014, "veh_delay_min": 1554, "riders_20d": 21312, "bus_trips_20d": 2325, "rider_block_crossings": 213118, "bus_block_crossings": 23252, "min_per_bus": 0.78, "sec_per_rider": 47, "riders_per_delayed_bus_min": 8.4, "riders_per_bus": 9.2, "pax_delay_per_mile": 40404, "veh_delay_per_mile": 4824, "buses_per_day": 116, "riders_per_day": 1066, "share_of_city_delay_pct": 0.065, "cum_share_pct": 98.91, "pax_am": 2485, "veh_am": 315, "riders_am": 42257, "share_am_pct": 21.9, "pax_md": 2238, "veh_md": 214, "riders_md": 42636, "share_md_pct": 19.8, "pax_pm": 4026, "veh_pm": 395, "riders_pm": 43291, "share_pm_pct": 35.5, "pax_ev": 1459, "veh_ev": 228, "riders_ev": 18276, "share_ev_pct": 12.9, "pax_night": 1120, "veh_night": 168, "riders_night": 16294, "share_night_pct": 9.9 }, "geometry": { "type": "MultiLineString", "coordinates": [ [ [ -74.079970227164154, 40.624483307560212 ], [ -74.080323369491907, 40.624366768933768 ] ], [ [ -74.079597626799909, 40.624601362444643 ], [ -74.079970227164154, 40.624483307560212 ] ], [ [ -74.081856468511859, 40.623878965145799 ], [ -74.082772236914266, 40.623587980721069 ] ], [ [ -74.083824134208868, 40.623252693166172 ], [ -74.085249916489687, 40.622800871325914 ] ], [ [ -74.082772236914266, 40.623587980721069 ], [ -74.083824134208868, 40.623252693166172 ] ], [ [ -74.08142470874779, 40.62401615233518 ], [ -74.081630027639989, 40.623950914540089 ] ], [ [ -74.081630027639989, 40.623950914540089 ], [ -74.081750284016124, 40.623912704477853 ] ], [ [ -74.081750284016124, 40.623912704477853 ], [ -74.081856468511859, 40.623878965145799 ] ], [ [ -74.080323369491907, 40.624366768933768 ], [ -74.081187449661314, 40.624091538409616 ] ], [ [ -74.081187449661314, 40.624091538409616 ], [ -74.08142470874779, 40.62401615233518 ] ] ] } },
{ "type": "Feature", "properties": { "corridor_id": 60, "rank": 270, "name": "CEBRA AVENUE (Staten Island)", "street": "CEBRA AVENUE", "borough": "Staten Island", "n_blocks": 8, "n_routes": 4, "routes": [ "S46", "S52", "S96", "SIM30" ], "peak_period": "md", "hourly_pax": [ 272, 124, 31, 24, 74, 310, 517, 876, 731, 703, 705, 752, 835, 754, 964, 646, 894, 1120, 942, 783, 489, 307, 289, 274 ], "miles": 0.41, "pax_delay_min": 12706, "veh_delay_min": 1870, "riders_20d": 14827, "bus_trips_20d": 2326, "rider_block_crossings": 118612, "bus_block_crossings": 18612, "min_per_bus": 0.46, "sec_per_rider": 27, "riders_per_delayed_bus_min": 6.8, "riders_per_bus": 6.4, "pax_delay_per_mile": 31150, "veh_delay_per_mile": 4584, "buses_per_day": 116, "riders_per_day": 741, "share_of_city_delay_pct": 0.064, "cum_share_pct": 98.97, "pax_am": 2826, "veh_am": 496, "riders_am": 20374, "share_am_pct": 21.1, "pax_md": 4009, "veh_md": 401, "riders_md": 24973, "share_md_pct": 29.9, "pax_pm": 3601, "veh_pm": 425, "riders_pm": 29074, "share_pm_pct": 26.8, "pax_ev": 2142, "veh_ev": 408, "riders_ev": 14573, "share_ev_pct": 16.0, "pax_night": 835, "veh_night": 144, "riders_night": 6804, "share_night_pct": 6.2 }, "geometry": { "type": "MultiLineString", "coordinates": [ [ [ -74.082014430551638, 40.630891526034802 ], [ -74.081406154442988, 40.630301235574954 ] ], [ [ -74.082599744970082, 40.631467364976757 ], [ -74.082014430551638, 40.630891526034802 ] ], [ [ -74.085200822143818, 40.633762398011832 ], [ -74.084913216748589, 40.633639924174993 ] ], [ [ -74.086695309575958, 40.634532584772565 ], [ -74.085749289816775, 40.6339555572225 ] ], [ [ -74.083437383494726, 40.632280404236582 ], [ -74.082599744970082, 40.631467364976757 ] ], [ [ -74.084913216748589, 40.633639924174993 ], [ -74.083437383494726, 40.632280404236582 ] ], [ [ -74.085749289816775, 40.6339555572225 ], [ -74.085474400104388, 40.63385874732068 ] ], [ [ -74.085474400104388, 40.63385874732068 ], [ -74.085200822143818, 40.633762398011832 ] ] ] } },
{ "type": "Feature", "properties": { "corridor_id": 534, "rank": 271, "name": "2 STREET (Queens)", "street": "2 STREET", "borough": "Queens", "n_blocks": 4, "n_routes": 2, "routes": [ "Q101", "Q103" ], "peak_period": "pm", "hourly_pax": [ 203, 106, 181, 5, 114, 121, 271, 140, 465, 171, 500, 469, 521, 571, 554, 1060, 556, 379, 1198, 168, 12, 176, 127, 284 ], "miles": 0.21, "pax_delay_min": 12679, "veh_delay_min": 4571, "riders_20d": 4907, "bus_trips_20d": 1648, "rider_block_crossings": 19629, "bus_block_crossings": 6592, "min_per_bus": 2.88, "sec_per_rider": 173, "riders_per_delayed_bus_min": 2.8, "riders_per_bus": 3.0, "pax_delay_per_mile": 60654, "veh_delay_per_mile": 21868, "buses_per_day": 82, "riders_per_day": 245, "share_of_city_delay_pct": 0.063, "cum_share_pct": 99.03, "pax_am": 1046, "veh_am": 706, "riders_am": 2157, "share_am_pct": 12.5, "pax_md": 2615, "veh_md": 782, "riders_md": 3604, "share_md_pct": 31.3, "pax_pm": 3193, "veh_pm": 576, "riders_pm": 7695, "share_pm_pct": 38.2, "pax_ev": 767, "veh_ev": 397, "riders_ev": 1538, "share_ev_pct": 9.2, "pax_night": 730, "veh_night": 374, "riders_night": 675, "share_night_pct": 8.7 }, "geometry": { "type": "MultiLineString", "coordinates": [ [ [ -73.959329970036251, 40.740788661228869 ], [ -73.959580630981151, 40.740104947255404 ] ], [ [ -73.958887079715893, 40.74210179837776 ], [ -73.959142223019427, 40.741343519594935 ] ], [ [ -73.959142223019427, 40.741343519594935 ], [ -73.959329970036251, 40.740788661228869 ] ], [ [ -73.959580630981151, 40.740104947255404 ], [ -73.959906506721396, 40.739173498878536 ] ] ] } },
{ "type": "Feature", "properties": { "corridor_id": 6, "rank": 272, "name": "BEACH STREET (Staten Island)", "street": "BEACH STREET", "borough": "Staten Island", "n_blocks": 5, "n_routes": 3, "routes": [ "S52", "S78", "SIM30" ], "peak_period": "md", "hourly_pax": [ 133, 106, 63, 41, 57, 157, 302, 359, 844, 441, 1081, 840, 1144, 816, 681, 1022, 977, 1148, 1232, 533, 119, 114, 125, 132 ], "miles": 0.34, "pax_delay_min": 12641, "veh_delay_min": 1474, "riders_20d": 27001, "bus_trips_20d": 3520, "rider_block_crossings": 135006, "bus_block_crossings": 17600, "min_per_bus": 0.43, "sec_per_rider": 26, "riders_per_delayed_bus_min": 8.6, "riders_per_bus": 7.7, "pax_delay_per_mile": 36727, "veh_delay_per_mile": 4281, "buses_per_day": 176, "riders_per_day": 1350, "share_of_city_delay_pct": 0.063, "cum_share_pct": 99.1, "pax_am": 1945, "veh_am": 379, "riders_am": 19523, "share_am_pct": 15.6, "pax_md": 4563, "veh_md": 301, "riders_md": 37268, "share_md_pct": 36.6, "pax_pm": 4380, "veh_pm": 436, "riders_pm": 30566, "share_pm_pct": 35.1, "pax_ev": 1024, "veh_ev": 188, "riders_ev": 13375, "share_ev_pct": 8.2, "pax_night": 557, "veh_night": 89, "riders_night": 8450, "share_night_pct": 4.5 }, "geometry": { "type": "MultiLineString", "coordinates": [ [ [ -74.079724922536656, 40.62895068785334 ], [ -74.080758220066798, 40.629494042910331 ] ], [ [ -74.080758220066798, 40.629494042910331 ], [ -74.081731353737794, 40.630012226035923 ] ], [ [ -74.076380436712043, 40.627137852413775 ], [ -74.077517702652131, 40.627743132294341 ] ], [ [ -74.077517702652131, 40.627743132294341 ], [ -74.07789199791867, 40.627947912449407 ] ], [ [ -74.07789199791867, 40.627947912449407 ], [ -74.079724922536656, 40.62895068785334 ] ] ] } },
{ "type": "Feature", "properties": { "corridor_id": 25, "rank": 273, "name": "ERSKINE PLACE (Bronx)", "street": "ERSKINE PLACE", "borough": "Bronx", "n_blocks": 6, "n_routes": 6, "routes": [ "BX23", "BX26", "BX28", "BX30", "BXM7", "Q50" ], "peak_period": "am", "hourly_pax": [ 216, 0, 1, 0, 0, 25, 1084, 1428, 1408, 570, 1118, 530, 573, 712, 535, 94, 57, 492, 203, 45, 156, 64, 572, 473 ], "miles": 0.26, "pax_delay_min": 12624, "veh_delay_min": 8013, "riders_20d": 20760, "bus_trips_20d": 3467, "rider_block_crossings": 124561, "bus_block_crossings": 20803, "min_per_bus": 1.41, "sec_per_rider": 84, "riders_per_delayed_bus_min": 1.6, "riders_per_bus": 6.0, "pax_delay_per_mile": 48633, "veh_delay_per_mile": 30871, "buses_per_day": 173, "riders_per_day": 1038, "share_of_city_delay_pct": 0.063, "cum_share_pct": 99.16, "pax_am": 4491, "veh_am": 1504, "riders_am": 39873, "share_am_pct": 43.4, "pax_md": 3468, "veh_md": 1325, "riders_md": 23860, "share_md_pct": 33.5, "pax_pm": 847, "veh_pm": 1535, "riders_pm": 23087, "share_pm_pct": 8.2, "pax_ev": 1310, "veh_ev": 1289, "riders_ev": 12982, "share_ev_pct": 12.6, "pax_night": 243, "veh_night": 315, "riders_night": 3195, "share_night_pct": 2.3 }, "geometry": { "type": "MultiLineString", "coordinates": [ [ [ -73.823722432199375, 40.860559420863815 ], [ -73.824584490590098, 40.860273657817906 ] ], [ [ -73.824584490590098, 40.860273657817906 ], [ -73.825417505795798, 40.860006241592707 ] ], [ [ -73.825417505795798, 40.860006241592707 ], [ -73.826256738757664, 40.859735244678312 ] ], [ [ -73.82257593823357, 40.860941029602031 ], [ -73.823722432199375, 40.860559420863815 ] ], [ [ -73.826256738757664, 40.859735244678312 ], [ -73.826965093425613, 40.859503526930617 ] ], [ [ -73.826965093425613, 40.859503526930617 ], [ -73.827125543292695, 40.859451039473896 ] ] ] } },
{ "type": "Feature", "properties": { "corridor_id": 379, "rank": 274, "name": "BROADWAY (Manhattan)", "street": "BROADWAY", "borough": "Manhattan", "n_blocks": 9, "n_routes": 2, "routes": [ "M4", "M5" ], "peak_period": "ev", "hourly_pax": [ 203, 84, 22, 0, 0, 104, 404, 58, 46, 134, 292, 566, 696, 468, 435, 144, 401, 680, 176, 316, 674, 686, 654, 400 ], "miles": 0.45, "pax_delay_min": 12290, "veh_delay_min": 1395, "riders_20d": 33352, "bus_trips_20d": 3759, "rider_block_crossings": 300164, "bus_block_crossings": 33830, "min_per_bus": 0.37, "sec_per_rider": 22, "riders_per_delayed_bus_min": 8.8, "riders_per_bus": 8.9, "pax_delay_per_mile": 27254, "veh_delay_per_mile": 3094, "buses_per_day": 188, "riders_per_day": 1668, "share_of_city_delay_pct": 0.062, "cum_share_pct": 99.22, "pax_am": 642, "veh_am": 82, "riders_am": 35646, "share_am_pct": 8.4, "pax_md": 2456, "veh_md": 217, "riders_md": 81168, "share_md_pct": 32.1, "pax_pm": 1401, "veh_pm": 141, "riders_pm": 60552, "share_pm_pct": 18.3, "pax_ev": 2730, "veh_ev": 471, "riders_ev": 28693, "share_ev_pct": 35.7, "pax_night": 413, "veh_night": 85, "riders_night": 5464, "share_night_pct": 5.4 }, "geometry": { "type": "MultiLineString", "coordinates": [ [ [ -73.948489396538875, 40.828931528817961 ], [ -73.948033342080905, 40.829554133409793 ] ], [ [ -73.948033342080905, 40.829554133409793 ], [ -73.947578570737718, 40.830178340182222 ] ], [ [ -73.949857686921263, 40.827060722874677 ], [ -73.949399950926193, 40.827683602952206 ] ], [ [ -73.95084005402893, 40.825715481433392 ], [ -73.950345682587198, 40.826385625854982 ] ], [ [ -73.947578570737718, 40.830178340182222 ], [ -73.947127872753811, 40.830805230199374 ] ], [ [ -73.948950137955691, 40.828306735800808 ], [ -73.948489396538875, 40.828931528817961 ] ], [ [ -73.951308126383537, 40.825093712519838 ], [ -73.95084005402893, 40.825715481433392 ] ], [ [ -73.950345682587198, 40.826385625854982 ], [ -73.949857686921263, 40.827060722874677 ] ], [ [ -73.949399950926193, 40.827683602952206 ], [ -73.948950137955691, 40.828306735800808 ] ] ] } },
{ "type": "Feature", "properties": { "corridor_id": 187, "rank": 275, "name": "ATLANTIC AVENUE (Brooklyn)", "street": "ATLANTIC AVENUE", "borough": "Brooklyn", "n_blocks": 12, "n_routes": 2, "routes": [ "B61", "B63" ], "peak_period": "md", "hourly_pax": [ 73, 8, 54, 39, 5, 27, 66, 48, 174, 462, 1744, 1703, 1085, 1031, 1151, 561, 450, 695, 407, 67, 31, 90, 107, 104 ], "miles": 0.25, "pax_delay_min": 12014, "veh_delay_min": 4388, "riders_20d": 16923, "bus_trips_20d": 5294, "rider_block_crossings": 203080, "bus_block_crossings": 63529, "min_per_bus": 0.87, "sec_per_rider": 52, "riders_per_delayed_bus_min": 2.7, "riders_per_bus": 3.2, "pax_delay_per_mile": 48555, "veh_delay_per_mile": 17732, "buses_per_day": 265, "riders_per_day": 846, "share_of_city_delay_pct": 0.06, "cum_share_pct": 99.28, "pax_am": 749, "veh_am": 690, "riders_am": 28065, "share_am_pct": 7.4, "pax_md": 6714, "veh_md": 1549, "riders_md": 51125, "share_md_pct": 65.9, "pax_pm": 2113, "veh_pm": 1084, "riders_pm": 42859, "share_pm_pct": 20.8, "pax_ev": 400, "veh_ev": 545, "riders_ev": 18424, "share_ev_pct": 3.9, "pax_night": 206, "veh_night": 246, "riders_night": 12581, "share_night_pct": 2.0 }, "geometry": { "type": "MultiLineString", "coordinates": [ [ [ -73.999915173700813, 40.691767230069587 ], [ -73.99951274129424, 40.6916514497576 ] ], [ [ -73.999201618677716, 40.691571833788075 ], [ -73.999100573361659, 40.691536973922339 ] ], [ [ -73.998030486294269, 40.691253722334267 ], [ -73.997769244457999, 40.691194697885841 ] ], [ [ -73.997769244457999, 40.691194697885841 ], [ -73.996232780834859, 40.690757773966411 ] ], [ [ -73.99928819552818, 40.691593959942189 ], [ -73.999201618677716, 40.691571833788075 ] ], [ [ -74.000623035414279, 40.692041490701463 ], [ -74.000190403987361, 40.691896446545819 ] ], [ [ -73.999365401916535, 40.691613078261568 ], [ -73.99928819552818, 40.691593959942189 ] ], [ [ -73.998452718508233, 40.691369983497303 ], [ -73.998030486294269, 40.691253722334267 ] ], [ [ -73.99951274129424, 40.6916514497576 ], [ -73.999365401916535, 40.691613078261568 ] ], [ [ -74.000190403987361, 40.691896446545819 ], [ -73.999915173700813, 40.691767230069587 ] ], [ [ -73.999100573361659, 40.691536973922339 ], [ -73.998938289854465, 40.691495144449568 ] ], [ [ -73.998938289854465, 40.691495144449568 ], [ -73.998452718508233, 40.691369983497303 ] ] ] } },
{ "type": "Feature", "properties": { "corridor_id": 89, "rank": 276, "name": "CANAL STREET (Staten Island)", "street": "CANAL STREET", "borough": "Staten Island", "n_blocks": 18, "n_routes": 5, "routes": [ "S52", "S74", "S78", "S84", "SIM30" ], "peak_period": "md", "hourly_pax": [ 10, 24, 39, 14, 23, 14, 447, 473, 441, 590, 974, 752, 653, 1195, 394, 815, 561, 676, 524, 249, 198, 253, 110, 147 ], "miles": 0.43, "pax_delay_min": 12008, "veh_delay_min": 1299, "riders_20d": 29140, "bus_trips_20d": 3152, "rider_block_crossings": 524527, "bus_block_crossings": 56731, "min_per_bus": 0.36, "sec_per_rider": 22, "riders_per_delayed_bus_min": 9.2, "riders_per_bus": 9.2, "pax_delay_per_mile": 27619, "veh_delay_per_mile": 2987, "buses_per_day": 158, "riders_per_day": 1457, "share_of_city_delay_pct": 0.06, "cum_share_pct": 99.34, "pax_am": 1951, "veh_am": 288, "riders_am": 86891, "share_am_pct": 20.4, "pax_md": 3969, "veh_md": 244, "riders_md": 151187, "share_md_pct": 41.4, "pax_pm": 2576, "veh_pm": 249, "riders_pm": 100344, "share_pm_pct": 26.9, "pax_ev": 957, "veh_ev": 182, "riders_ev": 42880, "share_ev_pct": 10.0, "pax_night": 125, "veh_night": 22, "riders_night": 36147, "share_night_pct": 1.3 }, "geometry": { "type": "MultiLineString", "coordinates": [ [ [ -74.07827401409665, 40.626193022838656 ], [ -74.078895356659416, 40.62552420492414 ] ], [ [ -74.079702024891432, 40.624989955094236 ], [ -74.079718025627699, 40.624760392679207 ] ], [ [ -74.077900824984852, 40.626930685589024 ], [ -74.077895998380953, 40.626856017093012 ] ], [ [ -74.07797923667043, 40.626882823387469 ], [ -74.078241274387437, 40.626554900831763 ] ], [ [ -74.079702024891432, 40.624989955094236 ], [ -74.079886921985903, 40.624804193756603 ] ], [ [ -74.078486602584121, 40.626291799908785 ], [ -74.079098728318272, 40.625636161643193 ] ], [ [ -74.078241274387437, 40.626554900831763 ], [ -74.078486602584121, 40.626291799908785 ] ], [ [ -74.079512237288611, 40.624850406806189 ], [ -74.079603175165929, 40.624744515138225 ] ], [ [ -74.079603175165929, 40.624744515138225 ], [ -74.079597626799909, 40.624601362444643 ] ], [ [ -74.077895998380953, 40.626856017093012 ], [ -74.078033494874703, 40.62647534593642 ] ], [ [ -74.079886921985903, 40.624804193756603 ], [ -74.080323369491907, 40.624366768933768 ] ], [ [ -74.078033494874703, 40.62647534593642 ], [ -74.07827401409665, 40.626193022838656 ] ], [ [ -74.077900824984852, 40.626930685589024 ], [ -74.07797923667043, 40.626882823387469 ] ], [ [ -74.079718025627699, 40.624760392679207 ], [ -74.079597626799909, 40.624601362444643 ] ], [ [ -74.079098728318272, 40.625636161643193 ], [ -74.079349275657705, 40.625367796237597 ] ], [ [ -74.079349275657705, 40.625367796237597 ], [ -74.079702024891432, 40.624989955094236 ] ], [ [ -74.078895356659416, 40.62552420492414 ], [ -74.079156134451239, 40.625239367734345 ] ], [ [ -74.079156134451239, 40.625239367734345 ], [ -74.079512237288611, 40.624850406806189 ] ] ] } },
{ "type": "Feature", "properties": { "corridor_id": 90, "rank": 277, "name": "BERGEN AVENUE (Bronx)", "street": "BERGEN AVENUE", "borough": "Bronx", "n_blocks": 3, "n_routes": 3, "routes": [ "BX2", "BX4", "M125" ], "peak_period": "md", "hourly_pax": [ 36, 14, 53, 20, 27, 180, 87, 171, 159, 204, 836, 746, 529, 596, 754, 832, 745, 725, 377, 301, 283, 161, 164, 125 ], "miles": 0.19, "pax_delay_min": 11949, "veh_delay_min": 10194, "riders_20d": 4864, "bus_trips_20d": 3846, "rider_block_crossings": 14591, "bus_block_crossings": 11538, "min_per_bus": 2.68, "sec_per_rider": 161, "riders_per_delayed_bus_min": 1.2, "riders_per_bus": 1.3, "pax_delay_per_mile": 62649, "veh_delay_per_mile": 53448, "buses_per_day": 192, "riders_per_day": 243, "share_of_city_delay_pct": 0.06, "cum_share_pct": 99.4, "pax_am": 620, "veh_am": 1703, "riders_am": 1010, "share_am_pct": 7.6, "pax_md": 3461, "veh_md": 1713, "riders_md": 4896, "share_md_pct": 42.6, "pax_pm": 2679, "veh_pm": 1517, "riders_pm": 3685, "share_pm_pct": 33.0, "pax_ev": 1035, "veh_ev": 1629, "riders_ev": 1231, "share_ev_pct": 12.7, "pax_night": 330, "veh_night": 518, "riders_night": 451, "share_night_pct": 4.1 }, "geometry": { "type": "MultiLineString", "coordinates": [ [ [ -73.917736506088829, 40.815157404388366 ], [ -73.916771177503833, 40.815698828954297 ] ], [ [ -73.918578376263369, 40.814701701879684 ], [ -73.917736506088829, 40.815157404388366 ] ], [ [ -73.916771177503833, 40.815698828954297 ], [ -73.915723434306813, 40.816407389485406 ] ] ] } },
{ "type": "Feature", "properties": { "corridor_id": 497, "rank": 278, "name": "METROPOLITAN AVENUE (Queens)", "street": "METROPOLITAN AVENUE", "borough": "Queens", "n_blocks": 9, "n_routes": 1, "routes": [ "Q54" ], "peak_period": "md", "hourly_pax": [ 307, 238, 119, 69, 148, 234, 0, 0, 66, 14, 468, 285, 536, 627, 557, 182, 66, 244, 477, 288, 269, 220, 114, 168 ], "miles": 0.2, "pax_delay_min": 11653, "veh_delay_min": 1080, "riders_20d": 44519, "bus_trips_20d": 4113, "rider_block_crossings": 400673, "bus_block_crossings": 37020, "min_per_bus": 0.26, "sec_per_rider": 16, "riders_per_delayed_bus_min": 10.8, "riders_per_bus": 10.8, "pax_delay_per_mile": 57498, "veh_delay_per_mile": 5328, "buses_per_day": 206, "riders_per_day": 2226, "share_of_city_delay_pct": 0.058, "cum_share_pct": 99.46, "pax_am": 80, "veh_am": 12, "riders_am": 77632, "share_am_pct": 1.4, "pax_md": 2472, "veh_md": 232, "riders_md": 83344, "share_md_pct": 43.4, "pax_pm": 969, "veh_pm": 49, "riders_pm": 73979, "share_pm_pct": 17.0, "pax_ev": 1060, "veh_ev": 167, "riders_ev": 41633, "share_ev_pct": 18.6, "pax_night": 1114, "veh_night": 170, "riders_night": 28674, "share_night_pct": 19.6 }, "geometry": { "type": "MultiLineString", "coordinates": [ [ [ -73.84229992581011, 40.709021710254042 ], [ -73.841708545184076, 40.708926389626178 ] ], [ [ -73.841541434190859, 40.708899369679237 ], [ -73.840908186258417, 40.708804725637414 ] ], [ [ -73.840908186258417, 40.708804725637414 ], [ -73.8407312535047, 40.708777700270609 ] ], [ [ -73.8407312535047, 40.708777700270609 ], [ -73.839817810519506, 40.708638176656088 ] ], [ [ -73.839409619425737, 40.708568863011308 ], [ -73.839128279314778, 40.708527100483103 ] ], [ [ -73.841708545184076, 40.708926389626178 ], [ -73.84162833157356, 40.708913456290489 ] ], [ [ -73.84162833157356, 40.708913456290489 ], [ -73.841541434190859, 40.708899369679237 ] ], [ [ -73.842910684065387, 40.7091105497353 ], [ -73.84229992581011, 40.709021710254042 ] ], [ [ -73.839817810519506, 40.708638176656088 ], [ -73.839409619425737, 40.708568863011308 ] ] ] } },
{ "type": "Feature", "properties": { "corridor_id": 52, "rank": 279, "name": "VAN CORTLANDT AVENUE WEST (Bronx)", "street": "VAN CORTLANDT AVENUE WEST", "borough": "Bronx", "n_blocks": 7, "n_routes": 2, "routes": [ "BX10", "BXM3" ], "peak_period": "md", "hourly_pax": [ 158, 68, 106, 81, 75, 204, 342, 111, 375, 1064, 420, 682, 627, 729, 664, 564, 527, 544, 497, 147, 253, 273, 179, 186 ], "miles": 0.23, "pax_delay_min": 11536, "veh_delay_min": 1685, "riders_20d": 34143, "bus_trips_20d": 4457, "rider_block_crossings": 239001, "bus_block_crossings": 31201, "min_per_bus": 0.37, "sec_per_rider": 22, "riders_per_delayed_bus_min": 6.8, "riders_per_bus": 7.7, "pax_delay_per_mile": 50306, "veh_delay_per_mile": 7349, "buses_per_day": 223, "riders_per_day": 1707, "share_of_city_delay_pct": 0.058, "cum_share_pct": 99.52, "pax_am": 1892, "veh_am": 215, "riders_am": 53749, "share_am_pct": 21.3, "pax_md": 3121, "veh_md": 329, "riders_md": 50477, "share_md_pct": 35.2, "pax_pm": 2132, "veh_pm": 286, "riders_pm": 56070, "share_pm_pct": 24.0, "pax_ev": 1038, "veh_ev": 241, "riders_ev": 22531, "share_ev_pct": 11.7, "pax_night": 692, "veh_night": 150, "riders_night": 10047, "share_night_pct": 7.8 }, "geometry": { "type": "MultiLineString", "coordinates": [ [ [ -73.893574544315086, 40.884291690443185 ], [ -73.893977973903858, 40.884779312146016 ] ], [ [ -73.894383904979023, 40.885373811216276 ], [ -73.894679489597848, 40.885519941484709 ] ], [ [ -73.892747363375975, 40.882702321324331 ], [ -73.893128444255396, 40.8836792322262 ] ], [ [ -73.89329328996952, 40.884047883485614 ], [ -73.893574544315086, 40.884291690443185 ] ], [ [ -73.893128444255396, 40.8836792322262 ], [ -73.89329328996952, 40.884047883485614 ] ], [ [ -73.893977973903858, 40.884779312146016 ], [ -73.893996450942225, 40.885004479806611 ] ], [ [ -73.893996450942225, 40.885004479806611 ], [ -73.894383904979023, 40.885373811216276 ] ] ] } },
{ "type": "Feature", "properties": { "corridor_id": 119, "rank": 280, "name": "EAST MOSHOLU PARKWAY SOUTH (Bronx)", "street": "EAST MOSHOLU PARKWAY SOUTH", "borough": "Bronx", "n_blocks": 8, "n_routes": 5, "routes": [ "BX1", "BX2", "BX28", "BX38", "BXM4" ], "peak_period": "pm", "hourly_pax": [ 228, 28, 24, 1, 0, 22, 673, 627, 437, 372, 862, 952, 720, 845, 1060, 1164, 1290, 1406, 1411, 545, 349, 322, 326, 445 ], "miles": 0.21, "pax_delay_min": 11231, "veh_delay_min": 2452, "riders_20d": 21900, "bus_trips_20d": 4042, "rider_block_crossings": 175199, "bus_block_crossings": 32338, "min_per_bus": 0.46, "sec_per_rider": 27, "riders_per_delayed_bus_min": 4.6, "riders_per_bus": 5.4, "pax_delay_per_mile": 54306, "veh_delay_per_mile": 11858, "buses_per_day": 202, "riders_per_day": 1095, "share_of_city_delay_pct": 0.056, "cum_share_pct": 99.57, "pax_am": 2109, "veh_am": 304, "riders_am": 26701, "share_am_pct": 14.9, "pax_md": 4439, "veh_md": 666, "riders_md": 45650, "share_md_pct": 31.5, "pax_pm": 5271, "veh_pm": 817, "riders_pm": 40816, "share_pm_pct": 37.4, "pax_ev": 1988, "veh_ev": 452, "riders_ev": 24691, "share_ev_pct": 14.1, "pax_night": 304, "veh_night": 89, "riders_night": 4403, "share_night_pct": 2.2 }, "geometry": { "type": "MultiLineString", "coordinates": [ [ [ -73.885410680688011, 40.879101683507898 ], [ -73.885054194396915, 40.878892875107191 ] ], [ [ -73.884891715094483, 40.878606015757242 ], [ -73.884770748303652, 40.878395027989001 ] ], [ [ -73.885276831967929, 40.87921766858571 ], [ -73.885054194396915, 40.878892875107191 ] ], [ [ -73.885054194396915, 40.878892875107191 ], [ -73.884891715094483, 40.878606015757242 ] ], [ [ -73.884610898055797, 40.878121162569457 ], [ -73.883929070422752, 40.876952965951219 ] ], [ [ -73.883929070422752, 40.876952965951219 ], [ -73.883838595664514, 40.876797950144585 ] ], [ [ -73.884770748303652, 40.878395027989001 ], [ -73.884697887819613, 40.878270199600621 ] ], [ [ -73.884697887819613, 40.878270199600621 ], [ -73.884610898055797, 40.878121162569457 ] ] ] } },
{ "type": "Feature", "properties": { "corridor_id": 130, "rank": 281, "name": "LAMBERTS LANE (Staten Island)", "street": "LAMBERTS LANE", "borough": "Staten Island", "n_blocks": 7, "n_routes": 3, "routes": [ "SIM4", "SIM4C", "SIM8" ], "peak_period": "pm", "hourly_pax": [ 0, 0, 0, 0, 74, 228, 165, 337, 282, 211, 118, 119, 110, 111, 915, 1219, 961, 1699, 1739, 936, 438, 357, 131, 0 ], "miles": 0.24, "pax_delay_min": 10580, "veh_delay_min": 541, "riders_20d": 13533, "bus_trips_20d": 677, "rider_block_crossings": 94730, "bus_block_crossings": 4739, "min_per_bus": 0.95, "sec_per_rider": 57, "riders_per_delayed_bus_min": 19.6, "riders_per_bus": 20.0, "pax_delay_per_mile": 44940, "veh_delay_per_mile": 2296, "buses_per_day": 34, "riders_per_day": 677, "share_of_city_delay_pct": 0.053, "cum_share_pct": 99.63, "pax_am": 995, "veh_am": 55, "riders_am": 14187, "share_am_pct": 9.8, "pax_md": 1373, "veh_md": 55, "riders_md": 14178, "share_md_pct": 13.5, "pax_pm": 5618, "veh_pm": 245, "riders_pm": 44502, "share_pm_pct": 55.3, "pax_ev": 1862, "veh_ev": 153, "riders_ev": 11104, "share_ev_pct": 18.3, "pax_night": 302, "veh_night": 11, "riders_night": 3640, "share_night_pct": 3.0 }, "geometry": { "type": "MultiLineString", "coordinates": [ [ [ -74.160166295787931, 40.615259119407703 ], [ -74.160553911222834, 40.615465716761413 ] ], [ [ -74.159880228176291, 40.615161441351241 ], [ -74.160166295787931, 40.615259119407703 ] ], [ [ -74.158362201380598, 40.614868030632117 ], [ -74.15940796864318, 40.615072558083014 ] ], [ [ -74.15940796864318, 40.615072558083014 ], [ -74.159880228176291, 40.615161441351241 ] ], [ [ -74.160553911222834, 40.615465716761413 ], [ -74.161705257337204, 40.615673654202737 ] ], [ [ -74.157661193836617, 40.614391560806588 ], [ -74.158043942145184, 40.61468284949347 ] ], [ [ -74.158043942145184, 40.61468284949347 ], [ -74.158362201380598, 40.614868030632117 ] ] ] } },
{ "type": "Feature", "properties": { "corridor_id": 252, "rank": 282, "name": "MOTHER GASTON BOULEVARD (Brooklyn)", "street": "MOTHER GASTON BOULEVARD", "borough": "Brooklyn", "n_blocks": 3, "n_routes": 1, "routes": [ "B14" ], "peak_period": "md", "hourly_pax": [ 81, 60, 29, 8, 13, 48, 235, 242, 455, 491, 665, 872, 882, 1116, 727, 477, 491, 486, 561, 133, 188, 111, 155, 154 ], "miles": 0.21, "pax_delay_min": 9525, "veh_delay_min": 1105, "riders_20d": 24625, "bus_trips_20d": 2842, "rider_block_crossings": 73874, "bus_block_crossings": 8527, "min_per_bus": 0.39, "sec_per_rider": 24, "riders_per_delayed_bus_min": 8.6, "riders_per_bus": 8.7, "pax_delay_per_mile": 45877, "veh_delay_per_mile": 5323, "buses_per_day": 142, "riders_per_day": 1231, "share_of_city_delay_pct": 0.048, "cum_share_pct": 99.68, "pax_am": 1423, "veh_am": 164, "riders_am": 10963, "share_am_pct": 16.4, "pax_md": 4262, "veh_md": 291, "riders_md": 25106, "share_md_pct": 49.1, "pax_pm": 2014, "veh_pm": 244, "riders_pm": 14457, "share_pm_pct": 23.2, "pax_ev": 741, "veh_ev": 190, "riders_ev": 4981, "share_ev_pct": 8.5, "pax_night": 238, "veh_night": 60, "riders_night": 2414, "share_night_pct": 2.7 }, "geometry": { "type": "MultiLineString", "coordinates": [ [ [ -73.90699844134474, 40.670241173530719 ], [ -73.906673897667304, 40.66897455068937 ] ], [ [ -73.906355067205112, 40.6677078959749 ], [ -73.906248841703942, 40.667286898964491 ] ], [ [ -73.906673897667304, 40.66897455068937 ], [ -73.906355067205112, 40.6677078959749 ] ] ] } },
{ "type": "Feature", "properties": { "corridor_id": 557, "rank": 283, "name": "142 STREET (Queens)", "street": "142 STREET", "borough": "Queens", "n_blocks": 2, "n_routes": 1, "routes": [ "Q40" ], "peak_period": "pm", "hourly_pax": [ 74, 46, 2, 0, 30, 88, 203, 1158, 916, 519, 215, 159, 384, 288, 153, 572, 632, 794, 932, 371, 191, 190, 78, 152 ], "miles": 0.21, "pax_delay_min": 9523, "veh_delay_min": 572, "riders_20d": 46913, "bus_trips_20d": 3050, "rider_block_crossings": 93827, "bus_block_crossings": 6100, "min_per_bus": 0.19, "sec_per_rider": 11, "riders_per_delayed_bus_min": 16.6, "riders_per_bus": 15.4, "pax_delay_per_mile": 45666, "veh_delay_per_mile": 2745, "buses_per_day": 152, "riders_per_day": 2346, "share_of_city_delay_pct": 0.048, "cum_share_pct": 99.72, "pax_am": 2796, "veh_am": 158, "riders_am": 20073, "share_am_pct": 34.3, "pax_md": 1198, "veh_md": 65, "riders_md": 17611, "share_md_pct": 14.7, "pax_pm": 2930, "veh_pm": 152, "riders_pm": 22270, "share_pm_pct": 36.0, "pax_ev": 983, "veh_ev": 82, "riders_ev": 9835, "share_ev_pct": 12.1, "pax_night": 241, "veh_night": 20, "riders_night": 4973, "share_night_pct": 3.0 }, "geometry": { "type": "MultiLineString", "coordinates": [ [ [ -73.804836152519499, 40.688224974433552 ], [ -73.803201831382466, 40.686795305783626 ] ], [ [ -73.803201831382466, 40.686795305783626 ], [ -73.802226324322802, 40.685947571397584 ] ] ] } },
{ "type": "Feature", "properties": { "corridor_id": 350, "rank": 284, "name": "BROADWAY (Manhattan)", "street": "BROADWAY", "borough": "Manhattan", "n_blocks": 25, "n_routes": 4, "routes": [ "BX20", "BX7", "BXM1", "M100" ], "peak_period": "md", "hourly_pax": [ 473, 38, 318, 0, 2, 11, 67, 450, 1139, 575, 3238, 2223, 3189, 2005, 2879, 4915, 2850, 1592, 1667, 610, 499, 281, 94, 112 ], "miles": 0.73, "pax_delay_min": 8944, "veh_delay_min": 2404, "riders_20d": 38138, "bus_trips_20d": 3928, "rider_block_crossings": 953459, "bus_block_crossings": 98193, "min_per_bus": 0.4, "sec_per_rider": 24, "riders_per_delayed_bus_min": 3.7, "riders_per_bus": 9.7, "pax_delay_per_mile": 12202, "veh_delay_per_mile": 3280, "buses_per_day": 196, "riders_per_day": 1907, "share_of_city_delay_pct": 0.045, "cum_share_pct": 99.77, "pax_am": 2231, "veh_am": 588, "riders_am": 160704, "share_am_pct": 7.6, "pax_md": 13533, "veh_md": 952, "riders_md": 216666, "share_md_pct": 46.3, "pax_pm": 11023, "veh_pm": 1268, "riders_pm": 187390, "share_pm_pct": 37.7, "pax_ev": 1596, "veh_ev": 488, "riders_ev": 96811, "share_ev_pct": 5.5, "pax_night": 842, "veh_night": 142, "riders_night": 26122, "share_night_pct": 2.9 }, "geometry": { "type": "MultiLineString", "coordinates": [ [ [ -73.915870208915322, 40.86984569758355 ], [ -73.915147910161195, 40.870415927656282 ] ], [ [ -73.918560366517511, 40.868481851353444 ], [ -73.917593635261554, 40.868885286706082 ] ], [ [ -73.917313961782213, 40.869024291872805 ], [ -73.916733199137752, 40.869319352880801 ] ], [ [ -73.91627557560831, 40.869582666830624 ], [ -73.915870208915322, 40.86984569758355 ] ], [ [ -73.917593635261554, 40.868885286706082 ], [ -73.917313961782213, 40.869024291872805 ] ], [ [ -73.916733199137752, 40.869319352880801 ], [ -73.91627557560831, 40.869582666830624 ] ], [ [ -73.91464473334004, 40.870791024328213 ], [ -73.914617270614201, 40.870865293584977 ] ], [ [ -73.915147910161195, 40.870415927656282 ], [ -73.91464473334004, 40.870791024328213 ] ], [ [ -73.91464473334004, 40.870791024328213 ], [ -73.914552941045656, 40.870810228548969 ] ], [ [ -73.914552941045656, 40.870810228548969 ], [ -73.914009854757623, 40.87116059335937 ] ], [ [ -73.914617270614201, 40.870865293584977 ], [ -73.914147291896285, 40.871216537614792 ] ], [ [ -73.914147291896285, 40.871216537614792 ], [ -73.913936820111488, 40.871371521989211 ] ], [ [ -73.914009854757623, 40.87116059335937 ], [ -73.913813712707295, 40.871300547807188 ] ], [ [ -73.913813712707295, 40.871300547807188 ], [ -73.913268155942134, 40.871723723467433 ] ], [ [ -73.913936820111488, 40.871371521989211 ], [ -73.913423849296265, 40.871794378493099 ] ], [ [ -73.913268155942134, 40.871723723467433 ], [ -73.912594201872423, 40.872254282688225 ] ], [ [ -73.913423849296265, 40.871794378493099 ], [ -73.912801872058338, 40.872347349360645 ] ], [ [ -73.912594201872423, 40.872254282688225 ], [ -73.911984472479517, 40.872807015208863 ] ], [ [ -73.911984472479517, 40.872807015208863 ], [ -73.911762965128176, 40.873052524203999 ] ], [ [ -73.912801872058338, 40.872347349360645 ], [ -73.912217979572958, 40.872826532735736 ] ], [ [ -73.912217979572958, 40.872826532735736 ], [ -73.91185176969141, 40.873127064413637 ] ], [ [ -73.91185176969141, 40.873127064413637 ], [ -73.911761658375127, 40.873201014464669 ] ], [ [ -73.911761658375127, 40.873201014464669 ], [ -73.911638157826772, 40.873302364966648 ] ], [ [ -73.911762965128176, 40.873052524203999 ], [ -73.91166305016398, 40.873126755698884 ] ], [ [ -73.91166305016398, 40.873126755698884 ], [ -73.911515161287937, 40.87323662971135 ] ] ] } },
{ "type": "Feature", "properties": { "corridor_id": 257, "rank": 285, "name": "SUTTER AVENUE (Brooklyn)", "street": "SUTTER AVENUE", "borough": "Brooklyn", "n_blocks": 7, "n_routes": 1, "routes": [ "B14" ], "peak_period": "md", "hourly_pax": [ 40, 35, 14, 9, 7, 18, 89, 225, 492, 544, 558, 997, 870, 513, 575, 350, 541, 450, 255, 136, 71, 69, 71, 84 ], "miles": 0.2, "pax_delay_min": 8549, "veh_delay_min": 865, "riders_20d": 22612, "bus_trips_20d": 2567, "rider_block_crossings": 158282, "bus_block_crossings": 17970, "min_per_bus": 0.34, "sec_per_rider": 20, "riders_per_delayed_bus_min": 9.9, "riders_per_bus": 8.8, "pax_delay_per_mile": 43026, "veh_delay_per_mile": 4356, "buses_per_day": 128, "riders_per_day": 1131, "share_of_city_delay_pct": 0.043, "cum_share_pct": 99.81, "pax_am": 1350, "veh_am": 139, "riders_am": 26162, "share_am_pct": 19.3, "pax_md": 3514, "veh_md": 236, "riders_md": 50876, "share_md_pct": 50.1, "pax_pm": 1597, "veh_pm": 183, "riders_pm": 30453, "share_pm_pct": 22.8, "pax_ev": 430, "veh_ev": 101, "riders_ev": 10807, "share_ev_pct": 6.1, "pax_night": 123, "veh_night": 30, "riders_night": 5206, "share_night_pct": 1.7 }, "geometry": { "type": "MultiLineString", "coordinates": [ [ [ -73.903573234530114, 40.668127534925802 ], [ -73.902626403666289, 40.668273431018257 ] ], [ [ -73.900783161032905, 40.668546594745713 ], [ -73.899862880983022, 40.668683999744026 ] ], [ [ -73.901667679009435, 40.668413528649062 ], [ -73.900783161032905, 40.668546594745713 ] ], [ [ -73.90189201974529, 40.668379671752191 ], [ -73.90172163171313, 40.668405386528022 ] ], [ [ -73.90172163171313, 40.668405386528022 ], [ -73.901667679009435, 40.668413528649062 ] ], [ [ -73.902626403666289, 40.668273431018257 ], [ -73.902149956481608, 40.668342357677929 ] ], [ [ -73.902149956481608, 40.668342357677929 ], [ -73.90189201974529, 40.668379671752191 ] ] ] } },
{ "type": "Feature", "properties": { "corridor_id": 126, "rank": 286, "name": "TARGEE STREET (Staten Island)", "street": "TARGEE STREET", "borough": "Staten Island", "n_blocks": 6, "n_routes": 2, "routes": [ "S74", "S76" ], "peak_period": "pm", "hourly_pax": [ 23, 47, 32, 37, 41, 59, 138, 92, 661, 372, 490, 344, 604, 567, 313, 387, 578, 789, 570, 155, 116, 113, 72, 57 ], "miles": 0.31, "pax_delay_min": 7619, "veh_delay_min": 870, "riders_20d": 13709, "bus_trips_20d": 1792, "rider_block_crossings": 82253, "bus_block_crossings": 10749, "min_per_bus": 0.49, "sec_per_rider": 29, "riders_per_delayed_bus_min": 8.8, "riders_per_bus": 7.7, "pax_delay_per_mile": 24673, "veh_delay_per_mile": 2817, "buses_per_day": 90, "riders_per_day": 685, "share_of_city_delay_pct": 0.038, "cum_share_pct": 99.85, "pax_am": 1264, "veh_am": 167, "riders_am": 18802, "share_am_pct": 19.0, "pax_md": 2318, "veh_md": 206, "riders_md": 18451, "share_md_pct": 34.8, "pax_pm": 2324, "veh_pm": 198, "riders_pm": 18524, "share_pm_pct": 34.9, "pax_ev": 513, "veh_ev": 110, "riders_ev": 5114, "share_ev_pct": 7.7, "pax_night": 239, "veh_night": 52, "riders_night": 4933, "share_night_pct": 3.6 }, "geometry": { "type": "MultiLineString", "coordinates": [ [ [ -74.084786087834004, 40.616622650247443 ], [ -74.084723983850679, 40.615837774892107 ] ], [ [ -74.08464853194593, 40.615205025514705 ], [ -74.084783051424949, 40.614027260651575 ] ], [ [ -74.084783051424949, 40.614027260651575 ], [ -74.084852146999467, 40.613406065846682 ] ], [ [ -74.084723983850679, 40.615837774892107 ], [ -74.08464853194593, 40.615205025514705 ] ], [ [ -74.084858180676335, 40.617399431970519 ], [ -74.084786087834004, 40.616622650247443 ] ], [ [ -74.084852146999467, 40.613406065846682 ], [ -74.08490176605369, 40.612938444840069 ] ] ] } },
{ "type": "Feature", "properties": { "corridor_id": 198, "rank": 287, "name": "18 AVENUE (Brooklyn)", "street": "18 AVENUE", "borough": "Brooklyn", "n_blocks": 3, "n_routes": 1, "routes": [ "B8" ], "peak_period": "pm", "hourly_pax": [ 94, 44, 9, 10, 15, 63, 125, 297, 485, 265, 455, 389, 331, 407, 492, 484, 582, 571, 511, 192, 130, 102, 74, 69 ], "miles": 0.26, "pax_delay_min": 7215, "veh_delay_min": 1585, "riders_20d": 18501, "bus_trips_20d": 3657, "rider_block_crossings": 55503, "bus_block_crossings": 10972, "min_per_bus": 0.44, "sec_per_rider": 26, "riders_per_delayed_bus_min": 4.6, "riders_per_bus": 5.1, "pax_delay_per_mile": 28052, "veh_delay_per_mile": 6164, "buses_per_day": 183, "riders_per_day": 925, "share_of_city_delay_pct": 0.036, "cum_share_pct": 99.88, "pax_am": 1172, "veh_am": 241, "riders_am": 13491, "share_am_pct": 18.9, "pax_md": 2073, "veh_md": 372, "riders_md": 11267, "share_md_pct": 33.5, "pax_pm": 2148, "veh_pm": 346, "riders_pm": 12198, "share_pm_pct": 34.7, "pax_ev": 567, "veh_ev": 171, "riders_ev": 3807, "share_ev_pct": 9.2, "pax_night": 235, "veh_night": 74, "riders_night": 2551, "share_night_pct": 3.8 }, "geometry": { "type": "MultiLineString", "coordinates": [ [ [ -74.006171882818109, 40.603886557462658 ], [ -74.007459440359114, 40.602645634580824 ] ], [ [ -74.004424772245699, 40.605568596982202 ], [ -74.004934488959663, 40.605074405889567 ] ], [ [ -74.004934488959663, 40.605074405889567 ], [ -74.006171882818109, 40.603886557462658 ] ] ] } },
{ "type": "Feature", "properties": { "corridor_id": 342, "rank": 288, "name": "2 AVENUE (Manhattan)", "street": "2 AVENUE", "borough": "Manhattan", "n_blocks": 4, "n_routes": 2, "routes": [ "M15", "M15+" ], "peak_period": "am", "hourly_pax": [ 0, 9, 0, 1, 0, 199, 597, 495, 782, 3516, 1473, 0, 435, 15, 0, 0, 0, 247, 331, 0, 31, 4, 8, 0 ], "miles": 0.2, "pax_delay_min": 6787, "veh_delay_min": 32, "riders_20d": 61244, "bus_trips_20d": 5703, "rider_block_crossings": 244977, "bus_block_crossings": 22811, "min_per_bus": 0.0, "sec_per_rider": 0, "riders_per_delayed_bus_min": 211.5, "riders_per_bus": 10.7, "pax_delay_per_mile": 34381, "veh_delay_per_mile": 163, "buses_per_day": 285, "riders_per_day": 3062, "share_of_city_delay_pct": 0.034, "cum_share_pct": 99.92, "pax_am": 5389, "veh_am": 216, "riders_am": 66490, "share_am_pct": 66.2, "pax_md": 1923, "veh_md": 155, "riders_md": 49438, "share_md_pct": 23.6, "pax_pm": 578, "veh_pm": 7, "riders_pm": 47999, "share_pm_pct": 7.1, "pax_ev": 43, "veh_ev": 7, "riders_ev": 18581, "share_ev_pct": 0.5, "pax_night": 209, "veh_night": 11, "riders_night": 8729, "share_night_pct": 2.6 }, "geometry": { "type": "MultiLineString", "coordinates": [ [ [ -73.967152543261335, 40.756765194742293 ], [ -73.966701874983627, 40.757380803927518 ] ], [ [ -73.967606208366448, 40.756131988569066 ], [ -73.967152543261335, 40.756765194742293 ] ], [ [ -73.968520470259861, 40.754876190365323 ], [ -73.96806568863245, 40.755504203587549 ] ], [ [ -73.96806568863245, 40.755504203587549 ], [ -73.967606208366448, 40.756131988569066 ] ] ] } },
{ "type": "Feature", "properties": { "corridor_id": 271, "rank": 289, "name": "NOSTRAND AVENUE (Brooklyn)", "street": "NOSTRAND AVENUE", "borough": "Brooklyn", "n_blocks": 8, "n_routes": 4, "routes": [ "B100", "B44", "B44+", "BM4" ], "peak_period": "am", "hourly_pax": [ 93, 45, 48, 41, 178, 399, 1177, 2117, 2162, 927, 448, 42, 238, 223, 237, 322, 1064, 1546, 1375, 639, 222, 496, 244, 208 ], "miles": 0.53, "pax_delay_min": 5386, "veh_delay_min": 642, "riders_20d": 82514, "bus_trips_20d": 9020, "rider_block_crossings": 660111, "bus_block_crossings": 72163, "min_per_bus": 0.07, "sec_per_rider": 4, "riders_per_delayed_bus_min": 8.4, "riders_per_bus": 9.1, "pax_delay_per_mile": 10105, "veh_delay_per_mile": 1204, "buses_per_day": 451, "riders_per_day": 4126, "share_of_city_delay_pct": 0.027, "cum_share_pct": 99.95, "pax_am": 6384, "veh_am": 671, "riders_am": 114655, "share_am_pct": 44.1, "pax_md": 1188, "veh_md": 105, "riders_md": 172644, "share_md_pct": 8.2, "pax_pm": 4307, "veh_pm": 325, "riders_pm": 143017, "share_pm_pct": 29.7, "pax_ev": 1809, "veh_ev": 249, "riders_ev": 81850, "share_ev_pct": 12.5, "pax_night": 803, "veh_night": 87, "riders_night": 19347, "share_night_pct": 5.5 }, "geometry": { "type": "MultiLineString", "coordinates": [ [ [ -73.944055609460307, 40.611992841781415 ], [ -73.943800320431379, 40.61071911865988 ] ], [ [ -73.943640911788208, 40.609858817381387 ], [ -73.943546980610023, 40.609346554575545 ] ], [ [ -73.943699540238867, 40.61021403909848 ], [ -73.943640911788208, 40.609858817381387 ] ], [ [ -73.944174506841023, 40.612722537926764 ], [ -73.944055609460307, 40.611992841781415 ] ], [ [ -73.943546980610023, 40.609346554575545 ], [ -73.943278347566789, 40.607796219600147 ] ], [ [ -73.943800320431379, 40.61071911865988 ], [ -73.943699540238867, 40.61021403909848 ] ], [ [ -73.943278347566789, 40.607796219600147 ], [ -73.943208339411328, 40.607392165603606 ] ], [ [ -73.943208339411328, 40.607392165603606 ], [ -73.942768962708129, 40.605072446760403 ] ] ] } },
{ "type": "Feature", "properties": { "corridor_id": 496, "rank": 290, "name": "QUEENS BOULEVARD (Queens)", "street": "QUEENS BOULEVARD", "borough": "Queens", "n_blocks": 5, "n_routes": 13, "routes": [ "Q32", "Q60", "QM1", "QM31", "QM35", "QM36", "QM4", "QM44", "QM5", "QM6", "QM63", "QM64", "QM68" ], "peak_period": "pm", "hourly_pax": [ 0, 0, 34, 16, 13, 212, 142, 185, 252, 278, 601, 314, 558, 334, 454, 1155, 1054, 539, 325, 14, 146, 171, 0, 0 ], "miles": 0.25, "pax_delay_min": 4096, "veh_delay_min": 161, "riders_20d": 53240, "bus_trips_20d": 5566, "rider_block_crossings": 266202, "bus_block_crossings": 27830, "min_per_bus": 0.03, "sec_per_rider": 2, "riders_per_delayed_bus_min": 25.4, "riders_per_bus": 9.6, "pax_delay_per_mile": 16633, "veh_delay_per_mile": 654, "buses_per_day": 278, "riders_per_day": 2662, "share_of_city_delay_pct": 0.021, "cum_share_pct": 99.97, "pax_am": 858, "veh_am": 181, "riders_am": 9418, "share_am_pct": 12.6, "pax_md": 2261, "veh_md": 222, "riders_md": 37793, "share_md_pct": 33.3, "pax_pm": 3073, "veh_pm": 115, "riders_pm": 112739, "share_pm_pct": 45.2, "pax_ev": 331, "veh_ev": 31, "riders_ev": 46693, "share_ev_pct": 4.9, "pax_night": 276, "veh_night": 26, "riders_night": 12977, "share_night_pct": 4.1 }, "geometry": { "type": "MultiLineString", "coordinates": [ [ [ -73.928006958559195, 40.74407576444402 ], [ -73.927080074789771, 40.743958331793934 ] ], [ [ -73.931716211033006, 40.744509402065908 ], [ -73.930786572227859, 40.744396259675042 ] ], [ [ -73.930786572227859, 40.744396259675042 ], [ -73.929859276201483, 40.744288933918249 ] ], [ [ -73.928933448491662, 40.744178088316886 ], [ -73.928006958559195, 40.74407576444402 ] ], [ [ -73.929859276201483, 40.744288933918249 ], [ -73.928933448491662, 40.744178088316886 ] ] ] } },
{ "type": "Feature", "properties": { "corridor_id": 50, "rank": 291, "name": "MIDLAND AVENUE (Staten Island)", "street": "MIDLAND AVENUE", "borough": "Staten Island", "n_blocks": 10, "n_routes": 5, "routes": [ "S51", "S81", "SIM5", "SIM6", "SIM9" ], "peak_period": "am", "hourly_pax": [ 26, 22, 20, 11, 27, 28, 284, 77, 281, 266, 175, 158, 162, 183, 205, 197, 268, 257, 169, 177, 131, 57, 49, 42 ], "miles": 0.35, "pax_delay_min": 3734, "veh_delay_min": 1340, "riders_20d": 24511, "bus_trips_20d": 3658, "rider_block_crossings": 245113, "bus_block_crossings": 36580, "min_per_bus": 0.34, "sec_per_rider": 21, "riders_per_delayed_bus_min": 2.8, "riders_per_bus": 6.7, "pax_delay_per_mile": 10784, "veh_delay_per_mile": 3870, "buses_per_day": 183, "riders_per_day": 1226, "share_of_city_delay_pct": 0.019, "cum_share_pct": 99.99, "pax_am": 907, "veh_am": 234, "riders_am": 94631, "share_am_pct": 27.7, "pax_md": 884, "veh_md": 241, "riders_md": 13848, "share_md_pct": 27.0, "pax_pm": 891, "veh_pm": 258, "riders_pm": 83219, "share_pm_pct": 27.2, "pax_ev": 456, "veh_ev": 232, "riders_ev": 13797, "share_ev_pct": 13.9, "pax_night": 134, "veh_night": 85, "riders_night": 25010, "share_night_pct": 4.1 }, "geometry": { "type": "MultiLineString", "coordinates": [ [ [ -74.094843343890005, 40.573259121389114 ], [ -74.094114312146132, 40.572861112277188 ] ], [ [ -74.092645063653009, 40.572062541718566 ], [ -74.091911780823594, 40.571662477978506 ] ], [ [ -74.090352138575241, 40.57082122001664 ], [ -74.09027760308733, 40.570781016149517 ] ], [ [ -74.09027760308733, 40.570781016149517 ], [ -74.090216040080705, 40.57074498952344 ] ], [ [ -74.091911780823594, 40.571662477978506 ], [ -74.091174493689437, 40.571264781496545 ] ], [ [ -74.094114312146132, 40.572861112277188 ], [ -74.093741914921338, 40.572656781590041 ] ], [ [ -74.093377273630225, 40.572456703054264 ], [ -74.092645063653009, 40.572062541718566 ] ], [ [ -74.093741914921338, 40.572656781590041 ], [ -74.093377273630225, 40.572456703054264 ] ], [ [ -74.091174493689437, 40.571264781496545 ], [ -74.090352138575241, 40.57082122001664 ] ], [ [ -74.09557440455167, 40.573657961619773 ], [ -74.094843343890005, 40.573259121389114 ] ] ] } },
{ "type": "Feature", "properties": { "corridor_id": 275, "rank": 292, "name": "ATLANTIC AVENUE (Brooklyn)", "street": "ATLANTIC AVENUE", "borough": "Brooklyn", "n_blocks": 2, "n_routes": 2, "routes": [ "B63", "B65" ], "peak_period": "md", "hourly_pax": [ 32, 19, 6, 9, 15, 0, 0, 3, 239, 156, 447, 195, 222, 394, 374, 71, 106, 140, 199, 47, 161, 31, 27, 15 ], "miles": 0.26, "pax_delay_min": 2256, "veh_delay_min": 489, "riders_20d": 14285, "bus_trips_20d": 4495, "rider_block_crossings": 28570, "bus_block_crossings": 8989, "min_per_bus": 0.11, "sec_per_rider": 6, "riders_per_delayed_bus_min": 4.6, "riders_per_bus": 3.2, "pax_delay_per_mile": 8817, "veh_delay_per_mile": 1912, "buses_per_day": 225, "riders_per_day": 714, "share_of_city_delay_pct": 0.011, "cum_share_pct": 100.0, "pax_am": 397, "veh_am": 156, "riders_am": 2028, "share_am_pct": 13.7, "pax_md": 1632, "veh_md": 168, "riders_md": 8659, "share_md_pct": 56.1, "pax_pm": 515, "veh_pm": 120, "riders_pm": 7648, "share_pm_pct": 17.7, "pax_ev": 281, "veh_ev": 150, "riders_ev": 2229, "share_ev_pct": 9.7, "pax_night": 81, "veh_night": 44, "riders_night": 1006, "share_night_pct": 2.8 }, "geometry": { "type": "MultiLineString", "coordinates": [ [ [ -73.987000015366732, 40.687773115912208 ], [ -73.984829307748811, 40.686929284958921 ] ], [ [ -73.989168127854015, 40.688615554603729 ], [ -73.987000015366732, 40.687773115912208 ] ] ] } },
{ "type": "Feature", "properties": { "corridor_id": 468, "rank": 293, "name": "ROCKAWAY BOULEVARD (Queens)", "street": "ROCKAWAY BOULEVARD", "borough": "Queens", "n_blocks": 5, "n_routes": 2, "routes": [ "Q07", "Q08" ], "peak_period": "md", "hourly_pax": [ 0, 0, 4, 0, 0, 6, 42, 50, 101, 73, 90, 105, 179, 75, 79, 74, 113, 91, 79, 10, 2, 11, 7, 2 ], "miles": 0.24, "pax_delay_min": 514, "veh_delay_min": 15, "riders_20d": 13151, "bus_trips_20d": 2847, "rider_block_crossings": 65754, "bus_block_crossings": 14234, "min_per_bus": 0.01, "sec_per_rider": 0, "riders_per_delayed_bus_min": 34.2, "riders_per_bus": 4.6, "pax_delay_per_mile": 2106, "veh_delay_per_mile": 62, "buses_per_day": 142, "riders_per_day": 658, "share_of_city_delay_pct": 0.003, "cum_share_pct": 100.0, "pax_am": 265, "veh_am": 45, "riders_am": 13300, "share_am_pct": 22.2, "pax_md": 527, "veh_md": 65, "riders_md": 19182, "share_md_pct": 44.3, "pax_pm": 357, "veh_pm": 85, "riders_pm": 11894, "share_pm_pct": 30.0, "pax_ev": 32, "veh_ev": 13, "riders_ev": 4236, "share_ev_pct": 2.7, "pax_night": 10, "veh_night": 3, "riders_night": 3203, "share_night_pct": 0.8 }, "geometry": { "type": "MultiLineString", "coordinates": [ [ [ -73.853055236743486, 40.682799788268191 ], [ -73.851978645940193, 40.682564211170522 ] ], [ [ -73.851978645940193, 40.682564211170522 ], [ -73.85087162779314, 40.682259542443958 ] ], [ [ -73.855276440744973, 40.683371782922947 ], [ -73.855040139721524, 40.683312060805882 ] ], [ [ -73.854148238892364, 40.683085480320521 ], [ -73.853055236743486, 40.682799788268191 ] ], [ [ -73.855040139721524, 40.683312060805882 ], [ -73.854148238892364, 40.683085480320521 ] ] ] } },
{ "type": "Feature", "properties": { "corridor_id": 82, "rank": 294, "name": "MIDLAND AVENUE (Staten Island)", "street": "MIDLAND AVENUE", "borough": "Staten Island", "n_blocks": 6, "n_routes": 1, "routes": [ "S51" ], "peak_period": "pm", "hourly_pax": [ 5, 2, 3, 1, 3, 9, 2, 4, 8, 8, 9, 6, 3, 7, 6, 25, 24, 34, 37, 22, 9, 6, 7, 8 ], "miles": 0.32, "pax_delay_min": 212, "veh_delay_min": 379, "riders_20d": 544, "bus_trips_20d": 1011, "rider_block_crossings": 3264, "bus_block_crossings": 6064, "min_per_bus": 0.36, "sec_per_rider": 22, "riders_per_delayed_bus_min": 0.6, "riders_per_bus": 0.5, "pax_delay_per_mile": 659, "veh_delay_per_mile": 1179, "buses_per_day": 51, "riders_per_day": 27, "share_of_city_delay_pct": 0.001, "cum_share_pct": 100.0, "pax_am": 22, "veh_am": 78, "riders_am": 252, "share_am_pct": 8.7, "pax_md": 31, "veh_md": 60, "riders_md": 491, "share_md_pct": 12.6, "pax_pm": 121, "veh_pm": 112, "riders_pm": 1031, "share_pm_pct": 48.4, "pax_ev": 53, "veh_ev": 97, "riders_ev": 445, "share_ev_pct": 21.2, "pax_night": 22, "veh_night": 42, "riders_night": 462, "share_night_pct": 9.0 }, "geometry": { "type": "MultiLineString", "coordinates": [ [ [ -74.107268483288834, 40.580575312058485 ], [ -74.105820682815335, 40.579803878270098 ] ], [ [ -74.104266784134822, 40.578971440212698 ], [ -74.103564552431422, 40.578597601095971 ] ], [ [ -74.105820682815335, 40.579803878270098 ], [ -74.104476353680113, 40.579084815030278 ] ], [ [ -74.103564552431422, 40.578597601095971 ], [ -74.102316073054524, 40.577944245700984 ] ], [ [ -74.104476353680113, 40.579084815030278 ], [ -74.104266784134822, 40.578971440212698 ] ], [ [ -74.107334029168612, 40.580610611336539 ], [ -74.107268483288834, 40.580575312058485 ] ] ] } },
{ "type": "Feature", "properties": { "corridor_id": 329, "rank": 295, "name": "WEST 42 STREET (Manhattan)", "street": "WEST 42 STREET", "borough": "Manhattan", "n_blocks": 9, "n_routes": 2, "routes": [ "M42", "M50" ], "peak_period": "md", "hourly_pax": [ 64, 157, 23, 32, 30, 91, 176, 248, 616, 780, 1146, 779, 610, 169, 73, 69, 12, 0, 132, 55, 61, 10, 22, 4 ], "miles": 0.37, "pax_delay_min": 0, "veh_delay_min": 0, "riders_20d": 25877, "bus_trips_20d": 3200, "rider_block_crossings": 232889, "bus_block_crossings": 28798, "min_per_bus": 0.01, "sec_per_rider": 0, "riders_per_delayed_bus_min": null, "riders_per_bus": 8.1, "pax_delay_per_mile": 0, "veh_delay_per_mile": 0, "buses_per_day": 160, "riders_per_day": 1294, "share_of_city_delay_pct": 0.0, "cum_share_pct": 100.0, "pax_am": 1822, "veh_am": 237, "riders_am": 40208, "share_am_pct": 34.0, "pax_md": 2778, "veh_md": 316, "riders_md": 53811, "share_md_pct": 51.8, "pax_pm": 212, "veh_pm": 17, "riders_pm": 47084, "share_pm_pct": 4.0, "pax_ev": 152, "veh_ev": 53, "riders_ev": 20022, "share_ev_pct": 2.8, "pax_night": 397, "veh_night": 134, "riders_night": 9777, "share_night_pct": 7.4 }, "geometry": { "type": "MultiLineString", "coordinates": [ [ [ -74.001035875393498, 40.761968351794707 ], [ -74.001150541922996, 40.762025811901822 ] ], [ [ -74.001150541922996, 40.762025811901822 ], [ -74.001277963423462, 40.762075824716824 ] ], [ [ -73.998312112601369, 40.760822069033331 ], [ -73.999393209885568, 40.761277075914641 ] ], [ [ -73.999393209885568, 40.761277075914641 ], [ -74.001035875393498, 40.761968351794707 ] ], [ [ -73.995073736142047, 40.759458113437567 ], [ -73.995474502174034, 40.759626856429172 ] ], [ [ -73.995474502174034, 40.759626856429172 ], [ -73.996037305868839, 40.759863925326222 ] ], [ [ -73.996037305868839, 40.759863925326222 ], [ -73.996211724607377, 40.759937393714559 ] ], [ [ -73.996211724607377, 40.759937393714559 ], [ -73.996486428033577, 40.760053101058205 ] ], [ [ -73.996486428033577, 40.760053101058205 ], [ -73.998312112601369, 40.760822069033331 ] ] ] } },
{ "type": "Feature", "properties": { "corridor_id": 228, "rank": 296, "name": "FLUSHING AVENUE (Brooklyn)", "street": "FLUSHING AVENUE", "borough": "Brooklyn", "n_blocks": 7, "n_routes": 1, "routes": [ "B57" ], "peak_period": "pm", "hourly_pax": [ 52, 0, 0, 0, 49, 45, 150, 0, 21, 4, 15, 0, 55, 0, 0, 166, 0, 8, 109, 13, 49, 6, 79, 60 ], "miles": 0.2, "pax_delay_min": 0, "veh_delay_min": 0, "riders_20d": 22941, "bus_trips_20d": 2113, "rider_block_crossings": 160584, "bus_block_crossings": 14791, "min_per_bus": -0.16, "sec_per_rider": -10, "riders_per_delayed_bus_min": null, "riders_per_bus": 10.9, "pax_delay_per_mile": 0, "veh_delay_per_mile": 0, "buses_per_day": 106, "riders_per_day": 1147, "share_of_city_delay_pct": 0.0, "cum_share_pct": 100.0, "pax_am": 174, "veh_am": 11, "riders_am": 29091, "share_am_pct": 19.8, "pax_md": 70, "veh_md": 4, "riders_md": 36065, "share_md_pct": 8.0, "pax_pm": 282, "veh_pm": 17, "riders_pm": 36485, "share_pm_pct": 32.1, "pax_ev": 206, "veh_ev": 25, "riders_ev": 12877, "share_ev_pct": 23.4, "pax_night": 147, "veh_night": 16, "riders_night": 6235, "share_night_pct": 16.7 }, "geometry": { "type": "MultiLineString", "coordinates": [ [ [ -73.950090947312532, 40.699790592753132 ], [ -73.949793793369409, 40.699823314533802 ] ], [ [ -73.949793793369409, 40.699823314533802 ], [ -73.94813225387017, 40.700006272940435 ] ], [ [ -73.951011120904226, 40.699677985480768 ], [ -73.950090947312532, 40.699790592753132 ] ], [ [ -73.951951622983884, 40.699562881052714 ], [ -73.951772578943093, 40.699584794498094 ] ], [ [ -73.951772578943093, 40.699584794498094 ], [ -73.951537389192524, 40.699613578892631 ] ], [ [ -73.951537389192524, 40.699613578892631 ], [ -73.951372786326516, 40.699633724127317 ] ], [ [ -73.951372786326516, 40.699633724127317 ], [ -73.951011120904226, 40.699677985480768 ] ] ] } },
{ "type": "Feature", "properties": { "corridor_id": 458, "rank": 297, "name": "21 STREET (Queens)", "street": "21 STREET", "borough": "Queens", "n_blocks": 6, "n_routes": 2, "routes": [ "Q100", "Q69" ], "peak_period": "md", "hourly_pax": [ 32, 11, 24, 25, 20, 23, 51, 6, 107, 35, 74, 67, 50, 44, 29, 20, 16, 52, 38, 84, 36, 48, 44, 39 ], "miles": 0.21, "pax_delay_min": 0, "veh_delay_min": 0, "riders_20d": 44681, "bus_trips_20d": 6719, "rider_block_crossings": 268085, "bus_block_crossings": 40314, "min_per_bus": -0.14, "sec_per_rider": -9, "riders_per_delayed_bus_min": null, "riders_per_bus": 6.6, "pax_delay_per_mile": 0, "veh_delay_per_mile": 0, "buses_per_day": 336, "riders_per_day": 2234, "share_of_city_delay_pct": 0.0, "cum_share_pct": 100.0, "pax_am": 199, "veh_am": 28, "riders_am": 53513, "share_am_pct": 20.4, "pax_md": 264, "veh_md": 36, "riders_md": 57295, "share_md_pct": 27.1, "pax_pm": 126, "veh_pm": 15, "riders_pm": 61166, "share_pm_pct": 12.9, "pax_ev": 251, "veh_ev": 49, "riders_ev": 23415, "share_ev_pct": 25.8, "pax_night": 134, "veh_night": 28, "riders_night": 8891, "share_night_pct": 13.8 }, "geometry": { "type": "MultiLineString", "coordinates": [ [ [ -73.91964820674346, 40.778148194513562 ], [ -73.920263001895748, 40.777646140801409 ] ], [ [ -73.918628782896363, 40.778981461586859 ], [ -73.918990510846413, 40.778686000099285 ] ], [ [ -73.918255714889455, 40.779286188899938 ], [ -73.918628782896363, 40.778981461586859 ] ], [ [ -73.9174754731756, 40.779926178093504 ], [ -73.917940083289793, 40.779545092999911 ] ], [ [ -73.918990510846413, 40.778686000099285 ], [ -73.91964820674346, 40.778148194513562 ] ], [ [ -73.917940083289793, 40.779545092999911 ], [ -73.918255714889455, 40.779286188899938 ] ] ] } },
{ "type": "Feature", "properties": { "corridor_id": 250, "rank": 298, "name": "REMSEN AVENUE (Brooklyn)", "street": "REMSEN AVENUE", "borough": "Brooklyn", "n_blocks": 8, "n_routes": 2, "routes": [ "B17", "B8" ], "peak_period": "pm", "hourly_pax": [ 165, 46, 37, 3, 4, 14, 61, 59, 667, 1219, 549, 587, 733, 888, 846, 1902, 1747, 2348, 1879, 483, 632, 820, 236, 154 ], "miles": 0.59, "pax_delay_min": 0, "veh_delay_min": 0, "riders_20d": 67545, "bus_trips_20d": 6080, "rider_block_crossings": 540358, "bus_block_crossings": 48640, "min_per_bus": 0.04, "sec_per_rider": 2, "riders_per_delayed_bus_min": null, "riders_per_bus": 11.1, "pax_delay_per_mile": 0, "veh_delay_per_mile": 0, "buses_per_day": 304, "riders_per_day": 3377, "share_of_city_delay_pct": 0.0, "cum_share_pct": 100.0, "pax_am": 2006, "veh_am": 111, "riders_am": 110830, "share_am_pct": 12.5, "pax_md": 3602, "veh_md": 315, "riders_md": 108894, "share_md_pct": 22.4, "pax_pm": 7876, "veh_pm": 469, "riders_pm": 119497, "share_pm_pct": 49.0, "pax_ev": 2325, "veh_ev": 367, "riders_ev": 53483, "share_ev_pct": 14.5, "pax_night": 268, "veh_night": 51, "riders_night": 21872, "share_night_pct": 1.7 }, "geometry": { "type": "MultiLineString", "coordinates": [ [ [ -73.916319942162687, 40.649527627073979 ], [ -73.916013641055599, 40.649252457645133 ] ], [ [ -73.914732168331625, 40.648101174868636 ], [ -73.913726706745308, 40.647196286491294 ] ], [ [ -73.919962039649562, 40.652788274178931 ], [ -73.918137335127952, 40.651157440428577 ] ], [ [ -73.913726706745308, 40.647196286491294 ], [ -73.91293613944876, 40.646490861402775 ] ], [ [ -73.916013641055599, 40.649252457645133 ], [ -73.914732168331625, 40.648101174868636 ] ], [ [ -73.918137335127952, 40.651157440428577 ], [ -73.916319942162687, 40.649527627073979 ] ], [ [ -73.91293613944876, 40.646490861402775 ], [ -73.912878637006045, 40.646439014971051 ] ], [ [ -73.912878637006045, 40.646439014971051 ], [ -73.912685311486342, 40.646264701283847 ] ] ] } }
]
}
